2026-07-25 10:13:06 [info]: ✅ MongoDB connected: ac-b1tchrv-shard-00-02.r0rqul9.mongodb.net
2026-07-25 10:13:06 [info]: 🚀 Server running on http://localhost:3001
2026-07-25 10:13:06 [info]: 📁 Uploads: C:\Users\yasht\OneDrive\Desktop\oneTap\server\uploads
2026-07-25 10:13:07 [http]: ::1 - - [25/Jul/2026:04:43:07 +0000] "POST /api/autofill/suggest HTTP/1.1" 200 - "-" "Mozilla/5.0 (Windows NT 10.0; Win64; x64) AppleWebKit/537.36 (KHTML, like Gecko) Chrome/150.0.0.0 Safari/537.36"
2026-07-25 10:13:08 [http]: ::1 - - [25/Jul/2026:04:43:08 +0000] "POST /api/autofill/suggest HTTP/1.1" 200 - "-" "Mozilla/5.0 (Windows NT 10.0; Win64; x64) AppleWebKit/537.36 (KHTML, like Gecko) Chrome/150.0.0.0 Safari/537.36"
2026-07-25 10:13:29 [info]: ✅ MongoDB connected: ac-b1tchrv-shard-00-01.r0rqul9.mongodb.net
2026-07-25 10:13:29 [info]: 🚀 Server running on http://localhost:3001
2026-07-25 10:13:29 [info]: 📁 Uploads: C:\Users\yasht\OneDrive\Desktop\oneTap\server\uploads
2026-07-25 10:13:47 [info]: ✅ MongoDB connected: ac-b1tchrv-shard-00-00.r0rqul9.mongodb.net
2026-07-25 10:13:47 [info]: 🚀 Server running on http://localhost:3001
2026-07-25 10:13:47 [info]: 📁 Uploads: C:\Users\yasht\OneDrive\Desktop\oneTap\server\uploads
2026-07-25 10:14:00 [info]: ✅ MongoDB connected: ac-b1tchrv-shard-00-01.r0rqul9.mongodb.net
2026-07-25 10:14:00 [info]: 🚀 Server running on http://localhost:3001
2026-07-25 10:14:00 [info]: 📁 Uploads: C:\Users\yasht\OneDrive\Desktop\oneTap\server\uploads
2026-07-25 10:14:43 [http]: ::1 - - [25/Jul/2026:04:44:43 +0000] "POST /api/autofill/suggest HTTP/1.1" 200 - "-" "Mozilla/5.0 (Windows NT 10.0; Win64; x64) AppleWebKit/537.36 (KHTML, like Gecko) Chrome/150.0.0.0 Safari/537.36"
2026-07-25 10:14:45 [http]: ::1 - - [25/Jul/2026:04:44:45 +0000] "POST /api/autofill/suggest HTTP/1.1" 200 - "-" "Mozilla/5.0 (Windows NT 10.0; Win64; x64) AppleWebKit/537.36 (KHTML, like Gecko) Chrome/150.0.0.0 Safari/537.36"
2026-07-25 10:14:48 [http]: ::1 - - [25/Jul/2026:04:44:48 +0000] "POST /api/autofill/suggest HTTP/1.1" 200 - "-" "Mozilla/5.0 (Windows NT 10.0; Win64; x64) AppleWebKit/537.36 (KHTML, like Gecko) Chrome/150.0.0.0 Safari/537.36"
2026-07-25 10:14:51 [http]: ::1 - - [25/Jul/2026:04:44:51 +0000] "POST /api/autofill/suggest HTTP/1.1" 200 - "-" "Mozilla/5.0 (Windows NT 10.0; Win64; x64) AppleWebKit/537.36 (KHTML, like Gecko) Chrome/150.0.0.0 Safari/537.36"
2026-07-25 10:14:54 [http]: ::1 - - [25/Jul/2026:04:44:54 +0000] "POST /api/autofill/suggest HTTP/1.1" 200 - "-" "Mozilla/5.0 (Windows NT 10.0; Win64; x64) AppleWebKit/537.36 (KHTML, like Gecko) Chrome/150.0.0.0 Safari/537.36"
2026-07-25 10:15:40 [http]: ::1 - - [25/Jul/2026:04:45:40 +0000] "POST /api/autofill/suggest HTTP/1.1" 200 - "-" "Mozilla/5.0 (Windows NT 10.0; Win64; x64) AppleWebKit/537.36 (KHTML, like Gecko) Chrome/150.0.0.0 Safari/537.36"
2026-07-25 10:15:42 [http]: ::1 - - [25/Jul/2026:04:45:42 +0000] "POST /api/autofill/suggest HTTP/1.1" 200 - "-" "Mozilla/5.0 (Windows NT 10.0; Win64; x64) AppleWebKit/537.36 (KHTML, like Gecko) Chrome/150.0.0.0 Safari/537.36"
2026-07-25 10:15:45 [http]: ::1 - - [25/Jul/2026:04:45:45 +0000] "POST /api/autofill/suggest HTTP/1.1" 200 - "-" "Mozilla/5.0 (Windows NT 10.0; Win64; x64) AppleWebKit/537.36 (KHTML, like Gecko) Chrome/150.0.0.0 Safari/537.36"
2026-07-25 10:15:51 [http]: ::1 - - [25/Jul/2026:04:45:51 +0000] "GET /api/profile HTTP/1.1" 304 - "-" "Mozilla/5.0 (Windows NT 10.0; Win64; x64) AppleWebKit/537.36 (KHTML, like Gecko) Chrome/150.0.0.0 Safari/537.36"
2026-07-25 10:15:53 [http]: ::1 - - [25/Jul/2026:04:45:53 +0000] "GET /api/profile HTTP/1.1" 304 - "-" "Mozilla/5.0 (Windows NT 10.0; Win64; x64) AppleWebKit/537.36 (KHTML, like Gecko) Chrome/150.0.0.0 Safari/537.36"
2026-07-25 10:16:02 [http]: ::1 - - [25/Jul/2026:04:46:02 +0000] "POST /api/autofill/suggest HTTP/1.1" 200 - "-" "Mozilla/5.0 (Windows NT 10.0; Win64; x64) AppleWebKit/537.36 (KHTML, like Gecko) Chrome/150.0.0.0 Safari/537.36"
2026-07-25 10:16:05 [http]: ::1 - - [25/Jul/2026:04:46:05 +0000] "POST /api/autofill/suggest HTTP/1.1" 200 - "-" "Mozilla/5.0 (Windows NT 10.0; Win64; x64) AppleWebKit/537.36 (KHTML, like Gecko) Chrome/150.0.0.0 Safari/537.36"
2026-07-25 10:16:35 [http]: ::1 - - [25/Jul/2026:04:46:35 +0000] "GET /api/profile HTTP/1.1" 304 - "-" "Mozilla/5.0 (Windows NT 10.0; Win64; x64) AppleWebKit/537.36 (KHTML, like Gecko) Chrome/150.0.0.0 Safari/537.36"
2026-07-25 10:16:35 [http]: ::1 - - [25/Jul/2026:04:46:35 +0000] "GET /api/documents HTTP/1.1" 304 - "-" "Mozilla/5.0 (Windows NT 10.0; Win64; x64) AppleWebKit/537.36 (KHTML, like Gecko) Chrome/150.0.0.0 Safari/537.36"
2026-07-25 10:16:42 [http]: ::1 - - [25/Jul/2026:04:46:42 +0000] "GET /api/profile HTTP/1.1" 304 - "-" "Mozilla/5.0 (Windows NT 10.0; Win64; x64) AppleWebKit/537.36 (KHTML, like Gecko) Chrome/150.0.0.0 Safari/537.36"
2026-07-25 10:16:44 [http]: ::1 - - [25/Jul/2026:04:46:44 +0000] "GET /api/profile HTTP/1.1" 304 - "-" "Mozilla/5.0 (Windows NT 10.0; Win64; x64) AppleWebKit/537.36 (KHTML, like Gecko) Chrome/150.0.0.0 Safari/537.36"
2026-07-25 10:16:44 [http]: ::1 - - [25/Jul/2026:04:46:44 +0000] "GET /api/documents HTTP/1.1" 304 - "-" "Mozilla/5.0 (Windows NT 10.0; Win64; x64) AppleWebKit/537.36 (KHTML, like Gecko) Chrome/150.0.0.0 Safari/537.36"
2026-07-25 10:17:22 [http]: ::1 - - [25/Jul/2026:04:47:22 +0000] "PATCH /api/profile HTTP/1.1" 200 - "-" "Mozilla/5.0 (Windows NT 10.0; Win64; x64) AppleWebKit/537.36 (KHTML, like Gecko) Chrome/150.0.0.0 Safari/537.36"
2026-07-25 10:18:01 [http]: ::1 - - [25/Jul/2026:04:48:01 +0000] "PATCH /api/profile HTTP/1.1" 200 - "-" "Mozilla/5.0 (Windows NT 10.0; Win64; x64) AppleWebKit/537.36 (KHTML, like Gecko) Chrome/150.0.0.0 Safari/537.36"
2026-07-25 10:18:16 [http]: ::1 - - [25/Jul/2026:04:48:16 +0000] "POST /api/autofill/suggest HTTP/1.1" 200 306 "-" "Mozilla/5.0 (Windows NT 10.0; Win64; x64) AppleWebKit/537.36 (KHTML, like Gecko) Chrome/150.0.0.0 Safari/537.36"
2026-07-25 10:18:22 [debug]: Falling back to AI for field: 02frstname
2026-07-25 10:18:22 [debug]: Falling back to AI for field: 03middle_i
2026-07-25 10:18:22 [debug]: Falling back to AI for field: 20homephon
2026-07-25 10:18:22 [debug]: Falling back to AI for field: 21workphon
2026-07-25 10:18:22 [debug]: Falling back to AI for field: 23cellphon
2026-07-25 10:18:22 [debug]: Falling back to AI for field: 25web_site
2026-07-25 10:18:22 [debug]: Falling back to AI for field: 30_user_id
2026-07-25 10:18:22 [debug]: Falling back to AI for field: 31password
2026-07-25 10:18:22 [debug]: Falling back to AI for field: 40cc__type
2026-07-25 10:18:22 [debug]: Falling back to AI for field: 41ccnumber
2026-07-25 10:18:22 [debug]: Falling back to AI for field: 43cvc
2026-07-25 10:18:22 [debug]: Falling back to AI for field: 42ccexp_mm
2026-07-25 10:18:22 [debug]: Falling back to AI for field: 43ccexp_yy
2026-07-25 10:18:22 [debug]: Falling back to AI for field: 44cc_uname
2026-07-25 10:18:22 [debug]: Falling back to AI for field: 45ccissuer
2026-07-25 10:18:22 [debug]: Falling back to AI for field: 46cccstsvc
2026-07-25 10:18:22 [debug]: Falling back to AI for field: 61pers_ssn
2026-07-25 10:18:22 [debug]: Falling back to AI for field: 62driv_lic
2026-07-25 10:18:22 [debug]: Falling back to AI for field: 66mm
2026-07-25 10:18:22 [debug]: Falling back to AI for field: 67dd
2026-07-25 10:18:22 [debug]: Falling back to AI for field: 68yy
2026-07-25 10:18:22 [debug]: Falling back to AI for field: 66pers_age
2026-07-25 10:18:22 [debug]: Falling back to AI for field: 67birth_pl
2026-07-25 10:18:22 [debug]: Falling back to AI for field: 68__income
2026-07-25 10:18:22 [debug]: Falling back to AI for field: 71__custom
2026-07-25 10:18:22 [debug]: Falling back to AI for field: 72__commnt
2026-07-25 10:18:25 [debug]: AI classified field "31password" → null (0.9)
2026-07-25 10:18:25 [debug]: AI classified field "66pers_age" → dateOfBirth (0.85)
2026-07-25 10:18:25 [debug]: AI classified field "21workphon" → phone (0.85)
2026-07-25 10:18:25 [debug]: AI classified field "03middle_i" → middleName (0.95)
2026-07-25 10:18:25 [debug]: AI classified field "02frstname" → firstName (0.85)
2026-07-25 10:18:25 [debug]: AI classified field "40cc__type" → null (0.9)
2026-07-25 10:18:25 [debug]: AI classified field "41ccnumber" → null (0.95)
2026-07-25 10:18:25 [debug]: AI classified field "30_user_id" → null (0.3)
2026-07-25 10:18:25 [debug]: AI classified field "25web_site" → website (0.9)
2026-07-25 10:18:26 [debug]: AI classified field "44cc_uname" → null (0.9)
2026-07-25 10:18:26 [debug]: AI classified field "43ccexp_yy" → null (0)
2026-07-25 10:18:26 [debug]: AI classified field "23cellphon" → null (0)
2026-07-25 10:18:26 [debug]: AI classified field "71__custom" → null (0)
2026-07-25 10:18:26 [debug]: AI classified field "67dd" → null (0)
2026-07-25 10:18:26 [debug]: AI classified field "72__commnt" → null (1)
2026-07-25 10:18:26 [debug]: AI classified field "42ccexp_mm" → null (0)
2026-07-25 10:18:26 [debug]: AI classified field "61pers_ssn" → null (0.9)
2026-07-25 10:18:27 [debug]: AI classified field "62driv_lic" → drivingLicenseNumber (0.9)
2026-07-25 10:18:27 [debug]: AI classified field "66mm" → null (0.2)
2026-07-25 10:18:28 [debug]: AI classified field "43cvc" → null (0.1)
2026-07-25 10:18:29 [debug]: AI classified field "68yy" → null (0)
2026-07-25 10:18:31 [debug]: Falling back to AI for field: 02frstname
2026-07-25 10:18:31 [debug]: AI cache hit for fingerprint: 56246d92...
2026-07-25 10:18:31 [debug]: Falling back to AI for field: 03middle_i
2026-07-25 10:18:31 [debug]: AI cache hit for fingerprint: 26dcf910...
2026-07-25 10:18:31 [debug]: Falling back to AI for field: 20homephon
2026-07-25 10:18:31 [debug]: Falling back to AI for field: 21workphon
2026-07-25 10:18:31 [debug]: AI cache hit for fingerprint: 60b49ef4...
2026-07-25 10:18:31 [debug]: Falling back to AI for field: 23cellphon
2026-07-25 10:18:31 [debug]: AI cache hit for fingerprint: c9f5239e...
2026-07-25 10:18:31 [debug]: Falling back to AI for field: 25web_site
2026-07-25 10:18:31 [debug]: AI cache hit for fingerprint: 5a236c47...
2026-07-25 10:18:31 [debug]: Falling back to AI for field: 30_user_id
2026-07-25 10:18:31 [debug]: AI cache hit for fingerprint: a57d31e0...
2026-07-25 10:18:31 [debug]: Falling back to AI for field: 31password
2026-07-25 10:18:31 [debug]: AI cache hit for fingerprint: 2f4883a1...
2026-07-25 10:18:31 [debug]: Falling back to AI for field: 40cc__type
2026-07-25 10:18:31 [debug]: AI cache hit for fingerprint: 5ad7f448...
2026-07-25 10:18:31 [debug]: Falling back to AI for field: 41ccnumber
2026-07-25 10:18:31 [debug]: AI cache hit for fingerprint: 33ddf084...
2026-07-25 10:18:31 [debug]: Falling back to AI for field: 43cvc
2026-07-25 10:18:31 [debug]: AI cache hit for fingerprint: d23e4f3b...
2026-07-25 10:18:31 [debug]: Falling back to AI for field: 42ccexp_mm
2026-07-25 10:18:31 [debug]: AI cache hit for fingerprint: e15a2f5a...
2026-07-25 10:18:31 [debug]: Falling back to AI for field: 43ccexp_yy
2026-07-25 10:18:31 [debug]: AI cache hit for fingerprint: f0e53588...
2026-07-25 10:18:31 [debug]: Falling back to AI for field: 44cc_uname
2026-07-25 10:18:31 [debug]: AI cache hit for fingerprint: 5ffbf97d...
2026-07-25 10:18:31 [debug]: Falling back to AI for field: 45ccissuer
2026-07-25 10:18:31 [debug]: Falling back to AI for field: 46cccstsvc
2026-07-25 10:18:31 [debug]: Falling back to AI for field: 61pers_ssn
2026-07-25 10:18:31 [debug]: AI cache hit for fingerprint: a4c891e1...
2026-07-25 10:18:31 [debug]: Falling back to AI for field: 62driv_lic
2026-07-25 10:18:31 [debug]: AI cache hit for fingerprint: be671abf...
2026-07-25 10:18:31 [debug]: Falling back to AI for field: 66mm
2026-07-25 10:18:31 [debug]: AI cache hit for fingerprint: f38b3e7d...
2026-07-25 10:18:31 [debug]: Falling back to AI for field: 67dd
2026-07-25 10:18:31 [debug]: AI cache hit for fingerprint: ea2d8917...
2026-07-25 10:18:31 [debug]: Falling back to AI for field: 68yy
2026-07-25 10:18:31 [debug]: AI cache hit for fingerprint: bea669ad...
2026-07-25 10:18:31 [debug]: Falling back to AI for field: 66pers_age
2026-07-25 10:18:31 [debug]: AI cache hit for fingerprint: 378a63c3...
2026-07-25 10:18:31 [debug]: Falling back to AI for field: 67birth_pl
2026-07-25 10:18:31 [debug]: Falling back to AI for field: 68__income
2026-07-25 10:18:31 [debug]: Falling back to AI for field: 71__custom
2026-07-25 10:18:31 [debug]: AI cache hit for fingerprint: 836eddc5...
2026-07-25 10:18:31 [debug]: Falling back to AI for field: 72__commnt
2026-07-25 10:18:31 [debug]: AI cache hit for fingerprint: 37ba5a97...
2026-07-25 10:18:33 [debug]: AI classified field "20homephon" → phone (0.85)
2026-07-25 10:18:33 [debug]: AI classified field "67birth_pl" → null (0)
2026-07-25 10:18:33 [debug]: AI classified field "45ccissuer" → null (0.1)
2026-07-25 10:18:35 [debug]: AI classified field "46cccstsvc" → null (0.1)
2026-07-25 10:18:35 [debug]: AI classified field "68__income" → null (0)
2026-07-25 10:18:35 [http]: ::1 - - [25/Jul/2026:04:48:35 +0000] "POST /api/autofill/suggest HTTP/1.1" 200 - "-" "Mozilla/5.0 (Windows NT 10.0; Win64; x64) AppleWebKit/537.36 (KHTML, like Gecko) Chrome/150.0.0.0 Safari/537.36"
2026-07-25 10:18:35 [debug]: AI classified field "45ccissuer" → null (0.9)
2026-07-25 10:18:36 [debug]: AI classified field "67birth_pl" → null (0)
2026-07-25 10:18:36 [debug]: AI classified field "46cccstsvc" → null (0.1)
2026-07-25 10:18:36 [debug]: AI classified field "68__income" → null (0.2)
2026-07-25 10:18:39 [debug]: AI classified field "20homephon" → phone (0.8)
2026-07-25 10:18:39 [http]: ::1 - - [25/Jul/2026:04:48:39 +0000] "POST /api/autofill/suggest HTTP/1.1" 200 - "-" "Mozilla/5.0 (Windows NT 10.0; Win64; x64) AppleWebKit/537.36 (KHTML, like Gecko) Chrome/150.0.0.0 Safari/537.36"
2026-07-25 10:19:02 [http]: ::1 - - [25/Jul/2026:04:49:02 +0000] "GET /api/profile HTTP/1.1" 200 - "-" "Mozilla/5.0 (Windows NT 10.0; Win64; x64) AppleWebKit/537.36 (KHTML, like Gecko) Chrome/150.0.0.0 Safari/537.36"
2026-07-25 10:19:37 [http]: ::1 - - [25/Jul/2026:04:49:37 +0000] "PATCH /api/profile HTTP/1.1" 200 - "-" "Mozilla/5.0 (Windows NT 10.0; Win64; x64) AppleWebKit/537.36 (KHTML, like Gecko) Chrome/150.0.0.0 Safari/537.36"
2026-07-25 10:19:44 [debug]: Falling back to AI for field: 02frstname
2026-07-25 10:19:44 [debug]: AI cache hit for fingerprint: 56246d92...
2026-07-25 10:19:44 [debug]: Falling back to AI for field: 03middle_i
2026-07-25 10:19:44 [debug]: AI cache hit for fingerprint: 26dcf910...
2026-07-25 10:19:44 [debug]: Falling back to AI for field: 20homephon
2026-07-25 10:19:44 [debug]: AI cache hit for fingerprint: 66b2414c...
2026-07-25 10:19:44 [debug]: Falling back to AI for field: 21workphon
2026-07-25 10:19:44 [debug]: AI cache hit for fingerprint: 60b49ef4...
2026-07-25 10:19:44 [debug]: Falling back to AI for field: 23cellphon
2026-07-25 10:19:44 [debug]: AI cache hit for fingerprint: c9f5239e...
2026-07-25 10:19:44 [debug]: Falling back to AI for field: 25web_site
2026-07-25 10:19:44 [debug]: AI cache hit for fingerprint: 5a236c47...
2026-07-25 10:19:44 [debug]: Falling back to AI for field: 30_user_id
2026-07-25 10:19:44 [debug]: AI cache hit for fingerprint: a57d31e0...
2026-07-25 10:19:44 [debug]: Falling back to AI for field: 31password
2026-07-25 10:19:44 [debug]: AI cache hit for fingerprint: 2f4883a1...
2026-07-25 10:19:44 [debug]: Falling back to AI for field: 40cc__type
2026-07-25 10:19:44 [debug]: AI cache hit for fingerprint: 5ad7f448...
2026-07-25 10:19:44 [debug]: Falling back to AI for field: 41ccnumber
2026-07-25 10:19:44 [debug]: AI cache hit for fingerprint: 33ddf084...
2026-07-25 10:19:44 [debug]: Falling back to AI for field: 43cvc
2026-07-25 10:19:44 [debug]: AI cache hit for fingerprint: d23e4f3b...
2026-07-25 10:19:44 [debug]: Falling back to AI for field: 42ccexp_mm
2026-07-25 10:19:44 [debug]: AI cache hit for fingerprint: e15a2f5a...
2026-07-25 10:19:44 [debug]: Falling back to AI for field: 43ccexp_yy
2026-07-25 10:19:44 [debug]: AI cache hit for fingerprint: f0e53588...
2026-07-25 10:19:44 [debug]: Falling back to AI for field: 44cc_uname
2026-07-25 10:19:44 [debug]: AI cache hit for fingerprint: 5ffbf97d...
2026-07-25 10:19:44 [debug]: Falling back to AI for field: 45ccissuer
2026-07-25 10:19:44 [debug]: AI cache hit for fingerprint: 1388c28d...
2026-07-25 10:19:44 [debug]: Falling back to AI for field: 46cccstsvc
2026-07-25 10:19:44 [debug]: AI cache hit for fingerprint: 007c67ca...
2026-07-25 10:19:44 [debug]: Falling back to AI for field: 61pers_ssn
2026-07-25 10:19:44 [debug]: AI cache hit for fingerprint: a4c891e1...
2026-07-25 10:19:44 [debug]: Falling back to AI for field: 62driv_lic
2026-07-25 10:19:44 [debug]: AI cache hit for fingerprint: be671abf...
2026-07-25 10:19:44 [debug]: Falling back to AI for field: 66mm
2026-07-25 10:19:44 [debug]: AI cache hit for fingerprint: f38b3e7d...
2026-07-25 10:19:44 [debug]: Falling back to AI for field: 67dd
2026-07-25 10:19:44 [debug]: AI cache hit for fingerprint: ea2d8917...
2026-07-25 10:19:44 [debug]: Falling back to AI for field: 68yy
2026-07-25 10:19:44 [debug]: AI cache hit for fingerprint: bea669ad...
2026-07-25 10:19:44 [debug]: Falling back to AI for field: 66pers_age
2026-07-25 10:19:44 [debug]: AI cache hit for fingerprint: 378a63c3...
2026-07-25 10:19:44 [debug]: Falling back to AI for field: 67birth_pl
2026-07-25 10:19:44 [debug]: AI cache hit for fingerprint: 06454804...
2026-07-25 10:19:44 [debug]: Falling back to AI for field: 68__income
2026-07-25 10:19:44 [debug]: AI cache hit for fingerprint: 5f77c71f...
2026-07-25 10:19:44 [debug]: Falling back to AI for field: 71__custom
2026-07-25 10:19:44 [debug]: AI cache hit for fingerprint: 836eddc5...
2026-07-25 10:19:44 [debug]: Falling back to AI for field: 72__commnt
2026-07-25 10:19:44 [debug]: AI cache hit for fingerprint: 37ba5a97...
2026-07-25 10:19:44 [http]: ::1 - - [25/Jul/2026:04:49:44 +0000] "POST /api/autofill/suggest HTTP/1.1" 200 - "-" "Mozilla/5.0 (Windows NT 10.0; Win64; x64) AppleWebKit/537.36 (KHTML, like Gecko) Chrome/150.0.0.0 Safari/537.36"
2026-07-25 10:20:20 [debug]: Falling back to AI for field: 02frstname
2026-07-25 10:20:20 [debug]: AI cache hit for fingerprint: 56246d92...
2026-07-25 10:20:20 [debug]: Falling back to AI for field: 03middle_i
2026-07-25 10:20:20 [debug]: AI cache hit for fingerprint: 26dcf910...
2026-07-25 10:20:20 [debug]: Falling back to AI for field: 20homephon
2026-07-25 10:20:20 [debug]: AI cache hit for fingerprint: 66b2414c...
2026-07-25 10:20:20 [debug]: Falling back to AI for field: 21workphon
2026-07-25 10:20:20 [debug]: AI cache hit for fingerprint: 60b49ef4...
2026-07-25 10:20:20 [debug]: Falling back to AI for field: 23cellphon
2026-07-25 10:20:20 [debug]: AI cache hit for fingerprint: c9f5239e...
2026-07-25 10:20:20 [debug]: Falling back to AI for field: 25web_site
2026-07-25 10:20:20 [debug]: AI cache hit for fingerprint: 5a236c47...
2026-07-25 10:20:20 [debug]: Falling back to AI for field: 30_user_id
2026-07-25 10:20:20 [debug]: AI cache hit for fingerprint: a57d31e0...
2026-07-25 10:20:20 [debug]: Falling back to AI for field: 31password
2026-07-25 10:20:20 [debug]: AI cache hit for fingerprint: 2f4883a1...
2026-07-25 10:20:20 [debug]: Falling back to AI for field: 40cc__type
2026-07-25 10:20:20 [debug]: AI cache hit for fingerprint: 5ad7f448...
2026-07-25 10:20:20 [debug]: Falling back to AI for field: 41ccnumber
2026-07-25 10:20:20 [debug]: AI cache hit for fingerprint: 33ddf084...
2026-07-25 10:20:20 [debug]: Falling back to AI for field: 43cvc
2026-07-25 10:20:20 [debug]: AI cache hit for fingerprint: d23e4f3b...
2026-07-25 10:20:20 [debug]: Falling back to AI for field: 42ccexp_mm
2026-07-25 10:20:20 [debug]: AI cache hit for fingerprint: e15a2f5a...
2026-07-25 10:20:20 [debug]: Falling back to AI for field: 43ccexp_yy
2026-07-25 10:20:20 [debug]: AI cache hit for fingerprint: f0e53588...
2026-07-25 10:20:20 [debug]: Falling back to AI for field: 44cc_uname
2026-07-25 10:20:20 [debug]: AI cache hit for fingerprint: 5ffbf97d...
2026-07-25 10:20:20 [debug]: Falling back to AI for field: 45ccissuer
2026-07-25 10:20:20 [debug]: AI cache hit for fingerprint: 1388c28d...
2026-07-25 10:20:20 [debug]: Falling back to AI for field: 46cccstsvc
2026-07-25 10:20:20 [debug]: AI cache hit for fingerprint: 007c67ca...
2026-07-25 10:20:20 [debug]: Falling back to AI for field: 61pers_ssn
2026-07-25 10:20:20 [debug]: AI cache hit for fingerprint: a4c891e1...
2026-07-25 10:20:20 [debug]: Falling back to AI for field: 62driv_lic
2026-07-25 10:20:20 [debug]: AI cache hit for fingerprint: be671abf...
2026-07-25 10:20:20 [debug]: Falling back to AI for field: 66mm
2026-07-25 10:20:20 [debug]: AI cache hit for fingerprint: f38b3e7d...
2026-07-25 10:20:20 [debug]: Falling back to AI for field: 67dd
2026-07-25 10:20:20 [debug]: AI cache hit for fingerprint: ea2d8917...
2026-07-25 10:20:20 [debug]: Falling back to AI for field: 68yy
2026-07-25 10:20:20 [debug]: AI cache hit for fingerprint: bea669ad...
2026-07-25 10:20:20 [debug]: Falling back to AI for field: 66pers_age
2026-07-25 10:20:20 [debug]: AI cache hit for fingerprint: 378a63c3...
2026-07-25 10:20:20 [debug]: Falling back to AI for field: 67birth_pl
2026-07-25 10:20:20 [debug]: AI cache hit for fingerprint: 06454804...
2026-07-25 10:20:20 [debug]: Falling back to AI for field: 68__income
2026-07-25 10:20:20 [debug]: AI cache hit for fingerprint: 5f77c71f...
2026-07-25 10:20:20 [debug]: Falling back to AI for field: 71__custom
2026-07-25 10:20:20 [debug]: AI cache hit for fingerprint: 836eddc5...
2026-07-25 10:20:20 [debug]: Falling back to AI for field: 72__commnt
2026-07-25 10:20:20 [debug]: AI cache hit for fingerprint: 37ba5a97...
2026-07-25 10:20:20 [http]: ::1 - - [25/Jul/2026:04:50:20 +0000] "POST /api/autofill/suggest HTTP/1.1" 200 - "-" "Mozilla/5.0 (Windows NT 10.0; Win64; x64) AppleWebKit/537.36 (KHTML, like Gecko) Chrome/150.0.0.0 Safari/537.36"
2026-07-25 10:21:08 [debug]: Falling back to AI for field: CCV
2026-07-25 10:21:08 [debug]: Falling back to AI for field: Favorite Movie
2026-07-25 10:21:10 [debug]: AI classified field "CCV" → null (0.3)
2026-07-25 10:21:11 [debug]: AI classified field "Favorite Movie" → null (0)
2026-07-25 10:21:11 [http]: ::1 - - [25/Jul/2026:04:51:11 +0000] "POST /api/autofill/suggest HTTP/1.1" 200 - "-" "Mozilla/5.0 (Windows NT 10.0; Win64; x64) AppleWebKit/537.36 (KHTML, like Gecko) Chrome/150.0.0.0 Safari/537.36"
2026-07-25 10:21:14 [debug]: Falling back to AI for field: CCV
2026-07-25 10:21:14 [debug]: AI cache hit for fingerprint: c1d2b1a6...
2026-07-25 10:21:14 [debug]: Falling back to AI for field: Favorite Movie
2026-07-25 10:21:14 [debug]: AI cache hit for fingerprint: 6c0a2474...
2026-07-25 10:21:14 [http]: ::1 - - [25/Jul/2026:04:51:14 +0000] "POST /api/autofill/suggest HTTP/1.1" 200 - "-" "Mozilla/5.0 (Windows NT 10.0; Win64; x64) AppleWebKit/537.36 (KHTML, like Gecko) Chrome/150.0.0.0 Safari/537.36"
2026-07-25 10:21:41 [http]: ::1 - - [25/Jul/2026:04:51:41 +0000] "GET /uploads/d838f28c-a820-4f21-93cd-2a1dafd58897/3570bb8f-c5eb-4b79-9e55-31def844f0d0.pdf HTTP/1.1" 304 - "http://127.0.0.1:5500/" "Mozilla/5.0 (Windows NT 10.0; Win64; x64) AppleWebKit/537.36 (KHTML, like Gecko) Chrome/150.0.0.0 Safari/537.36"
2026-07-25 10:21:56 [http]: ::1 - - [25/Jul/2026:04:51:56 +0000] "POST /api/submissions HTTP/1.1" 201 520 "-" "Mozilla/5.0 (Windows NT 10.0; Win64; x64) AppleWebKit/537.36 (KHTML, like Gecko) Chrome/150.0.0.0 Safari/537.36"
2026-07-25 10:22:01 [debug]: Falling back to AI for field: 02frstname
2026-07-25 10:22:01 [debug]: AI cache hit for fingerprint: 56246d92...
2026-07-25 10:22:01 [debug]: Falling back to AI for field: 03middle_i
2026-07-25 10:22:01 [debug]: AI cache hit for fingerprint: 26dcf910...
2026-07-25 10:22:01 [debug]: Falling back to AI for field: 20homephon
2026-07-25 10:22:01 [debug]: AI cache hit for fingerprint: 66b2414c...
2026-07-25 10:22:01 [debug]: Falling back to AI for field: 21workphon
2026-07-25 10:22:01 [debug]: AI cache hit for fingerprint: 60b49ef4...
2026-07-25 10:22:01 [debug]: Falling back to AI for field: 23cellphon
2026-07-25 10:22:01 [debug]: AI cache hit for fingerprint: c9f5239e...
2026-07-25 10:22:01 [debug]: Falling back to AI for field: 25web_site
2026-07-25 10:22:01 [debug]: AI cache hit for fingerprint: 5a236c47...
2026-07-25 10:22:01 [debug]: Falling back to AI for field: 30_user_id
2026-07-25 10:22:01 [debug]: AI cache hit for fingerprint: a57d31e0...
2026-07-25 10:22:01 [debug]: Falling back to AI for field: 31password
2026-07-25 10:22:01 [debug]: AI cache hit for fingerprint: 2f4883a1...
2026-07-25 10:22:01 [debug]: Falling back to AI for field: 40cc__type
2026-07-25 10:22:01 [debug]: AI cache hit for fingerprint: 5ad7f448...
2026-07-25 10:22:01 [debug]: Falling back to AI for field: 41ccnumber
2026-07-25 10:22:01 [debug]: AI cache hit for fingerprint: 33ddf084...
2026-07-25 10:22:01 [debug]: Falling back to AI for field: 43cvc
2026-07-25 10:22:01 [debug]: AI cache hit for fingerprint: d23e4f3b...
2026-07-25 10:22:01 [debug]: Falling back to AI for field: 42ccexp_mm
2026-07-25 10:22:01 [debug]: AI cache hit for fingerprint: e15a2f5a...
2026-07-25 10:22:01 [debug]: Falling back to AI for field: 43ccexp_yy
2026-07-25 10:22:01 [debug]: AI cache hit for fingerprint: f0e53588...
2026-07-25 10:22:01 [debug]: Falling back to AI for field: 44cc_uname
2026-07-25 10:22:01 [debug]: AI cache hit for fingerprint: 5ffbf97d...
2026-07-25 10:22:01 [debug]: Falling back to AI for field: 45ccissuer
2026-07-25 10:22:01 [debug]: AI cache hit for fingerprint: 1388c28d...
2026-07-25 10:22:01 [debug]: Falling back to AI for field: 46cccstsvc
2026-07-25 10:22:01 [debug]: AI cache hit for fingerprint: 007c67ca...
2026-07-25 10:22:01 [debug]: Falling back to AI for field: 61pers_ssn
2026-07-25 10:22:01 [debug]: AI cache hit for fingerprint: a4c891e1...
2026-07-25 10:22:01 [debug]: Falling back to AI for field: 62driv_lic
2026-07-25 10:22:01 [debug]: AI cache hit for fingerprint: be671abf...
2026-07-25 10:22:01 [debug]: Falling back to AI for field: 66mm
2026-07-25 10:22:01 [debug]: AI cache hit for fingerprint: f38b3e7d...
2026-07-25 10:22:01 [debug]: Falling back to AI for field: 67dd
2026-07-25 10:22:01 [debug]: AI cache hit for fingerprint: ea2d8917...
2026-07-25 10:22:01 [debug]: Falling back to AI for field: 68yy
2026-07-25 10:22:01 [debug]: AI cache hit for fingerprint: bea669ad...
2026-07-25 10:22:01 [debug]: Falling back to AI for field: 66pers_age
2026-07-25 10:22:01 [debug]: AI cache hit for fingerprint: 378a63c3...
2026-07-25 10:22:01 [debug]: Falling back to AI for field: 67birth_pl
2026-07-25 10:22:01 [debug]: AI cache hit for fingerprint: 06454804...
2026-07-25 10:22:01 [debug]: Falling back to AI for field: 68__income
2026-07-25 10:22:01 [debug]: AI cache hit for fingerprint: 5f77c71f...
2026-07-25 10:22:01 [debug]: Falling back to AI for field: 71__custom
2026-07-25 10:22:01 [debug]: AI cache hit for fingerprint: 836eddc5...
2026-07-25 10:22:01 [debug]: Falling back to AI for field: 72__commnt
2026-07-25 10:22:01 [debug]: AI cache hit for fingerprint: 37ba5a97...
2026-07-25 10:22:01 [http]: ::1 - - [25/Jul/2026:04:52:01 +0000] "POST /api/autofill/suggest HTTP/1.1" 200 - "-" "Mozilla/5.0 (Windows NT 10.0; Win64; x64) AppleWebKit/537.36 (KHTML, like Gecko) Chrome/150.0.0.0 Safari/537.36"
2026-07-25 10:22:25 [debug]: Falling back to AI for field: CCV
2026-07-25 10:22:25 [debug]: AI cache hit for fingerprint: c1d2b1a6...
2026-07-25 10:22:25 [debug]: Falling back to AI for field: Favorite Movie
2026-07-25 10:22:25 [debug]: AI cache hit for fingerprint: 6c0a2474...
2026-07-25 10:22:25 [http]: ::1 - - [25/Jul/2026:04:52:25 +0000] "POST /api/autofill/suggest HTTP/1.1" 200 - "-" "Mozilla/5.0 (Windows NT 10.0; Win64; x64) AppleWebKit/537.36 (KHTML, like Gecko) Chrome/150.0.0.0 Safari/537.36"
2026-07-25 10:33:09 [info]: ✅ MongoDB connected: ac-b1tchrv-shard-00-00.r0rqul9.mongodb.net
2026-07-25 10:33:09 [info]: 🚀 Server running on http://localhost:3001
2026-07-25 10:33:09 [info]: 📁 Uploads: C:\Users\yasht\OneDrive\Desktop\oneTap\server\uploads
2026-07-25 10:33:27 [http]: ::1 - - [25/Jul/2026:05:03:27 +0000] "POST /api/submissions HTTP/1.1" 201 561 "-" "Mozilla/5.0 (Windows NT 10.0; Win64; x64) AppleWebKit/537.36 (KHTML, like Gecko) Chrome/150.0.0.0 Safari/537.36"
2026-07-25 10:33:31 [http]: ::1 - - [25/Jul/2026:05:03:31 +0000] "GET /api/profile HTTP/1.1" 200 - "-" "Mozilla/5.0 (Windows NT 10.0; Win64; x64) AppleWebKit/537.36 (KHTML, like Gecko) Chrome/150.0.0.0 Safari/537.36"
2026-07-25 10:34:30 [debug]: Falling back to AI for field: Middle Initial
2026-07-25 10:34:30 [debug]: Falling back to AI for field: Credit Card Number
2026-07-25 10:34:30 [debug]: Falling back to AI for field: Birth Place
2026-07-25 10:34:30 [debug]: Falling back to AI for field: Custom Message
2026-07-25 10:34:30 [debug]: Falling back to AI for field: Comments
2026-07-25 10:34:31 [error]: AI classification error:
2026-07-25 10:34:31 [error]: AI classification error:
2026-07-25 10:34:31 [error]: AI classification error:
2026-07-25 10:34:31 [error]: AI classification error:
2026-07-25 10:34:31 [error]: AI classification error:
2026-07-25 10:34:31 [http]: ::1 - - [25/Jul/2026:05:04:31 +0000] "POST /api/autofill/suggest HTTP/1.1" 200 - "-" "Mozilla/5.0 (Windows NT 10.0; Win64; x64) AppleWebKit/537.36 (KHTML, like Gecko) Chrome/150.0.0.0 Safari/537.36"
2026-07-25 10:34:51 [http]: ::1 - - [25/Jul/2026:05:04:51 +0000] "GET /api/profile HTTP/1.1" 304 - "-" "Mozilla/5.0 (Windows NT 10.0; Win64; x64) AppleWebKit/537.36 (KHTML, like Gecko) Chrome/150.0.0.0 Safari/537.36"
2026-07-25 10:35:05 [http]: ::1 - - [25/Jul/2026:05:05:05 +0000] "PATCH /api/profile HTTP/1.1" 200 - "-" "Mozilla/5.0 (Windows NT 10.0; Win64; x64) AppleWebKit/537.36 (KHTML, like Gecko) Chrome/150.0.0.0 Safari/537.36"
2026-07-25 10:35:10 [debug]: Falling back to AI for field: Middle Initial
2026-07-25 10:35:10 [debug]: Falling back to AI for field: User ID
2026-07-25 10:35:10 [debug]: Falling back to AI for field: Password
2026-07-25 10:35:10 [debug]: Falling back to AI for field: Credit Card Type
2026-07-25 10:35:10 [debug]: Falling back to AI for field: Credit Card Number
2026-07-25 10:35:10 [debug]: Falling back to AI for field: Card Verification Code
2026-07-25 10:35:10 [debug]: Falling back to AI for field: Card Expiration Date
2026-07-25 10:35:10 [debug]: Falling back to AI for field: Card Expiration Date
2026-07-25 10:35:10 [debug]: Falling back to AI for field: Card User Name
2026-07-25 10:35:10 [debug]: Falling back to AI for field: Card Issuing Bank
2026-07-25 10:35:10 [debug]: Falling back to AI for field: Social Security Number
2026-07-25 10:35:10 [debug]: Falling back to AI for field: Age
2026-07-25 10:35:10 [debug]: Falling back to AI for field: Birth Place
2026-07-25 10:35:10 [debug]: Falling back to AI for field: Income
2026-07-25 10:35:10 [debug]: Falling back to AI for field: Custom Message
2026-07-25 10:35:10 [debug]: Falling back to AI for field: Comments
2026-07-25 10:35:11 [error]: AI classification error:
2026-07-25 10:35:11 [error]: AI classification error:
2026-07-25 10:35:11 [error]: AI classification error:
2026-07-25 10:35:11 [error]: AI classification error:
2026-07-25 10:35:11 [error]: AI classification error:
2026-07-25 10:35:11 [error]: AI classification error:
2026-07-25 10:35:11 [error]: AI classification error:
2026-07-25 10:35:11 [error]: AI classification error:
2026-07-25 10:35:11 [error]: AI classification error:
2026-07-25 10:35:11 [error]: AI classification error:
2026-07-25 10:35:11 [error]: AI classification error:
2026-07-25 10:35:11 [error]: AI classification error:
2026-07-25 10:35:11 [error]: AI classification error:
2026-07-25 10:35:11 [error]: AI classification error:
2026-07-25 10:35:11 [error]: AI classification error:
2026-07-25 10:35:11 [error]: AI classification error:
2026-07-25 10:35:11 [http]: ::1 - - [25/Jul/2026:05:05:11 +0000] "POST /api/autofill/suggest HTTP/1.1" 200 - "-" "Mozilla/5.0 (Windows NT 10.0; Win64; x64) AppleWebKit/537.36 (KHTML, like Gecko) Chrome/150.0.0.0 Safari/537.36"
2026-07-25 10:35:45 [http]: ::1 - - [25/Jul/2026:05:05:45 +0000] "GET /api/profile HTTP/1.1" 200 - "-" "Mozilla/5.0 (Windows NT 10.0; Win64; x64) AppleWebKit/537.36 (KHTML, like Gecko) Chrome/150.0.0.0 Safari/537.36"
2026-07-25 10:35:45 [http]: ::1 - - [25/Jul/2026:05:05:45 +0000] "GET /api/documents HTTP/1.1" 304 - "-" "Mozilla/5.0 (Windows NT 10.0; Win64; x64) AppleWebKit/537.36 (KHTML, like Gecko) Chrome/150.0.0.0 Safari/537.36"
2026-07-25 10:35:47 [http]: ::1 - - [25/Jul/2026:05:05:47 +0000] "GET /api/profile HTTP/1.1" 304 - "-" "Mozilla/5.0 (Windows NT 10.0; Win64; x64) AppleWebKit/537.36 (KHTML, like Gecko) Chrome/150.0.0.0 Safari/537.36"
2026-07-25 10:36:04 [http]: ::1 - - [25/Jul/2026:05:06:04 +0000] "PATCH /api/profile HTTP/1.1" 200 - "-" "Mozilla/5.0 (Windows NT 10.0; Win64; x64) AppleWebKit/537.36 (KHTML, like Gecko) Chrome/150.0.0.0 Safari/537.36"
2026-07-25 10:36:11 [debug]: Falling back to AI for field: Middle Initial
2026-07-25 10:36:11 [debug]: Falling back to AI for field: User ID
2026-07-25 10:36:11 [debug]: Falling back to AI for field: Password
2026-07-25 10:36:11 [debug]: Falling back to AI for field: Credit Card Type
2026-07-25 10:36:11 [debug]: Falling back to AI for field: Credit Card Number
2026-07-25 10:36:11 [debug]: Falling back to AI for field: Card Verification Code
2026-07-25 10:36:11 [debug]: Falling back to AI for field: Card Expiration Date
2026-07-25 10:36:11 [debug]: Falling back to AI for field: Card Expiration Date
2026-07-25 10:36:11 [debug]: Falling back to AI for field: Card User Name
2026-07-25 10:36:11 [debug]: Falling back to AI for field: Card Issuing Bank
2026-07-25 10:36:11 [debug]: Falling back to AI for field: Social Security Number
2026-07-25 10:36:11 [debug]: Falling back to AI for field: Age
2026-07-25 10:36:11 [debug]: Falling back to AI for field: Birth Place
2026-07-25 10:36:11 [debug]: Falling back to AI for field: Income
2026-07-25 10:36:11 [debug]: Falling back to AI for field: Custom Message
2026-07-25 10:36:11 [debug]: Falling back to AI for field: Comments
2026-07-25 10:36:12 [error]: AI classification error:
2026-07-25 10:36:12 [error]: AI classification error:
2026-07-25 10:36:12 [error]: AI classification error:
2026-07-25 10:36:12 [error]: AI classification error:
2026-07-25 10:36:12 [error]: AI classification error:
2026-07-25 10:36:12 [error]: AI classification error:
2026-07-25 10:36:12 [error]: AI classification error:
2026-07-25 10:36:12 [error]: AI classification error:
2026-07-25 10:36:12 [error]: AI classification error:
2026-07-25 10:36:12 [error]: AI classification error:
2026-07-25 10:36:12 [error]: AI classification error:
2026-07-25 10:36:12 [error]: AI classification error:
2026-07-25 10:36:12 [error]: AI classification error:
2026-07-25 10:36:12 [error]: AI classification error:
2026-07-25 10:36:12 [error]: AI classification error:
2026-07-25 10:36:12 [error]: AI classification error:
2026-07-25 10:36:12 [http]: ::1 - - [25/Jul/2026:05:06:12 +0000] "POST /api/autofill/suggest HTTP/1.1" 200 - "-" "Mozilla/5.0 (Windows NT 10.0; Win64; x64) AppleWebKit/537.36 (KHTML, like Gecko) Chrome/150.0.0.0 Safari/537.36"
2026-07-25 10:36:51 [http]: ::1 - - [25/Jul/2026:05:06:51 +0000] "PATCH /api/profile HTTP/1.1" 200 - "-" "Mozilla/5.0 (Windows NT 10.0; Win64; x64) AppleWebKit/537.36 (KHTML, like Gecko) Chrome/150.0.0.0 Safari/537.36"
2026-07-25 10:37:01 [debug]: Falling back to AI for field: Middle Initial
2026-07-25 10:37:01 [debug]: Falling back to AI for field: User ID
2026-07-25 10:37:01 [debug]: Falling back to AI for field: Password
2026-07-25 10:37:01 [debug]: Falling back to AI for field: Credit Card Type
2026-07-25 10:37:01 [debug]: Falling back to AI for field: Credit Card Number
2026-07-25 10:37:01 [debug]: Falling back to AI for field: Card Verification Code
2026-07-25 10:37:01 [debug]: Falling back to AI for field: Card Expiration Date
2026-07-25 10:37:01 [debug]: Falling back to AI for field: Card Expiration Date
2026-07-25 10:37:01 [debug]: Falling back to AI for field: Card User Name
2026-07-25 10:37:01 [debug]: Falling back to AI for field: Card Issuing Bank
2026-07-25 10:37:01 [debug]: Falling back to AI for field: Social Security Number
2026-07-25 10:37:01 [debug]: Falling back to AI for field: Age
2026-07-25 10:37:01 [debug]: Falling back to AI for field: Birth Place
2026-07-25 10:37:01 [debug]: Falling back to AI for field: Income
2026-07-25 10:37:01 [debug]: Falling back to AI for field: Custom Message
2026-07-25 10:37:01 [debug]: Falling back to AI for field: Comments
2026-07-25 10:37:01 [error]: AI classification error:
2026-07-25 10:37:01 [error]: AI classification error:
2026-07-25 10:37:01 [error]: AI classification error:
2026-07-25 10:37:01 [error]: AI classification error:
2026-07-25 10:37:01 [error]: AI classification error:
2026-07-25 10:37:01 [error]: AI classification error:
2026-07-25 10:37:01 [error]: AI classification error:
2026-07-25 10:37:01 [error]: AI classification error:
2026-07-25 10:37:01 [error]: AI classification error:
2026-07-25 10:37:01 [error]: AI classification error:
2026-07-25 10:37:01 [error]: AI classification error:
2026-07-25 10:37:01 [error]: AI classification error:
2026-07-25 10:37:01 [error]: AI classification error:
2026-07-25 10:37:02 [error]: AI classification error:
2026-07-25 10:37:02 [error]: AI classification error:
2026-07-25 10:37:02 [error]: AI classification error:
2026-07-25 10:37:02 [http]: ::1 - - [25/Jul/2026:05:07:02 +0000] "POST /api/autofill/suggest HTTP/1.1" 200 - "-" "Mozilla/5.0 (Windows NT 10.0; Win64; x64) AppleWebKit/537.36 (KHTML, like Gecko) Chrome/150.0.0.0 Safari/537.36"
2026-07-25 10:37:03 [debug]: Falling back to AI for field: Middle Initial
2026-07-25 10:37:03 [debug]: Falling back to AI for field: User ID
2026-07-25 10:37:03 [debug]: Falling back to AI for field: Password
2026-07-25 10:37:03 [debug]: Falling back to AI for field: Credit Card Type
2026-07-25 10:37:03 [debug]: Falling back to AI for field: Credit Card Number
2026-07-25 10:37:03 [debug]: Falling back to AI for field: Card Verification Code
2026-07-25 10:37:03 [debug]: Falling back to AI for field: Card Expiration Date
2026-07-25 10:37:03 [debug]: Falling back to AI for field: Card Expiration Date
2026-07-25 10:37:03 [debug]: Falling back to AI for field: Card User Name
2026-07-25 10:37:03 [debug]: Falling back to AI for field: Card Issuing Bank
2026-07-25 10:37:03 [debug]: Falling back to AI for field: Social Security Number
2026-07-25 10:37:03 [debug]: Falling back to AI for field: Age
2026-07-25 10:37:03 [debug]: Falling back to AI for field: Birth Place
2026-07-25 10:37:03 [debug]: Falling back to AI for field: Income
2026-07-25 10:37:03 [debug]: Falling back to AI for field: Custom Message
2026-07-25 10:37:03 [debug]: Falling back to AI for field: Comments
2026-07-25 10:37:04 [error]: AI classification error:
2026-07-25 10:37:04 [error]: AI classification error:
2026-07-25 10:37:04 [error]: AI classification error:
2026-07-25 10:37:04 [error]: AI classification error:
2026-07-25 10:37:04 [error]: AI classification error:
2026-07-25 10:37:04 [error]: AI classification error:
2026-07-25 10:37:04 [error]: AI classification error:
2026-07-25 10:37:04 [error]: AI classification error:
2026-07-25 10:37:04 [error]: AI classification error:
2026-07-25 10:37:04 [error]: AI classification error:
2026-07-25 10:37:04 [error]: AI classification error:
2026-07-25 10:37:04 [error]: AI classification error:
2026-07-25 10:37:04 [error]: AI classification error:
2026-07-25 10:37:04 [error]: AI classification error:
2026-07-25 10:37:04 [error]: AI classification error:
2026-07-25 10:37:04 [error]: AI classification error:
2026-07-25 10:37:04 [http]: ::1 - - [25/Jul/2026:05:07:04 +0000] "POST /api/autofill/suggest HTTP/1.1" 200 - "-" "Mozilla/5.0 (Windows NT 10.0; Win64; x64) AppleWebKit/537.36 (KHTML, like Gecko) Chrome/150.0.0.0 Safari/537.36"
2026-07-25 10:37:33 [debug]: Falling back to AI for field: Credit Card Number
2026-07-25 10:37:33 [debug]: Falling back to AI for field: CCV
2026-07-25 10:37:33 [debug]: Falling back to AI for field: Favorite Movie
2026-07-25 10:37:34 [error]: AI classification error:
2026-07-25 10:37:34 [error]: AI classification error:
2026-07-25 10:37:34 [error]: AI classification error:
2026-07-25 10:37:34 [http]: ::1 - - [25/Jul/2026:05:07:34 +0000] "POST /api/autofill/suggest HTTP/1.1" 200 - "-" "Mozilla/5.0 (Windows NT 10.0; Win64; x64) AppleWebKit/537.36 (KHTML, like Gecko) Chrome/150.0.0.0 Safari/537.36"
2026-07-25 10:56:58 [info]: ✅ MongoDB connected: ac-b1tchrv-shard-00-02.r0rqul9.mongodb.net
2026-07-25 10:56:58 [info]: 🚀 Server running on http://localhost:3001
2026-07-25 10:56:58 [info]: 📁 Uploads: C:\Users\yasht\OneDrive\Desktop\oneTap\server\uploads
2026-07-25 10:56:59 [debug]: Falling back to AI for field: Credit Card Number
2026-07-25 10:56:59 [debug]: Falling back to AI for field: CCV
2026-07-25 10:56:59 [debug]: Falling back to AI for field: Favorite Movie
2026-07-25 10:57:00 [error]: AI classification error:
2026-07-25 10:57:00 [error]: AI classification error:
2026-07-25 10:57:00 [error]: AI classification error:
2026-07-25 10:57:00 [http]: ::ffff:127.0.0.1 - - [25/Jul/2026:05:27:00 +0000] "POST /api/autofill/suggest HTTP/1.1" 200 - "-" "Mozilla/5.0 (Windows NT 10.0; Win64; x64) AppleWebKit/537.36 (KHTML, like Gecko) Chrome/150.0.0.0 Safari/537.36"
2026-07-25 10:57:21 [debug]: Falling back to AI for field: Credit Card Number
2026-07-25 10:57:21 [debug]: Falling back to AI for field: CCV
2026-07-25 10:57:21 [debug]: Falling back to AI for field: Favorite Movie
2026-07-25 10:57:22 [error]: AI classification error:
2026-07-25 10:57:22 [error]: AI classification error:
2026-07-25 10:57:22 [error]: AI classification error:
2026-07-25 10:57:22 [http]: ::ffff:127.0.0.1 - - [25/Jul/2026:05:27:22 +0000] "POST /api/autofill/suggest HTTP/1.1" 200 - "-" "Mozilla/5.0 (Windows NT 10.0; Win64; x64) AppleWebKit/537.36 (KHTML, like Gecko) Chrome/150.0.0.0 Safari/537.36"
2026-07-25 10:59:17 [debug]: Falling back to AI for field: Middle Initial
2026-07-25 10:59:17 [debug]: Falling back to AI for field: User ID
2026-07-25 10:59:17 [debug]: Falling back to AI for field: Password
2026-07-25 10:59:17 [debug]: Falling back to AI for field: Credit Card Type
2026-07-25 10:59:17 [debug]: Falling back to AI for field: Credit Card Number
2026-07-25 10:59:17 [debug]: Falling back to AI for field: Card Verification Code
2026-07-25 10:59:17 [debug]: Falling back to AI for field: Card Expiration Date
2026-07-25 10:59:17 [debug]: Falling back to AI for field: Card Expiration Date
2026-07-25 10:59:17 [debug]: Falling back to AI for field: Card User Name
2026-07-25 10:59:17 [debug]: Falling back to AI for field: Card Issuing Bank
2026-07-25 10:59:17 [debug]: Falling back to AI for field: Social Security Number
2026-07-25 10:59:17 [debug]: Falling back to AI for field: Age
2026-07-25 10:59:17 [debug]: Falling back to AI for field: Birth Place
2026-07-25 10:59:17 [debug]: Falling back to AI for field: Income
2026-07-25 10:59:17 [debug]: Falling back to AI for field: Custom Message
2026-07-25 10:59:17 [debug]: Falling back to AI for field: Comments
2026-07-25 10:59:18 [error]: AI classification error:
2026-07-25 10:59:18 [error]: AI classification error:
2026-07-25 10:59:18 [error]: AI classification error:
2026-07-25 10:59:18 [error]: AI classification error:
2026-07-25 10:59:18 [error]: AI classification error:
2026-07-25 10:59:18 [error]: AI classification error:
2026-07-25 10:59:18 [error]: AI classification error:
2026-07-25 10:59:18 [error]: AI classification error:
2026-07-25 10:59:18 [error]: AI classification error:
2026-07-25 10:59:18 [error]: AI classification error:
2026-07-25 10:59:18 [error]: AI classification error:
2026-07-25 10:59:18 [error]: AI classification error:
2026-07-25 10:59:18 [error]: AI classification error:
2026-07-25 10:59:18 [error]: AI classification error:
2026-07-25 10:59:18 [error]: AI classification error:
2026-07-25 10:59:18 [error]: AI classification error:
2026-07-25 10:59:18 [http]: ::1 - - [25/Jul/2026:05:29:18 +0000] "POST /api/autofill/suggest HTTP/1.1" 200 - "-" "Mozilla/5.0 (Windows NT 10.0; Win64; x64) AppleWebKit/537.36 (KHTML, like Gecko) Chrome/150.0.0.0 Safari/537.36"
2026-07-25 10:59:25 [debug]: Falling back to AI for field: Name this field to save it:
2026-07-25 10:59:25 [debug]: Falling back to AI for field: Encrypt this field
2026-07-25 10:59:26 [error]: AI classification error:
2026-07-25 10:59:26 [error]: AI classification error:
2026-07-25 10:59:26 [http]: ::1 - - [25/Jul/2026:05:29:26 +0000] "POST /api/autofill/suggest HTTP/1.1" 200 516 "-" "Mozilla/5.0 (Windows NT 10.0; Win64; x64) AppleWebKit/537.36 (KHTML, like Gecko) Chrome/150.0.0.0 Safari/537.36"
2026-07-25 10:59:30 [http]: ::1 - - [25/Jul/2026:05:29:30 +0000] "POST /api/submissions HTTP/1.1" 201 113 "-" "Mozilla/5.0 (Windows NT 10.0; Win64; x64) AppleWebKit/537.36 (KHTML, like Gecko) Chrome/150.0.0.0 Safari/537.36"
2026-07-25 10:59:44 [http]: ::1 - - [25/Jul/2026:05:29:44 +0000] "POST /api/submissions HTTP/1.1" 201 115 "-" "Mozilla/5.0 (Windows NT 10.0; Win64; x64) AppleWebKit/537.36 (KHTML, like Gecko) Chrome/150.0.0.0 Safari/537.36"
2026-07-25 11:00:14 [http]: ::1 - - [25/Jul/2026:05:30:14 +0000] "POST /api/submissions HTTP/1.1" 201 117 "-" "Mozilla/5.0 (Windows NT 10.0; Win64; x64) AppleWebKit/537.36 (KHTML, like Gecko) Chrome/150.0.0.0 Safari/537.36"
2026-07-25 11:00:21 [http]: ::1 - - [25/Jul/2026:05:30:21 +0000] "POST /api/submissions HTTP/1.1" 201 117 "-" "Mozilla/5.0 (Windows NT 10.0; Win64; x64) AppleWebKit/537.36 (KHTML, like Gecko) Chrome/150.0.0.0 Safari/537.36"
2026-07-25 11:00:33 [http]: ::1 - - [25/Jul/2026:05:30:33 +0000] "POST /api/submissions HTTP/1.1" 201 119 "-" "Mozilla/5.0 (Windows NT 10.0; Win64; x64) AppleWebKit/537.36 (KHTML, like Gecko) Chrome/150.0.0.0 Safari/537.36"
2026-07-25 11:00:56 [http]: ::1 - - [25/Jul/2026:05:30:56 +0000] "POST /api/submissions HTTP/1.1" 201 111 "-" "Mozilla/5.0 (Windows NT 10.0; Win64; x64) AppleWebKit/537.36 (KHTML, like Gecko) Chrome/150.0.0.0 Safari/537.36"
2026-07-25 11:01:05 [http]: ::1 - - [25/Jul/2026:05:31:05 +0000] "GET /api/profile HTTP/1.1" 200 - "-" "Mozilla/5.0 (Windows NT 10.0; Win64; x64) AppleWebKit/537.36 (KHTML, like Gecko) Chrome/150.0.0.0 Safari/537.36"
2026-07-25 11:01:05 [http]: ::1 - - [25/Jul/2026:05:31:05 +0000] "GET /api/documents HTTP/1.1" 304 - "-" "Mozilla/5.0 (Windows NT 10.0; Win64; x64) AppleWebKit/537.36 (KHTML, like Gecko) Chrome/150.0.0.0 Safari/537.36"
2026-07-25 11:01:12 [http]: ::1 - - [25/Jul/2026:05:31:12 +0000] "GET /api/profile HTTP/1.1" 304 - "-" "Mozilla/5.0 (Windows NT 10.0; Win64; x64) AppleWebKit/537.36 (KHTML, like Gecko) Chrome/150.0.0.0 Safari/537.36"
2026-07-25 11:01:34 [debug]: Falling back to AI for field: Credit Card Number
2026-07-25 11:01:34 [debug]: Falling back to AI for field: CCV
2026-07-25 11:01:34 [debug]: Falling back to AI for field: Favorite Movie
2026-07-25 11:01:35 [error]: AI classification error:
2026-07-25 11:01:35 [error]: AI classification error:
2026-07-25 11:01:35 [error]: AI classification error:
2026-07-25 11:01:35 [http]: ::1 - - [25/Jul/2026:05:31:35 +0000] "POST /api/autofill/suggest HTTP/1.1" 200 - "-" "Mozilla/5.0 (Windows NT 10.0; Win64; x64) AppleWebKit/537.36 (KHTML, like Gecko) Chrome/150.0.0.0 Safari/537.36"
2026-07-25 11:01:48 [http]: ::1 - - [25/Jul/2026:05:31:48 +0000] "GET /uploads/d838f28c-a820-4f21-93cd-2a1dafd58897/3570bb8f-c5eb-4b79-9e55-31def844f0d0.pdf HTTP/1.1" 304 - "http://127.0.0.1:5500/" "Mozilla/5.0 (Windows NT 10.0; Win64; x64) AppleWebKit/537.36 (KHTML, like Gecko) Chrome/150.0.0.0 Safari/537.36"
2026-07-25 11:01:57 [debug]: Falling back to AI for field: Credit Card Number
2026-07-25 11:01:57 [debug]: Falling back to AI for field: CCV
2026-07-25 11:01:57 [debug]: Falling back to AI for field: Favorite Movie
2026-07-25 11:01:58 [error]: AI classification error:
2026-07-25 11:01:58 [error]: AI classification error:
2026-07-25 11:01:58 [error]: AI classification error:
2026-07-25 11:01:58 [http]: ::1 - - [25/Jul/2026:05:31:58 +0000] "POST /api/autofill/suggest HTTP/1.1" 200 - "-" "Mozilla/5.0 (Windows NT 10.0; Win64; x64) AppleWebKit/537.36 (KHTML, like Gecko) Chrome/150.0.0.0 Safari/537.36"
2026-07-25 11:03:35 [debug]: Falling back to AI for field: Credit Card Number
2026-07-25 11:03:35 [debug]: Falling back to AI for field: CCV
2026-07-25 11:03:35 [debug]: Falling back to AI for field: Favorite Movie
2026-07-25 11:03:36 [error]: AI classification error:
2026-07-25 11:03:36 [error]: AI classification error:
2026-07-25 11:03:36 [error]: AI classification error:
2026-07-25 11:03:36 [http]: ::1 - - [25/Jul/2026:05:33:36 +0000] "POST /api/autofill/suggest HTTP/1.1" 200 - "-" "Mozilla/5.0 (Windows NT 10.0; Win64; x64) AppleWebKit/537.36 (KHTML, like Gecko) Chrome/150.0.0.0 Safari/537.36"
2026-07-25 11:04:26 [info]: ✅ MongoDB connected: ac-b1tchrv-shard-00-02.r0rqul9.mongodb.net
2026-07-25 11:04:26 [info]: 🚀 Server running on http://localhost:3001
2026-07-25 11:04:26 [info]: 📁 Uploads: C:\Users\yasht\OneDrive\Desktop\oneTap\server\uploads
2026-07-25 11:04:26 [debug]: Falling back to AI for field: Credit Card Number
2026-07-25 11:04:26 [debug]: Falling back to AI for field: CCV
2026-07-25 11:04:26 [debug]: Falling back to AI for field: Favorite Movie
2026-07-25 11:04:27 [error]: AI classification error:
2026-07-25 11:04:28 [error]: AI classification error:
2026-07-25 11:04:28 [error]: AI classification error:
2026-07-25 11:04:28 [http]: ::1 - - [25/Jul/2026:05:34:28 +0000] "POST /api/autofill/suggest HTTP/1.1" 200 - "-" "Mozilla/5.0 (Windows NT 10.0; Win64; x64) AppleWebKit/537.36 (KHTML, like Gecko) Chrome/150.0.0.0 Safari/537.36"
2026-07-25 11:04:40 [info]: ✅ MongoDB connected: ac-b1tchrv-shard-00-02.r0rqul9.mongodb.net
2026-07-25 11:04:40 [info]: 🚀 Server running on http://localhost:3001
2026-07-25 11:04:40 [info]: 📁 Uploads: C:\Users\yasht\OneDrive\Desktop\oneTap\server\uploads
2026-07-25 11:04:40 [debug]: Falling back to AI for field: Credit Card Number
2026-07-25 11:04:40 [debug]: Falling back to AI for field: CCV
2026-07-25 11:04:40 [debug]: Falling back to AI for field: Favorite Movie
2026-07-25 11:04:41 [error]: AI classification error:
2026-07-25 11:04:41 [error]: AI classification error:
2026-07-25 11:04:41 [error]: AI classification error:
2026-07-25 11:04:41 [http]: ::1 - - [25/Jul/2026:05:34:41 +0000] "POST /api/autofill/suggest HTTP/1.1" 200 - "-" "Mozilla/5.0 (Windows NT 10.0; Win64; x64) AppleWebKit/537.36 (KHTML, like Gecko) Chrome/150.0.0.0 Safari/537.36"
2026-07-25 11:04:58 [debug]: Falling back to AI for field: Credit Card Number
2026-07-25 11:04:58 [debug]: Falling back to AI for field: CCV
2026-07-25 11:04:58 [debug]: Falling back to AI for field: Favorite Movie
2026-07-25 11:04:58 [error]: AI classification error:
2026-07-25 11:04:58 [error]: AI classification error:
2026-07-25 11:04:59 [error]: AI classification error:
2026-07-25 11:04:59 [http]: ::ffff:127.0.0.1 - - [25/Jul/2026:05:34:59 +0000] "POST /api/autofill/suggest HTTP/1.1" 200 - "-" "Mozilla/5.0 (Windows NT 10.0; Win64; x64) AppleWebKit/537.36 (KHTML, like Gecko) Chrome/150.0.0.0 Safari/537.36"
2026-07-25 11:07:59 [debug]: Falling back to AI for field: Credit Card Number
2026-07-25 11:07:59 [debug]: Falling back to AI for field: CCV
2026-07-25 11:07:59 [debug]: Falling back to AI for field: Favorite Movie
2026-07-25 11:07:59 [error]: AI classification error:
2026-07-25 11:07:59 [error]: AI classification error:
2026-07-25 11:07:59 [error]: AI classification error:
2026-07-25 11:07:59 [http]: ::1 - - [25/Jul/2026:05:37:59 +0000] "POST /api/autofill/suggest HTTP/1.1" 200 - "-" "Mozilla/5.0 (Windows NT 10.0; Win64; x64) AppleWebKit/537.36 (KHTML, like Gecko) Chrome/150.0.0.0 Safari/537.36"
2026-07-25 11:11:00 [debug]: Falling back to AI for field: Credit Card Number
2026-07-25 11:11:00 [debug]: Falling back to AI for field: CCV
2026-07-25 11:11:00 [debug]: Falling back to AI for field: Favorite Movie
2026-07-25 11:11:01 [error]: AI classification error:
2026-07-25 11:11:01 [error]: AI classification error:
2026-07-25 11:11:01 [error]: AI classification error:
2026-07-25 11:11:01 [http]: ::1 - - [25/Jul/2026:05:41:01 +0000] "POST /api/autofill/suggest HTTP/1.1" 200 - "-" "Mozilla/5.0 (Windows NT 10.0; Win64; x64) AppleWebKit/537.36 (KHTML, like Gecko) Chrome/150.0.0.0 Safari/537.36"
2026-07-25 11:14:02 [debug]: Falling back to AI for field: Credit Card Number
2026-07-25 11:14:02 [debug]: Falling back to AI for field: CCV
2026-07-25 11:14:02 [debug]: Falling back to AI for field: Favorite Movie
2026-07-25 11:14:02 [error]: AI classification error:
2026-07-25 11:14:03 [error]: AI classification error:
2026-07-25 11:14:03 [error]: AI classification error:
2026-07-25 11:14:03 [http]: ::1 - - [25/Jul/2026:05:44:03 +0000] "POST /api/autofill/suggest HTTP/1.1" 200 - "-" "Mozilla/5.0 (Windows NT 10.0; Win64; x64) AppleWebKit/537.36 (KHTML, like Gecko) Chrome/150.0.0.0 Safari/537.36"
2026-07-25 11:17:03 [debug]: Falling back to AI for field: Credit Card Number
2026-07-25 11:17:03 [debug]: Falling back to AI for field: CCV
2026-07-25 11:17:03 [debug]: Falling back to AI for field: Favorite Movie
2026-07-25 11:17:04 [error]: AI classification error:
2026-07-25 11:17:04 [error]: AI classification error:
2026-07-25 11:17:04 [error]: AI classification error:
2026-07-25 11:17:04 [http]: ::1 - - [25/Jul/2026:05:47:04 +0000] "POST /api/autofill/suggest HTTP/1.1" 200 - "-" "Mozilla/5.0 (Windows NT 10.0; Win64; x64) AppleWebKit/537.36 (KHTML, like Gecko) Chrome/150.0.0.0 Safari/537.36"
2026-07-25 11:20:05 [debug]: Falling back to AI for field: Credit Card Number
2026-07-25 11:20:05 [debug]: Falling back to AI for field: CCV
2026-07-25 11:20:05 [debug]: Falling back to AI for field: Favorite Movie
2026-07-25 11:20:06 [error]: AI classification error:
2026-07-25 11:20:06 [error]: AI classification error:
2026-07-25 11:20:06 [error]: AI classification error:
2026-07-25 11:20:06 [http]: ::1 - - [25/Jul/2026:05:50:06 +0000] "POST /api/autofill/suggest HTTP/1.1" 200 - "-" "Mozilla/5.0 (Windows NT 10.0; Win64; x64) AppleWebKit/537.36 (KHTML, like Gecko) Chrome/150.0.0.0 Safari/537.36"
2026-07-25 11:23:06 [debug]: Falling back to AI for field: Credit Card Number
2026-07-25 11:23:06 [debug]: Falling back to AI for field: CCV
2026-07-25 11:23:06 [debug]: Falling back to AI for field: Favorite Movie
2026-07-25 11:23:06 [error]: AI classification error:
2026-07-25 11:23:06 [error]: AI classification error:
2026-07-25 11:23:06 [error]: AI classification error:
2026-07-25 11:23:06 [http]: ::1 - - [25/Jul/2026:05:53:06 +0000] "POST /api/autofill/suggest HTTP/1.1" 200 - "-" "Mozilla/5.0 (Windows NT 10.0; Win64; x64) AppleWebKit/537.36 (KHTML, like Gecko) Chrome/150.0.0.0 Safari/537.36"
2026-07-25 11:26:07 [debug]: Falling back to AI for field: Credit Card Number
2026-07-25 11:26:07 [debug]: Falling back to AI for field: CCV
2026-07-25 11:26:07 [debug]: Falling back to AI for field: Favorite Movie
2026-07-25 11:26:08 [error]: AI classification error:
2026-07-25 11:26:08 [error]: AI classification error:
2026-07-25 11:26:08 [error]: AI classification error:
2026-07-25 11:26:08 [http]: ::1 - - [25/Jul/2026:05:56:08 +0000] "POST /api/autofill/suggest HTTP/1.1" 200 - "-" "Mozilla/5.0 (Windows NT 10.0; Win64; x64) AppleWebKit/537.36 (KHTML, like Gecko) Chrome/150.0.0.0 Safari/537.36"
2026-07-25 11:26:58 [debug]: Falling back to AI for field: Credit Card Number
2026-07-25 11:26:58 [debug]: Falling back to AI for field: CCV
2026-07-25 11:26:58 [debug]: Falling back to AI for field: Favorite Movie
2026-07-25 11:26:59 [error]: AI classification error:
2026-07-25 11:26:59 [error]: AI classification error:
2026-07-25 11:26:59 [error]: AI classification error:
2026-07-25 11:26:59 [http]: ::1 - - [25/Jul/2026:05:56:59 +0000] "POST /api/autofill/suggest HTTP/1.1" 200 - "-" "Mozilla/5.0 (Windows NT 10.0; Win64; x64) AppleWebKit/537.36 (KHTML, like Gecko) Chrome/150.0.0.0 Safari/537.36"
2026-07-25 11:27:01 [info]: ✅ MongoDB connected: ac-b1tchrv-shard-00-00.r0rqul9.mongodb.net
2026-07-25 11:27:03 [debug]: Falling back to AI for field: Credit Card Number
2026-07-25 11:27:03 [debug]: Falling back to AI for field: CCV
2026-07-25 11:27:03 [debug]: Falling back to AI for field: Favorite Movie
2026-07-25 11:27:03 [error]: AI classification error:
2026-07-25 11:27:03 [error]: AI classification error:
2026-07-25 11:27:03 [error]: AI classification error:
2026-07-25 11:27:03 [http]: ::1 - - [25/Jul/2026:05:57:03 +0000] "POST /api/autofill/suggest HTTP/1.1" 200 - "-" "Mozilla/5.0 (Windows NT 10.0; Win64; x64) AppleWebKit/537.36 (KHTML, like Gecko) Chrome/150.0.0.0 Safari/537.36"
2026-07-25 11:27:07 [debug]: Falling back to AI for field: Credit Card Number
2026-07-25 11:27:07 [debug]: Falling back to AI for field: CCV
2026-07-25 11:27:07 [debug]: Falling back to AI for field: Favorite Movie
2026-07-25 11:27:07 [error]: AI classification error:
2026-07-25 11:27:07 [error]: AI classification error:
2026-07-25 11:27:07 [error]: AI classification error:
2026-07-25 11:27:07 [http]: ::1 - - [25/Jul/2026:05:57:07 +0000] "POST /api/autofill/suggest HTTP/1.1" 200 - "-" "Mozilla/5.0 (Windows NT 10.0; Win64; x64) AppleWebKit/537.36 (KHTML, like Gecko) Chrome/150.0.0.0 Safari/537.36"
2026-07-25 11:27:09 [debug]: Falling back to AI for field: Credit Card Number
2026-07-25 11:27:09 [debug]: Falling back to AI for field: CCV
2026-07-25 11:27:09 [debug]: Falling back to AI for field: Favorite Movie
2026-07-25 11:27:09 [error]: AI classification error:
2026-07-25 11:27:09 [error]: AI classification error:
2026-07-25 11:27:09 [error]: AI classification error:
2026-07-25 11:27:09 [http]: ::1 - - [25/Jul/2026:05:57:09 +0000] "POST /api/autofill/suggest HTTP/1.1" 200 - "-" "Mozilla/5.0 (Windows NT 10.0; Win64; x64) AppleWebKit/537.36 (KHTML, like Gecko) Chrome/150.0.0.0 Safari/537.36"
2026-07-25 11:27:14 [debug]: Falling back to AI for field: Credit Card Number
2026-07-25 11:27:14 [debug]: Falling back to AI for field: CCV
2026-07-25 11:27:14 [debug]: Falling back to AI for field: Favorite Movie
2026-07-25 11:27:14 [error]: AI classification error:
2026-07-25 11:27:14 [error]: AI classification error:
2026-07-25 11:27:14 [error]: AI classification error:
2026-07-25 11:27:14 [http]: ::1 - - [25/Jul/2026:05:57:14 +0000] "POST /api/autofill/suggest HTTP/1.1" 200 - "-" "Mozilla/5.0 (Windows NT 10.0; Win64; x64) AppleWebKit/537.36 (KHTML, like Gecko) Chrome/150.0.0.0 Safari/537.36"
2026-07-25 11:27:19 [debug]: Falling back to AI for field: Credit Card Number
2026-07-25 11:27:19 [debug]: Falling back to AI for field: CCV
2026-07-25 11:27:19 [debug]: Falling back to AI for field: Favorite Movie
2026-07-25 11:27:19 [error]: AI classification error:
2026-07-25 11:27:19 [error]: AI classification error:
2026-07-25 11:27:19 [error]: AI classification error:
2026-07-25 11:27:19 [http]: ::1 - - [25/Jul/2026:05:57:19 +0000] "POST /api/autofill/suggest HTTP/1.1" 200 - "-" "Mozilla/5.0 (Windows NT 10.0; Win64; x64) AppleWebKit/537.36 (KHTML, like Gecko) Chrome/150.0.0.0 Safari/537.36"
2026-07-25 11:27:24 [debug]: Falling back to AI for field: Credit Card Number
2026-07-25 11:27:24 [debug]: Falling back to AI for field: CCV
2026-07-25 11:27:24 [debug]: Falling back to AI for field: Favorite Movie
2026-07-25 11:27:24 [error]: AI classification error:
2026-07-25 11:27:24 [error]: AI classification error:
2026-07-25 11:27:24 [error]: AI classification error:
2026-07-25 11:27:24 [http]: ::1 - - [25/Jul/2026:05:57:24 +0000] "POST /api/autofill/suggest HTTP/1.1" 200 - "-" "Mozilla/5.0 (Windows NT 10.0; Win64; x64) AppleWebKit/537.36 (KHTML, like Gecko) Chrome/150.0.0.0 Safari/537.36"
2026-07-25 11:27:30 [debug]: Falling back to AI for field: Credit Card Number
2026-07-25 11:27:30 [debug]: Falling back to AI for field: CCV
2026-07-25 11:27:30 [debug]: Falling back to AI for field: Favorite Movie
2026-07-25 11:27:30 [error]: AI classification error:
2026-07-25 11:27:30 [error]: AI classification error:
2026-07-25 11:27:30 [error]: AI classification error:
2026-07-25 11:27:30 [http]: ::1 - - [25/Jul/2026:05:57:30 +0000] "POST /api/autofill/suggest HTTP/1.1" 200 - "-" "Mozilla/5.0 (Windows NT 10.0; Win64; x64) AppleWebKit/537.36 (KHTML, like Gecko) Chrome/150.0.0.0 Safari/537.36"
2026-07-25 11:27:35 [debug]: Falling back to AI for field: Credit Card Number
2026-07-25 11:27:35 [debug]: Falling back to AI for field: CCV
2026-07-25 11:27:35 [debug]: Falling back to AI for field: Favorite Movie
2026-07-25 11:27:35 [error]: AI classification error:
2026-07-25 11:27:35 [error]: AI classification error:
2026-07-25 11:27:35 [error]: AI classification error:
2026-07-25 11:27:35 [http]: ::1 - - [25/Jul/2026:05:57:35 +0000] "POST /api/autofill/suggest HTTP/1.1" 200 - "-" "Mozilla/5.0 (Windows NT 10.0; Win64; x64) AppleWebKit/537.36 (KHTML, like Gecko) Chrome/150.0.0.0 Safari/537.36"
2026-07-25 11:27:45 [info]: ✅ MongoDB connected: ac-b1tchrv-shard-00-01.r0rqul9.mongodb.net
2026-07-25 11:27:45 [info]: 🚀 Server running on http://localhost:3001
2026-07-25 11:27:45 [info]: 📁 Uploads: C:\Users\yasht\OneDrive\Desktop\oneTap\server\uploads
2026-07-25 11:28:01 [debug]: Falling back to AI for field: Credit Card Number
2026-07-25 11:28:01 [debug]: Falling back to AI for field: CCV
2026-07-25 11:28:01 [debug]: Falling back to AI for field: Favorite Movie
2026-07-25 11:28:02 [error]: AI classification error:
2026-07-25 11:28:02 [error]: AI classification error:
2026-07-25 11:28:02 [error]: AI classification error:
2026-07-25 11:28:02 [http]: ::1 - - [25/Jul/2026:05:58:02 +0000] "POST /api/autofill/suggest HTTP/1.1" 200 - "-" "Mozilla/5.0 (Windows NT 10.0; Win64; x64) AppleWebKit/537.36 (KHTML, like Gecko) Chrome/150.0.0.0 Safari/537.36"
2026-07-25 11:29:08 [debug]: Falling back to AI for field: Credit Card Number
2026-07-25 11:29:08 [debug]: Falling back to AI for field: CCV
2026-07-25 11:29:08 [debug]: Falling back to AI for field: Favorite Movie
2026-07-25 11:29:09 [error]: AI classification error:
2026-07-25 11:29:09 [error]: AI classification error:
2026-07-25 11:29:09 [error]: AI classification error:
2026-07-25 11:29:09 [http]: ::1 - - [25/Jul/2026:05:59:09 +0000] "POST /api/autofill/suggest HTTP/1.1" 200 - "-" "Mozilla/5.0 (Windows NT 10.0; Win64; x64) AppleWebKit/537.36 (KHTML, like Gecko) Chrome/150.0.0.0 Safari/537.36"
2026-07-25 11:29:47 [info]: ✅ MongoDB connected: ac-b1tchrv-shard-00-01.r0rqul9.mongodb.net
2026-07-25 11:29:47 [info]: 🚀 Server running on http://localhost:3001
2026-07-25 11:29:47 [info]: 📁 Uploads: C:\Users\yasht\OneDrive\Desktop\oneTap\server\uploads
2026-07-25 11:30:01 [debug]: Falling back to AI for field: Credit Card Number
2026-07-25 11:30:01 [debug]: Falling back to AI for field: CCV
2026-07-25 11:30:01 [debug]: Falling back to AI for field: Favorite Movie
2026-07-25 11:30:02 [error]: AI classification error:
2026-07-25 11:30:02 [error]: AI classification error:
2026-07-25 11:30:02 [error]: AI classification error:
2026-07-25 11:30:02 [http]: ::1 - - [25/Jul/2026:06:00:02 +0000] "POST /api/autofill/suggest HTTP/1.1" 200 - "-" "Mozilla/5.0 (Windows NT 10.0; Win64; x64) AppleWebKit/537.36 (KHTML, like Gecko) Chrome/150.0.0.0 Safari/537.36"
2026-07-25 11:30:15 [debug]: Falling back to AI for field: Credit Card Number
2026-07-25 11:30:15 [debug]: Falling back to AI for field: CCV
2026-07-25 11:30:15 [debug]: Falling back to AI for field: Favorite Movie
2026-07-25 11:30:15 [error]: AI classification error:
2026-07-25 11:30:15 [error]: AI classification error:
2026-07-25 11:30:15 [error]: AI classification error:
2026-07-25 11:30:16 [http]: ::1 - - [25/Jul/2026:06:00:16 +0000] "POST /api/autofill/suggest HTTP/1.1" 200 - "-" "Mozilla/5.0 (Windows NT 10.0; Win64; x64) AppleWebKit/537.36 (KHTML, like Gecko) Chrome/150.0.0.0 Safari/537.36"
2026-07-25 11:30:18 [debug]: Falling back to AI for field: Credit Card Number
2026-07-25 11:30:18 [debug]: Falling back to AI for field: CCV
2026-07-25 11:30:18 [debug]: Falling back to AI for field: Favorite Movie
2026-07-25 11:30:18 [error]: AI classification error:
2026-07-25 11:30:18 [error]: AI classification error:
2026-07-25 11:30:18 [error]: AI classification error:
2026-07-25 11:30:18 [http]: ::1 - - [25/Jul/2026:06:00:18 +0000] "POST /api/autofill/suggest HTTP/1.1" 200 - "-" "Mozilla/5.0 (Windows NT 10.0; Win64; x64) AppleWebKit/537.36 (KHTML, like Gecko) Chrome/150.0.0.0 Safari/537.36"
2026-07-25 11:30:22 [debug]: Falling back to AI for field: Credit Card Number
2026-07-25 11:30:22 [debug]: Falling back to AI for field: CCV
2026-07-25 11:30:22 [debug]: Falling back to AI for field: Favorite Movie
2026-07-25 11:30:22 [error]: AI classification error:
2026-07-25 11:30:22 [error]: AI classification error:
2026-07-25 11:30:22 [error]: AI classification error:
2026-07-25 11:30:22 [http]: ::1 - - [25/Jul/2026:06:00:22 +0000] "POST /api/autofill/suggest HTTP/1.1" 200 - "-" "Mozilla/5.0 (Windows NT 10.0; Win64; x64) AppleWebKit/537.36 (KHTML, like Gecko) Chrome/150.0.0.0 Safari/537.36"
2026-07-25 11:30:27 [debug]: Falling back to AI for field: Credit Card Number
2026-07-25 11:30:27 [debug]: Falling back to AI for field: CCV
2026-07-25 11:30:27 [debug]: Falling back to AI for field: Favorite Movie
2026-07-25 11:30:27 [error]: AI classification error:
2026-07-25 11:30:27 [error]: AI classification error:
2026-07-25 11:30:28 [error]: AI classification error:
2026-07-25 11:30:28 [http]: ::1 - - [25/Jul/2026:06:00:28 +0000] "POST /api/autofill/suggest HTTP/1.1" 200 - "-" "Mozilla/5.0 (Windows NT 10.0; Win64; x64) AppleWebKit/537.36 (KHTML, like Gecko) Chrome/150.0.0.0 Safari/537.36"
2026-07-25 11:30:32 [debug]: Falling back to AI for field: Credit Card Number
2026-07-25 11:30:32 [debug]: Falling back to AI for field: CCV
2026-07-25 11:30:32 [debug]: Falling back to AI for field: Favorite Movie
2026-07-25 11:30:32 [error]: AI classification error:
2026-07-25 11:30:32 [error]: AI classification error:
2026-07-25 11:30:32 [error]: AI classification error:
2026-07-25 11:30:32 [http]: ::1 - - [25/Jul/2026:06:00:32 +0000] "POST /api/autofill/suggest HTTP/1.1" 200 - "-" "Mozilla/5.0 (Windows NT 10.0; Win64; x64) AppleWebKit/537.36 (KHTML, like Gecko) Chrome/150.0.0.0 Safari/537.36"
2026-07-25 11:30:37 [debug]: Falling back to AI for field: Credit Card Number
2026-07-25 11:30:37 [debug]: Falling back to AI for field: CCV
2026-07-25 11:30:37 [debug]: Falling back to AI for field: Favorite Movie
2026-07-25 11:30:37 [error]: AI classification error:
2026-07-25 11:30:37 [error]: AI classification error:
2026-07-25 11:30:37 [error]: AI classification error:
2026-07-25 11:30:37 [http]: ::1 - - [25/Jul/2026:06:00:37 +0000] "POST /api/autofill/suggest HTTP/1.1" 200 - "-" "Mozilla/5.0 (Windows NT 10.0; Win64; x64) AppleWebKit/537.36 (KHTML, like Gecko) Chrome/150.0.0.0 Safari/537.36"
2026-07-25 11:30:42 [debug]: Falling back to AI for field: Credit Card Number
2026-07-25 11:30:42 [debug]: Falling back to AI for field: CCV
2026-07-25 11:30:42 [debug]: Falling back to AI for field: Favorite Movie
2026-07-25 11:30:42 [error]: AI classification error:
2026-07-25 11:30:42 [error]: AI classification error:
2026-07-25 11:30:42 [error]: AI classification error:
2026-07-25 11:30:42 [http]: ::1 - - [25/Jul/2026:06:00:42 +0000] "POST /api/autofill/suggest HTTP/1.1" 200 - "-" "Mozilla/5.0 (Windows NT 10.0; Win64; x64) AppleWebKit/537.36 (KHTML, like Gecko) Chrome/150.0.0.0 Safari/537.36"
2026-07-25 11:30:47 [debug]: Falling back to AI for field: Credit Card Number
2026-07-25 11:30:47 [debug]: Falling back to AI for field: CCV
2026-07-25 11:30:47 [debug]: Falling back to AI for field: Favorite Movie
2026-07-25 11:30:47 [error]: AI classification error:
2026-07-25 11:30:47 [error]: AI classification error:
2026-07-25 11:30:47 [error]: AI classification error:
2026-07-25 11:30:47 [http]: ::1 - - [25/Jul/2026:06:00:47 +0000] "POST /api/autofill/suggest HTTP/1.1" 200 - "-" "Mozilla/5.0 (Windows NT 10.0; Win64; x64) AppleWebKit/537.36 (KHTML, like Gecko) Chrome/150.0.0.0 Safari/537.36"
2026-07-25 11:30:54 [debug]: Falling back to AI for field: Credit Card Number
2026-07-25 11:30:54 [debug]: Falling back to AI for field: CCV
2026-07-25 11:30:54 [debug]: Falling back to AI for field: Favorite Movie
2026-07-25 11:30:55 [error]: AI classification error:
2026-07-25 11:30:55 [error]: AI classification error:
2026-07-25 11:30:55 [error]: AI classification error:
2026-07-25 11:30:55 [http]: ::1 - - [25/Jul/2026:06:00:55 +0000] "POST /api/autofill/suggest HTTP/1.1" 200 - "-" "Mozilla/5.0 (Windows NT 10.0; Win64; x64) AppleWebKit/537.36 (KHTML, like Gecko) Chrome/150.0.0.0 Safari/537.36"
2026-07-25 11:30:56 [http]: ::1 - - [25/Jul/2026:06:00:56 +0000] "POST /api/autofill/suggest HTTP/1.1" 429 42 "-" "Mozilla/5.0 (Windows NT 10.0; Win64; x64) AppleWebKit/537.36 (KHTML, like Gecko) Chrome/150.0.0.0 Safari/537.36"
2026-07-25 11:31:19 [info]: ✅ MongoDB connected: ac-b1tchrv-shard-00-00.r0rqul9.mongodb.net
2026-07-25 11:31:19 [info]: 🚀 Server running on http://localhost:3001
2026-07-25 11:31:19 [info]: 📁 Uploads: C:\Users\yasht\OneDrive\Desktop\oneTap\server\uploads
2026-07-25 11:31:55 [info]: ✅ MongoDB connected: ac-b1tchrv-shard-00-02.r0rqul9.mongodb.net
2026-07-25 11:31:55 [info]: 🚀 Server running on http://localhost:3001
2026-07-25 11:31:55 [info]: 📁 Uploads: C:\Users\yasht\OneDrive\Desktop\oneTap\server\uploads
2026-07-25 11:31:59 [debug]: Falling back to AI for field: Credit Card Number
2026-07-25 11:31:59 [debug]: Falling back to AI for field: CCV
2026-07-25 11:31:59 [debug]: Falling back to AI for field: Favorite Movie
2026-07-25 11:32:00 [error]: AI classification error:
2026-07-25 11:32:00 [error]: AI classification error:
2026-07-25 11:32:00 [error]: AI classification error:
2026-07-25 11:32:00 [http]: ::1 - - [25/Jul/2026:06:02:00 +0000] "POST /api/autofill/suggest HTTP/1.1" 200 - "-" "Mozilla/5.0 (Windows NT 10.0; Win64; x64) AppleWebKit/537.36 (KHTML, like Gecko) Chrome/150.0.0.0 Safari/537.36"
2026-07-25 11:32:07 [debug]: Falling back to AI for field: Credit Card Number
2026-07-25 11:32:07 [debug]: Falling back to AI for field: CCV
2026-07-25 11:32:07 [debug]: Falling back to AI for field: Favorite Movie
2026-07-25 11:32:08 [error]: AI classification error:
2026-07-25 11:32:08 [error]: AI classification error:
2026-07-25 11:32:08 [error]: AI classification error:
2026-07-25 11:32:08 [http]: ::1 - - [25/Jul/2026:06:02:08 +0000] "POST /api/autofill/suggest HTTP/1.1" 200 - "-" "Mozilla/5.0 (Windows NT 10.0; Win64; x64) AppleWebKit/537.36 (KHTML, like Gecko) Chrome/150.0.0.0 Safari/537.36"
2026-07-25 11:32:10 [debug]: Falling back to AI for field: Credit Card Number
2026-07-25 11:32:10 [debug]: Falling back to AI for field: CCV
2026-07-25 11:32:10 [debug]: Falling back to AI for field: Favorite Movie
2026-07-25 11:32:10 [error]: AI classification error:
2026-07-25 11:32:10 [error]: AI classification error:
2026-07-25 11:32:10 [error]: AI classification error:
2026-07-25 11:32:10 [http]: ::1 - - [25/Jul/2026:06:02:10 +0000] "POST /api/autofill/suggest HTTP/1.1" 200 - "-" "Mozilla/5.0 (Windows NT 10.0; Win64; x64) AppleWebKit/537.36 (KHTML, like Gecko) Chrome/150.0.0.0 Safari/537.36"
2026-07-25 11:33:09 [debug]: Falling back to AI for field: Credit Card Number
2026-07-25 11:33:09 [debug]: Falling back to AI for field: CCV
2026-07-25 11:33:09 [debug]: Falling back to AI for field: Favorite Movie
2026-07-25 11:33:10 [error]: AI classification error:
2026-07-25 11:33:10 [error]: AI classification error:
2026-07-25 11:33:10 [error]: AI classification error:
2026-07-25 11:33:10 [http]: ::1 - - [25/Jul/2026:06:03:10 +0000] "POST /api/autofill/suggest HTTP/1.1" 200 - "-" "Mozilla/5.0 (Windows NT 10.0; Win64; x64) AppleWebKit/537.36 (KHTML, like Gecko) Chrome/150.0.0.0 Safari/537.36"
2026-07-25 11:33:11 [debug]: Falling back to AI for field: Credit Card Number
2026-07-25 11:33:11 [debug]: Falling back to AI for field: CCV
2026-07-25 11:33:11 [debug]: Falling back to AI for field: Favorite Movie
2026-07-25 11:33:11 [error]: AI classification error:
2026-07-25 11:33:11 [error]: AI classification error:
2026-07-25 11:33:11 [error]: AI classification error:
2026-07-25 11:33:11 [http]: ::1 - - [25/Jul/2026:06:03:11 +0000] "POST /api/autofill/suggest HTTP/1.1" 200 - "-" "Mozilla/5.0 (Windows NT 10.0; Win64; x64) AppleWebKit/537.36 (KHTML, like Gecko) Chrome/150.0.0.0 Safari/537.36"
2026-07-25 11:33:19 [info]: ✅ MongoDB connected: ac-b1tchrv-shard-00-00.r0rqul9.mongodb.net
2026-07-25 11:33:19 [info]: 🚀 Server running on http://localhost:3001
2026-07-25 11:33:19 [info]: 📁 Uploads: C:\Users\yasht\OneDrive\Desktop\oneTap\server\uploads
2026-07-25 11:33:55 [debug]: Falling back to AI for field: Credit Card Number
2026-07-25 11:33:55 [debug]: Falling back to AI for field: CCV
2026-07-25 11:33:55 [debug]: Falling back to AI for field: Favorite Movie
2026-07-25 11:33:55 [error]: AI classification error: OpenRouter API error 429: {"error":{"message":"Rate limit exceeded: free-models-per-day. Add 5 credits to unlock 1000 free model requests per day","code":429,"metadata":{"headers":{"X-RateLimit-Limit":"50","X-RateLimit-Remaining":"0","X-RateLimit-Reset":"1785024000000"},"provider_name":null,"previous_errors":[{"code":429,"message":"Rate limit exceeded: free-models-per-day. Add 5 credits to unlock 1000 free model requests per day"},{"code":429,"message":"Rate limit exceeded: free-models-per-day. Add 5 credits to unlock 1000 free model requests per day"},{"code":429,"message":"Rate limit exceeded: free-models-per-day. Add 5 credits to unlock 1000 free model requests per day"},{"code":429,"message":"Rate limit exceeded: free-models-per-day. Add 5 credits to unlock 1000 free model requests per day"},{"code":429,"message":"Rate limit exceeded: free-models-per-day. Add 5 credits to unlock 1000 free model requests per day"},{"code":429,"message":"Rate limit exceeded: free-models-per-day. Add 5 credits to unlock 1000 free model requests per day"},{"code":429,"message":"Rate limit exceeded: free-models-per-day. Add 5 credits to unlock 1000 free model requests per day"},{"code":429,"message":"Rate limit exceeded: free-models-per-day. Add 5 credits to unlock 1000 free model requests per day"},{"code":429,"message":"Rate limit exceeded: free-models-per-day. Add 5 credits to unlock 1000 free model requests per day"},{"code":429,"message":"Rate limit exceeded: free-models-per-day. Add 5 credits to unlock 1000 free model requests per day"}]}},"user_id":"user_2vAj0cQHCGkujZAgFlQ28Jbaa10"}\nError: OpenRouter API error 429: {"error":{"message":"Rate limit exceeded: free-models-per-day. Add 5 credits to unlock 1000 free model requests per day","code":429,"metadata":{"headers":{"X-RateLimit-Limit":"50","X-RateLimit-Remaining":"0","X-RateLimit-Reset":"1785024000000"},"provider_name":null,"previous_errors":[{"code":429,"message":"Rate limit exceeded: free-models-per-day. Add 5 credits to unlock 1000 free model requests per day"},{"code":429,"message":"Rate limit exceeded: free-models-per-day. Add 5 credits to unlock 1000 free model requests per day"},{"code":429,"message":"Rate limit exceeded: free-models-per-day. Add 5 credits to unlock 1000 free model requests per day"},{"code":429,"message":"Rate limit exceeded: free-models-per-day. Add 5 credits to unlock 1000 free model requests per day"},{"code":429,"message":"Rate limit exceeded: free-models-per-day. Add 5 credits to unlock 1000 free model requests per day"},{"code":429,"message":"Rate limit exceeded: free-models-per-day. Add 5 credits to unlock 1000 free model requests per day"},{"code":429,"message":"Rate limit exceeded: free-models-per-day. Add 5 credits to unlock 1000 free model requests per day"},{"code":429,"message":"Rate limit exceeded: free-models-per-day. Add 5 credits to unlock 1000 free model requests per day"},{"code":429,"message":"Rate limit exceeded: free-models-per-day. Add 5 credits to unlock 1000 free model requests per day"},{"code":429,"message":"Rate limit exceeded: free-models-per-day. Add 5 credits to unlock 1000 free model requests per day"}]}},"user_id":"user_2vAj0cQHCGkujZAgFlQ28Jbaa10"}
    at classifyField (C:\Users\yasht\OneDrive\Desktop\oneTap\server\src\services\aiService.js:68:13)
    at process.processTicksAndRejections (node:internal/process/task_queues:103:5)
    at async C:\Users\yasht\OneDrive\Desktop\oneTap\server\src\routes\autofill.js:119:30
    at async Promise.all (index 25)
    at async C:\Users\yasht\OneDrive\Desktop\oneTap\server\src\routes\autofill.js:61:25
2026-07-25 11:33:56 [error]: AI classification error: OpenRouter API error 429: {"error":{"message":"Rate limit exceeded: free-models-per-day. Add 5 credits to unlock 1000 free model requests per day","code":429,"metadata":{"headers":{"X-RateLimit-Limit":"50","X-RateLimit-Remaining":"0","X-RateLimit-Reset":"1785024000000"},"provider_name":null,"previous_errors":[{"code":429,"message":"Rate limit exceeded: free-models-per-day. Add 5 credits to unlock 1000 free model requests per day"},{"code":429,"message":"Rate limit exceeded: free-models-per-day. Add 5 credits to unlock 1000 free model requests per day"},{"code":429,"message":"Rate limit exceeded: free-models-per-day. Add 5 credits to unlock 1000 free model requests per day"},{"code":429,"message":"Rate limit exceeded: free-models-per-day. Add 5 credits to unlock 1000 free model requests per day"},{"code":429,"message":"Rate limit exceeded: free-models-per-day. Add 5 credits to unlock 1000 free model requests per day"},{"code":429,"message":"Rate limit exceeded: free-models-per-day. Add 5 credits to unlock 1000 free model requests per day"},{"code":429,"message":"Rate limit exceeded: free-models-per-day. Add 5 credits to unlock 1000 free model requests per day"},{"code":429,"message":"Rate limit exceeded: free-models-per-day. Add 5 credits to unlock 1000 free model requests per day"},{"code":429,"message":"Rate limit exceeded: free-models-per-day. Add 5 credits to unlock 1000 free model requests per day"},{"code":429,"message":"Rate limit exceeded: free-models-per-day. Add 5 credits to unlock 1000 free model requests per day"}]}},"user_id":"user_2vAj0cQHCGkujZAgFlQ28Jbaa10"}\nError: OpenRouter API error 429: {"error":{"message":"Rate limit exceeded: free-models-per-day. Add 5 credits to unlock 1000 free model requests per day","code":429,"metadata":{"headers":{"X-RateLimit-Limit":"50","X-RateLimit-Remaining":"0","X-RateLimit-Reset":"1785024000000"},"provider_name":null,"previous_errors":[{"code":429,"message":"Rate limit exceeded: free-models-per-day. Add 5 credits to unlock 1000 free model requests per day"},{"code":429,"message":"Rate limit exceeded: free-models-per-day. Add 5 credits to unlock 1000 free model requests per day"},{"code":429,"message":"Rate limit exceeded: free-models-per-day. Add 5 credits to unlock 1000 free model requests per day"},{"code":429,"message":"Rate limit exceeded: free-models-per-day. Add 5 credits to unlock 1000 free model requests per day"},{"code":429,"message":"Rate limit exceeded: free-models-per-day. Add 5 credits to unlock 1000 free model requests per day"},{"code":429,"message":"Rate limit exceeded: free-models-per-day. Add 5 credits to unlock 1000 free model requests per day"},{"code":429,"message":"Rate limit exceeded: free-models-per-day. Add 5 credits to unlock 1000 free model requests per day"},{"code":429,"message":"Rate limit exceeded: free-models-per-day. Add 5 credits to unlock 1000 free model requests per day"},{"code":429,"message":"Rate limit exceeded: free-models-per-day. Add 5 credits to unlock 1000 free model requests per day"},{"code":429,"message":"Rate limit exceeded: free-models-per-day. Add 5 credits to unlock 1000 free model requests per day"}]}},"user_id":"user_2vAj0cQHCGkujZAgFlQ28Jbaa10"}
    at classifyField (C:\Users\yasht\OneDrive\Desktop\oneTap\server\src\services\aiService.js:68:13)
    at process.processTicksAndRejections (node:internal/process/task_queues:103:5)
    at async C:\Users\yasht\OneDrive\Desktop\oneTap\server\src\routes\autofill.js:119:30
    at async Promise.all (index 21)
    at async C:\Users\yasht\OneDrive\Desktop\oneTap\server\src\routes\autofill.js:61:25
2026-07-25 11:33:56 [error]: AI classification error: OpenRouter API error 429: {"error":{"message":"Rate limit exceeded: free-models-per-day. Add 5 credits to unlock 1000 free model requests per day","code":429,"metadata":{"headers":{"X-RateLimit-Limit":"50","X-RateLimit-Remaining":"0","X-RateLimit-Reset":"1785024000000"},"provider_name":null,"previous_errors":[{"code":429,"message":"Rate limit exceeded: free-models-per-day. Add 5 credits to unlock 1000 free model requests per day"},{"code":429,"message":"Rate limit exceeded: free-models-per-day. Add 5 credits to unlock 1000 free model requests per day"},{"code":429,"message":"Rate limit exceeded: free-models-per-day. Add 5 credits to unlock 1000 free model requests per day"},{"code":429,"message":"Rate limit exceeded: free-models-per-day. Add 5 credits to unlock 1000 free model requests per day"},{"code":429,"message":"Rate limit exceeded: free-models-per-day. Add 5 credits to unlock 1000 free model requests per day"},{"code":429,"message":"Rate limit exceeded: free-models-per-day. Add 5 credits to unlock 1000 free model requests per day"},{"code":429,"message":"Rate limit exceeded: free-models-per-day. Add 5 credits to unlock 1000 free model requests per day"},{"code":429,"message":"Rate limit exceeded: free-models-per-day. Add 5 credits to unlock 1000 free model requests per day"},{"code":429,"message":"Rate limit exceeded: free-models-per-day. Add 5 credits to unlock 1000 free model requests per day"},{"code":429,"message":"Rate limit exceeded: free-models-per-day. Add 5 credits to unlock 1000 free model requests per day"}]}},"user_id":"user_2vAj0cQHCGkujZAgFlQ28Jbaa10"}\nError: OpenRouter API error 429: {"error":{"message":"Rate limit exceeded: free-models-per-day. Add 5 credits to unlock 1000 free model requests per day","code":429,"metadata":{"headers":{"X-RateLimit-Limit":"50","X-RateLimit-Remaining":"0","X-RateLimit-Reset":"1785024000000"},"provider_name":null,"previous_errors":[{"code":429,"message":"Rate limit exceeded: free-models-per-day. Add 5 credits to unlock 1000 free model requests per day"},{"code":429,"message":"Rate limit exceeded: free-models-per-day. Add 5 credits to unlock 1000 free model requests per day"},{"code":429,"message":"Rate limit exceeded: free-models-per-day. Add 5 credits to unlock 1000 free model requests per day"},{"code":429,"message":"Rate limit exceeded: free-models-per-day. Add 5 credits to unlock 1000 free model requests per day"},{"code":429,"message":"Rate limit exceeded: free-models-per-day. Add 5 credits to unlock 1000 free model requests per day"},{"code":429,"message":"Rate limit exceeded: free-models-per-day. Add 5 credits to unlock 1000 free model requests per day"},{"code":429,"message":"Rate limit exceeded: free-models-per-day. Add 5 credits to unlock 1000 free model requests per day"},{"code":429,"message":"Rate limit exceeded: free-models-per-day. Add 5 credits to unlock 1000 free model requests per day"},{"code":429,"message":"Rate limit exceeded: free-models-per-day. Add 5 credits to unlock 1000 free model requests per day"},{"code":429,"message":"Rate limit exceeded: free-models-per-day. Add 5 credits to unlock 1000 free model requests per day"}]}},"user_id":"user_2vAj0cQHCGkujZAgFlQ28Jbaa10"}
    at classifyField (C:\Users\yasht\OneDrive\Desktop\oneTap\server\src\services\aiService.js:68:13)
    at process.processTicksAndRejections (node:internal/process/task_queues:103:5)
    at async C:\Users\yasht\OneDrive\Desktop\oneTap\server\src\routes\autofill.js:119:30
    at async Promise.all (index 20)
    at async C:\Users\yasht\OneDrive\Desktop\oneTap\server\src\routes\autofill.js:61:25
2026-07-25 11:33:56 [http]: ::1 - - [25/Jul/2026:06:03:56 +0000] "POST /api/autofill/suggest HTTP/1.1" 200 - "-" "Mozilla/5.0 (Windows NT 10.0; Win64; x64) AppleWebKit/537.36 (KHTML, like Gecko) Chrome/150.0.0.0 Safari/537.36"
2026-07-25 11:34:43 [http]: ::1 - - [25/Jul/2026:06:04:43 +0000] "POST /api/autofill/suggest HTTP/1.1" 200 306 "-" "Mozilla/5.0 (Windows NT 10.0; Win64; x64) AppleWebKit/537.36 (KHTML, like Gecko) Chrome/150.0.0.0 Safari/537.36"
2026-07-25 11:35:13 [debug]: Falling back to AI for field: Credit Card Number
2026-07-25 11:35:13 [debug]: Falling back to AI for field: CCV
2026-07-25 11:35:13 [debug]: Falling back to AI for field: Favorite Movie
2026-07-25 11:35:15 [error]: AI classification error: OpenRouter API error 429: {"error":{"message":"Rate limit exceeded: free-models-per-day. Add 5 credits to unlock 1000 free model requests per day","code":429,"metadata":{"headers":{"X-RateLimit-Limit":"50","X-RateLimit-Remaining":"0","X-RateLimit-Reset":"1785024000000"},"provider_name":null,"previous_errors":[{"code":429,"message":"Rate limit exceeded: free-models-per-day. Add 5 credits to unlock 1000 free model requests per day"},{"code":429,"message":"Rate limit exceeded: free-models-per-day. Add 5 credits to unlock 1000 free model requests per day"},{"code":429,"message":"Rate limit exceeded: free-models-per-day. Add 5 credits to unlock 1000 free model requests per day"},{"code":429,"message":"Rate limit exceeded: free-models-per-day. Add 5 credits to unlock 1000 free model requests per day"},{"code":429,"message":"Rate limit exceeded: free-models-per-day. Add 5 credits to unlock 1000 free model requests per day"},{"code":429,"message":"Rate limit exceeded: free-models-per-day. Add 5 credits to unlock 1000 free model requests per day"},{"code":429,"message":"Rate limit exceeded: free-models-per-day. Add 5 credits to unlock 1000 free model requests per day"},{"code":429,"message":"Rate limit exceeded: free-models-per-day. Add 5 credits to unlock 1000 free model requests per day"},{"code":429,"message":"Rate limit exceeded: free-models-per-day. Add 5 credits to unlock 1000 free model requests per day"}]}},"user_id":"user_2vAj0cQHCGkujZAgFlQ28Jbaa10"}\nError: OpenRouter API error 429: {"error":{"message":"Rate limit exceeded: free-models-per-day. Add 5 credits to unlock 1000 free model requests per day","code":429,"metadata":{"headers":{"X-RateLimit-Limit":"50","X-RateLimit-Remaining":"0","X-RateLimit-Reset":"1785024000000"},"provider_name":null,"previous_errors":[{"code":429,"message":"Rate limit exceeded: free-models-per-day. Add 5 credits to unlock 1000 free model requests per day"},{"code":429,"message":"Rate limit exceeded: free-models-per-day. Add 5 credits to unlock 1000 free model requests per day"},{"code":429,"message":"Rate limit exceeded: free-models-per-day. Add 5 credits to unlock 1000 free model requests per day"},{"code":429,"message":"Rate limit exceeded: free-models-per-day. Add 5 credits to unlock 1000 free model requests per day"},{"code":429,"message":"Rate limit exceeded: free-models-per-day. Add 5 credits to unlock 1000 free model requests per day"},{"code":429,"message":"Rate limit exceeded: free-models-per-day. Add 5 credits to unlock 1000 free model requests per day"},{"code":429,"message":"Rate limit exceeded: free-models-per-day. Add 5 credits to unlock 1000 free model requests per day"},{"code":429,"message":"Rate limit exceeded: free-models-per-day. Add 5 credits to unlock 1000 free model requests per day"},{"code":429,"message":"Rate limit exceeded: free-models-per-day. Add 5 credits to unlock 1000 free model requests per day"}]}},"user_id":"user_2vAj0cQHCGkujZAgFlQ28Jbaa10"}
    at classifyField (C:\Users\yasht\OneDrive\Desktop\oneTap\server\src\services\aiService.js:68:13)
    at process.processTicksAndRejections (node:internal/process/task_queues:103:5)
    at async C:\Users\yasht\OneDrive\Desktop\oneTap\server\src\routes\autofill.js:119:30
    at async Promise.all (index 20)
    at async C:\Users\yasht\OneDrive\Desktop\oneTap\server\src\routes\autofill.js:61:25
2026-07-25 11:35:15 [error]: AI classification error: OpenRouter API error 429: {"error":{"message":"Rate limit exceeded: free-models-per-day. Add 5 credits to unlock 1000 free model requests per day","code":429,"metadata":{"headers":{"X-RateLimit-Limit":"50","X-RateLimit-Remaining":"0","X-RateLimit-Reset":"1785024000000"},"provider_name":null,"previous_errors":[{"code":429,"message":"Rate limit exceeded: free-models-per-day. Add 5 credits to unlock 1000 free model requests per day"},{"code":429,"message":"Rate limit exceeded: free-models-per-day. Add 5 credits to unlock 1000 free model requests per day"},{"code":429,"message":"Rate limit exceeded: free-models-per-day. Add 5 credits to unlock 1000 free model requests per day"},{"code":429,"message":"Rate limit exceeded: free-models-per-day. Add 5 credits to unlock 1000 free model requests per day"},{"code":429,"message":"Rate limit exceeded: free-models-per-day. Add 5 credits to unlock 1000 free model requests per day"},{"code":429,"message":"Rate limit exceeded: free-models-per-day. Add 5 credits to unlock 1000 free model requests per day"},{"code":429,"message":"Rate limit exceeded: free-models-per-day. Add 5 credits to unlock 1000 free model requests per day"},{"code":429,"message":"Rate limit exceeded: free-models-per-day. Add 5 credits to unlock 1000 free model requests per day"},{"code":429,"message":"Rate limit exceeded: free-models-per-day. Add 5 credits to unlock 1000 free model requests per day"},{"code":429,"message":"Rate limit exceeded: free-models-per-day. Add 5 credits to unlock 1000 free model requests per day"}]}},"user_id":"user_2vAj0cQHCGkujZAgFlQ28Jbaa10"}\nError: OpenRouter API error 429: {"error":{"message":"Rate limit exceeded: free-models-per-day. Add 5 credits to unlock 1000 free model requests per day","code":429,"metadata":{"headers":{"X-RateLimit-Limit":"50","X-RateLimit-Remaining":"0","X-RateLimit-Reset":"1785024000000"},"provider_name":null,"previous_errors":[{"code":429,"message":"Rate limit exceeded: free-models-per-day. Add 5 credits to unlock 1000 free model requests per day"},{"code":429,"message":"Rate limit exceeded: free-models-per-day. Add 5 credits to unlock 1000 free model requests per day"},{"code":429,"message":"Rate limit exceeded: free-models-per-day. Add 5 credits to unlock 1000 free model requests per day"},{"code":429,"message":"Rate limit exceeded: free-models-per-day. Add 5 credits to unlock 1000 free model requests per day"},{"code":429,"message":"Rate limit exceeded: free-models-per-day. Add 5 credits to unlock 1000 free model requests per day"},{"code":429,"message":"Rate limit exceeded: free-models-per-day. Add 5 credits to unlock 1000 free model requests per day"},{"code":429,"message":"Rate limit exceeded: free-models-per-day. Add 5 credits to unlock 1000 free model requests per day"},{"code":429,"message":"Rate limit exceeded: free-models-per-day. Add 5 credits to unlock 1000 free model requests per day"},{"code":429,"message":"Rate limit exceeded: free-models-per-day. Add 5 credits to unlock 1000 free model requests per day"},{"code":429,"message":"Rate limit exceeded: free-models-per-day. Add 5 credits to unlock 1000 free model requests per day"}]}},"user_id":"user_2vAj0cQHCGkujZAgFlQ28Jbaa10"}
    at classifyField (C:\Users\yasht\OneDrive\Desktop\oneTap\server\src\services\aiService.js:68:13)
    at process.processTicksAndRejections (node:internal/process/task_queues:103:5)
    at async C:\Users\yasht\OneDrive\Desktop\oneTap\server\src\routes\autofill.js:119:30
    at async Promise.all (index 25)
    at async C:\Users\yasht\OneDrive\Desktop\oneTap\server\src\routes\autofill.js:61:25
2026-07-25 11:35:15 [error]: AI classification error: OpenRouter API error 429: {"error":{"message":"Rate limit exceeded: free-models-per-day. Add 5 credits to unlock 1000 free model requests per day","code":429,"metadata":{"headers":{"X-RateLimit-Limit":"50","X-RateLimit-Remaining":"0","X-RateLimit-Reset":"1785024000000"},"provider_name":null,"previous_errors":[{"code":429,"message":"Rate limit exceeded: free-models-per-day. Add 5 credits to unlock 1000 free model requests per day"},{"code":429,"message":"Rate limit exceeded: free-models-per-day. Add 5 credits to unlock 1000 free model requests per day"},{"code":429,"message":"Rate limit exceeded: free-models-per-day. Add 5 credits to unlock 1000 free model requests per day"},{"code":429,"message":"Rate limit exceeded: free-models-per-day. Add 5 credits to unlock 1000 free model requests per day"},{"code":429,"message":"Rate limit exceeded: free-models-per-day. Add 5 credits to unlock 1000 free model requests per day"},{"code":429,"message":"Rate limit exceeded: free-models-per-day. Add 5 credits to unlock 1000 free model requests per day"},{"code":429,"message":"Rate limit exceeded: free-models-per-day. Add 5 credits to unlock 1000 free model requests per day"},{"code":429,"message":"Rate limit exceeded: free-models-per-day. Add 5 credits to unlock 1000 free model requests per day"},{"code":429,"message":"Rate limit exceeded: free-models-per-day. Add 5 credits to unlock 1000 free model requests per day"},{"code":429,"message":"Rate limit exceeded: free-models-per-day. Add 5 credits to unlock 1000 free model requests per day"}]}},"user_id":"user_2vAj0cQHCGkujZAgFlQ28Jbaa10"}\nError: OpenRouter API error 429: {"error":{"message":"Rate limit exceeded: free-models-per-day. Add 5 credits to unlock 1000 free model requests per day","code":429,"metadata":{"headers":{"X-RateLimit-Limit":"50","X-RateLimit-Remaining":"0","X-RateLimit-Reset":"1785024000000"},"provider_name":null,"previous_errors":[{"code":429,"message":"Rate limit exceeded: free-models-per-day. Add 5 credits to unlock 1000 free model requests per day"},{"code":429,"message":"Rate limit exceeded: free-models-per-day. Add 5 credits to unlock 1000 free model requests per day"},{"code":429,"message":"Rate limit exceeded: free-models-per-day. Add 5 credits to unlock 1000 free model requests per day"},{"code":429,"message":"Rate limit exceeded: free-models-per-day. Add 5 credits to unlock 1000 free model requests per day"},{"code":429,"message":"Rate limit exceeded: free-models-per-day. Add 5 credits to unlock 1000 free model requests per day"},{"code":429,"message":"Rate limit exceeded: free-models-per-day. Add 5 credits to unlock 1000 free model requests per day"},{"code":429,"message":"Rate limit exceeded: free-models-per-day. Add 5 credits to unlock 1000 free model requests per day"},{"code":429,"message":"Rate limit exceeded: free-models-per-day. Add 5 credits to unlock 1000 free model requests per day"},{"code":429,"message":"Rate limit exceeded: free-models-per-day. Add 5 credits to unlock 1000 free model requests per day"},{"code":429,"message":"Rate limit exceeded: free-models-per-day. Add 5 credits to unlock 1000 free model requests per day"}]}},"user_id":"user_2vAj0cQHCGkujZAgFlQ28Jbaa10"}
    at classifyField (C:\Users\yasht\OneDrive\Desktop\oneTap\server\src\services\aiService.js:68:13)
    at process.processTicksAndRejections (node:internal/process/task_queues:103:5)
    at async C:\Users\yasht\OneDrive\Desktop\oneTap\server\src\routes\autofill.js:119:30
    at async Promise.all (index 21)
    at async C:\Users\yasht\OneDrive\Desktop\oneTap\server\src\routes\autofill.js:61:25
2026-07-25 11:35:15 [http]: ::1 - - [25/Jul/2026:06:05:15 +0000] "POST /api/autofill/suggest HTTP/1.1" 200 - "-" "Mozilla/5.0 (Windows NT 10.0; Win64; x64) AppleWebKit/537.36 (KHTML, like Gecko) Chrome/150.0.0.0 Safari/537.36"
2026-07-25 11:35:47 [debug]: Falling back to AI for field: Credit Card Number
2026-07-25 11:35:47 [debug]: Falling back to AI for field: CCV
2026-07-25 11:35:47 [debug]: Falling back to AI for field: Favorite Movie
2026-07-25 11:35:48 [error]: AI classification error: OpenRouter API error 429: {"error":{"message":"Rate limit exceeded: free-models-per-day. Add 5 credits to unlock 1000 free model requests per day","code":429,"metadata":{"headers":{"X-RateLimit-Limit":"50","X-RateLimit-Remaining":"0","X-RateLimit-Reset":"1785024000000"},"provider_name":null,"previous_errors":[{"code":429,"message":"Rate limit exceeded: free-models-per-day. Add 5 credits to unlock 1000 free model requests per day"},{"code":429,"message":"Rate limit exceeded: free-models-per-day. Add 5 credits to unlock 1000 free model requests per day"},{"code":429,"message":"Rate limit exceeded: free-models-per-day. Add 5 credits to unlock 1000 free model requests per day"},{"code":429,"message":"Rate limit exceeded: free-models-per-day. Add 5 credits to unlock 1000 free model requests per day"},{"code":429,"message":"Rate limit exceeded: free-models-per-day. Add 5 credits to unlock 1000 free model requests per day"},{"code":429,"message":"Rate limit exceeded: free-models-per-day. Add 5 credits to unlock 1000 free model requests per day"},{"code":429,"message":"Rate limit exceeded: free-models-per-day. Add 5 credits to unlock 1000 free model requests per day"},{"code":429,"message":"Rate limit exceeded: free-models-per-day. Add 5 credits to unlock 1000 free model requests per day"},{"code":429,"message":"Rate limit exceeded: free-models-per-day. Add 5 credits to unlock 1000 free model requests per day"},{"code":429,"message":"Rate limit exceeded: free-models-per-day. Add 5 credits to unlock 1000 free model requests per day"}]}},"user_id":"user_2vAj0cQHCGkujZAgFlQ28Jbaa10"}\nError: OpenRouter API error 429: {"error":{"message":"Rate limit exceeded: free-models-per-day. Add 5 credits to unlock 1000 free model requests per day","code":429,"metadata":{"headers":{"X-RateLimit-Limit":"50","X-RateLimit-Remaining":"0","X-RateLimit-Reset":"1785024000000"},"provider_name":null,"previous_errors":[{"code":429,"message":"Rate limit exceeded: free-models-per-day. Add 5 credits to unlock 1000 free model requests per day"},{"code":429,"message":"Rate limit exceeded: free-models-per-day. Add 5 credits to unlock 1000 free model requests per day"},{"code":429,"message":"Rate limit exceeded: free-models-per-day. Add 5 credits to unlock 1000 free model requests per day"},{"code":429,"message":"Rate limit exceeded: free-models-per-day. Add 5 credits to unlock 1000 free model requests per day"},{"code":429,"message":"Rate limit exceeded: free-models-per-day. Add 5 credits to unlock 1000 free model requests per day"},{"code":429,"message":"Rate limit exceeded: free-models-per-day. Add 5 credits to unlock 1000 free model requests per day"},{"code":429,"message":"Rate limit exceeded: free-models-per-day. Add 5 credits to unlock 1000 free model requests per day"},{"code":429,"message":"Rate limit exceeded: free-models-per-day. Add 5 credits to unlock 1000 free model requests per day"},{"code":429,"message":"Rate limit exceeded: free-models-per-day. Add 5 credits to unlock 1000 free model requests per day"},{"code":429,"message":"Rate limit exceeded: free-models-per-day. Add 5 credits to unlock 1000 free model requests per day"}]}},"user_id":"user_2vAj0cQHCGkujZAgFlQ28Jbaa10"}
    at classifyField (C:\Users\yasht\OneDrive\Desktop\oneTap\server\src\services\aiService.js:68:13)
    at process.processTicksAndRejections (node:internal/process/task_queues:103:5)
    at async C:\Users\yasht\OneDrive\Desktop\oneTap\server\src\routes\autofill.js:119:30
    at async Promise.all (index 21)
    at async C:\Users\yasht\OneDrive\Desktop\oneTap\server\src\routes\autofill.js:61:25
2026-07-25 11:35:48 [error]: AI classification error: OpenRouter API error 429: {"error":{"message":"Rate limit exceeded: free-models-per-day. Add 5 credits to unlock 1000 free model requests per day","code":429,"metadata":{"headers":{"X-RateLimit-Limit":"50","X-RateLimit-Remaining":"0","X-RateLimit-Reset":"1785024000000"},"provider_name":null,"previous_errors":[{"code":429,"message":"Rate limit exceeded: free-models-per-day. Add 5 credits to unlock 1000 free model requests per day"},{"code":429,"message":"Rate limit exceeded: free-models-per-day. Add 5 credits to unlock 1000 free model requests per day"},{"code":429,"message":"Rate limit exceeded: free-models-per-day. Add 5 credits to unlock 1000 free model requests per day"},{"code":429,"message":"Rate limit exceeded: free-models-per-day. Add 5 credits to unlock 1000 free model requests per day"},{"code":429,"message":"Rate limit exceeded: free-models-per-day. Add 5 credits to unlock 1000 free model requests per day"},{"code":429,"message":"Rate limit exceeded: free-models-per-day. Add 5 credits to unlock 1000 free model requests per day"},{"code":429,"message":"Rate limit exceeded: free-models-per-day. Add 5 credits to unlock 1000 free model requests per day"},{"code":429,"message":"Rate limit exceeded: free-models-per-day. Add 5 credits to unlock 1000 free model requests per day"},{"code":429,"message":"Rate limit exceeded: free-models-per-day. Add 5 credits to unlock 1000 free model requests per day"},{"code":429,"message":"Rate limit exceeded: free-models-per-day. Add 5 credits to unlock 1000 free model requests per day"}]}},"user_id":"user_2vAj0cQHCGkujZAgFlQ28Jbaa10"}\nError: OpenRouter API error 429: {"error":{"message":"Rate limit exceeded: free-models-per-day. Add 5 credits to unlock 1000 free model requests per day","code":429,"metadata":{"headers":{"X-RateLimit-Limit":"50","X-RateLimit-Remaining":"0","X-RateLimit-Reset":"1785024000000"},"provider_name":null,"previous_errors":[{"code":429,"message":"Rate limit exceeded: free-models-per-day. Add 5 credits to unlock 1000 free model requests per day"},{"code":429,"message":"Rate limit exceeded: free-models-per-day. Add 5 credits to unlock 1000 free model requests per day"},{"code":429,"message":"Rate limit exceeded: free-models-per-day. Add 5 credits to unlock 1000 free model requests per day"},{"code":429,"message":"Rate limit exceeded: free-models-per-day. Add 5 credits to unlock 1000 free model requests per day"},{"code":429,"message":"Rate limit exceeded: free-models-per-day. Add 5 credits to unlock 1000 free model requests per day"},{"code":429,"message":"Rate limit exceeded: free-models-per-day. Add 5 credits to unlock 1000 free model requests per day"},{"code":429,"message":"Rate limit exceeded: free-models-per-day. Add 5 credits to unlock 1000 free model requests per day"},{"code":429,"message":"Rate limit exceeded: free-models-per-day. Add 5 credits to unlock 1000 free model requests per day"},{"code":429,"message":"Rate limit exceeded: free-models-per-day. Add 5 credits to unlock 1000 free model requests per day"},{"code":429,"message":"Rate limit exceeded: free-models-per-day. Add 5 credits to unlock 1000 free model requests per day"}]}},"user_id":"user_2vAj0cQHCGkujZAgFlQ28Jbaa10"}
    at classifyField (C:\Users\yasht\OneDrive\Desktop\oneTap\server\src\services\aiService.js:68:13)
    at process.processTicksAndRejections (node:internal/process/task_queues:103:5)
    at async C:\Users\yasht\OneDrive\Desktop\oneTap\server\src\routes\autofill.js:119:30
    at async Promise.all (index 20)
    at async C:\Users\yasht\OneDrive\Desktop\oneTap\server\src\routes\autofill.js:61:25
2026-07-25 11:35:48 [error]: AI classification error: OpenRouter API error 429: {"error":{"message":"Rate limit exceeded: free-models-per-day. Add 5 credits to unlock 1000 free model requests per day","code":429,"metadata":{"headers":{"X-RateLimit-Limit":"50","X-RateLimit-Remaining":"0","X-RateLimit-Reset":"1785024000000"},"provider_name":null,"previous_errors":[{"code":429,"message":"Rate limit exceeded: free-models-per-day. Add 5 credits to unlock 1000 free model requests per day"},{"code":429,"message":"Rate limit exceeded: free-models-per-day. Add 5 credits to unlock 1000 free model requests per day"},{"code":429,"message":"Rate limit exceeded: free-models-per-day. Add 5 credits to unlock 1000 free model requests per day"},{"code":429,"message":"Rate limit exceeded: free-models-per-day. Add 5 credits to unlock 1000 free model requests per day"},{"code":429,"message":"Rate limit exceeded: free-models-per-day. Add 5 credits to unlock 1000 free model requests per day"},{"code":429,"message":"Rate limit exceeded: free-models-per-day. Add 5 credits to unlock 1000 free model requests per day"},{"code":429,"message":"Rate limit exceeded: free-models-per-day. Add 5 credits to unlock 1000 free model requests per day"},{"code":429,"message":"Rate limit exceeded: free-models-per-day. Add 5 credits to unlock 1000 free model requests per day"},{"code":429,"message":"Rate limit exceeded: free-models-per-day. Add 5 credits to unlock 1000 free model requests per day"}]}},"user_id":"user_2vAj0cQHCGkujZAgFlQ28Jbaa10"}\nError: OpenRouter API error 429: {"error":{"message":"Rate limit exceeded: free-models-per-day. Add 5 credits to unlock 1000 free model requests per day","code":429,"metadata":{"headers":{"X-RateLimit-Limit":"50","X-RateLimit-Remaining":"0","X-RateLimit-Reset":"1785024000000"},"provider_name":null,"previous_errors":[{"code":429,"message":"Rate limit exceeded: free-models-per-day. Add 5 credits to unlock 1000 free model requests per day"},{"code":429,"message":"Rate limit exceeded: free-models-per-day. Add 5 credits to unlock 1000 free model requests per day"},{"code":429,"message":"Rate limit exceeded: free-models-per-day. Add 5 credits to unlock 1000 free model requests per day"},{"code":429,"message":"Rate limit exceeded: free-models-per-day. Add 5 credits to unlock 1000 free model requests per day"},{"code":429,"message":"Rate limit exceeded: free-models-per-day. Add 5 credits to unlock 1000 free model requests per day"},{"code":429,"message":"Rate limit exceeded: free-models-per-day. Add 5 credits to unlock 1000 free model requests per day"},{"code":429,"message":"Rate limit exceeded: free-models-per-day. Add 5 credits to unlock 1000 free model requests per day"},{"code":429,"message":"Rate limit exceeded: free-models-per-day. Add 5 credits to unlock 1000 free model requests per day"},{"code":429,"message":"Rate limit exceeded: free-models-per-day. Add 5 credits to unlock 1000 free model requests per day"}]}},"user_id":"user_2vAj0cQHCGkujZAgFlQ28Jbaa10"}
    at classifyField (C:\Users\yasht\OneDrive\Desktop\oneTap\server\src\services\aiService.js:68:13)
    at process.processTicksAndRejections (node:internal/process/task_queues:103:5)
    at async C:\Users\yasht\OneDrive\Desktop\oneTap\server\src\routes\autofill.js:119:30
    at async Promise.all (index 25)
    at async C:\Users\yasht\OneDrive\Desktop\oneTap\server\src\routes\autofill.js:61:25
2026-07-25 11:35:48 [http]: ::1 - - [25/Jul/2026:06:05:48 +0000] "POST /api/autofill/suggest HTTP/1.1" 200 - "-" "Mozilla/5.0 (Windows NT 10.0; Win64; x64) AppleWebKit/537.36 (KHTML, like Gecko) Chrome/150.0.0.0 Safari/537.36"
2026-07-25 11:35:49 [debug]: Falling back to AI for field: Credit Card Number
2026-07-25 11:35:49 [debug]: Falling back to AI for field: CCV
2026-07-25 11:35:49 [debug]: Falling back to AI for field: Favorite Movie
2026-07-25 11:35:50 [error]: AI classification error: OpenRouter API error 429: {"error":{"message":"Rate limit exceeded: free-models-per-day. Add 5 credits to unlock 1000 free model requests per day","code":429,"metadata":{"headers":{"X-RateLimit-Limit":"50","X-RateLimit-Remaining":"0","X-RateLimit-Reset":"1785024000000"},"provider_name":null,"previous_errors":[{"code":429,"message":"Rate limit exceeded: free-models-per-day. Add 5 credits to unlock 1000 free model requests per day"},{"code":429,"message":"Rate limit exceeded: free-models-per-day. Add 5 credits to unlock 1000 free model requests per day"},{"code":429,"message":"Rate limit exceeded: free-models-per-day. Add 5 credits to unlock 1000 free model requests per day"},{"code":429,"message":"Rate limit exceeded: free-models-per-day. Add 5 credits to unlock 1000 free model requests per day"},{"code":429,"message":"Rate limit exceeded: free-models-per-day. Add 5 credits to unlock 1000 free model requests per day"},{"code":429,"message":"Rate limit exceeded: free-models-per-day. Add 5 credits to unlock 1000 free model requests per day"},{"code":429,"message":"Rate limit exceeded: free-models-per-day. Add 5 credits to unlock 1000 free model requests per day"},{"code":429,"message":"Rate limit exceeded: free-models-per-day. Add 5 credits to unlock 1000 free model requests per day"},{"code":429,"message":"Rate limit exceeded: free-models-per-day. Add 5 credits to unlock 1000 free model requests per day"},{"code":429,"message":"Rate limit exceeded: free-models-per-day. Add 5 credits to unlock 1000 free model requests per day"}]}},"user_id":"user_2vAj0cQHCGkujZAgFlQ28Jbaa10"}\nError: OpenRouter API error 429: {"error":{"message":"Rate limit exceeded: free-models-per-day. Add 5 credits to unlock 1000 free model requests per day","code":429,"metadata":{"headers":{"X-RateLimit-Limit":"50","X-RateLimit-Remaining":"0","X-RateLimit-Reset":"1785024000000"},"provider_name":null,"previous_errors":[{"code":429,"message":"Rate limit exceeded: free-models-per-day. Add 5 credits to unlock 1000 free model requests per day"},{"code":429,"message":"Rate limit exceeded: free-models-per-day. Add 5 credits to unlock 1000 free model requests per day"},{"code":429,"message":"Rate limit exceeded: free-models-per-day. Add 5 credits to unlock 1000 free model requests per day"},{"code":429,"message":"Rate limit exceeded: free-models-per-day. Add 5 credits to unlock 1000 free model requests per day"},{"code":429,"message":"Rate limit exceeded: free-models-per-day. Add 5 credits to unlock 1000 free model requests per day"},{"code":429,"message":"Rate limit exceeded: free-models-per-day. Add 5 credits to unlock 1000 free model requests per day"},{"code":429,"message":"Rate limit exceeded: free-models-per-day. Add 5 credits to unlock 1000 free model requests per day"},{"code":429,"message":"Rate limit exceeded: free-models-per-day. Add 5 credits to unlock 1000 free model requests per day"},{"code":429,"message":"Rate limit exceeded: free-models-per-day. Add 5 credits to unlock 1000 free model requests per day"},{"code":429,"message":"Rate limit exceeded: free-models-per-day. Add 5 credits to unlock 1000 free model requests per day"}]}},"user_id":"user_2vAj0cQHCGkujZAgFlQ28Jbaa10"}
    at classifyField (C:\Users\yasht\OneDrive\Desktop\oneTap\server\src\services\aiService.js:68:13)
    at process.processTicksAndRejections (node:internal/process/task_queues:103:5)
    at async C:\Users\yasht\OneDrive\Desktop\oneTap\server\src\routes\autofill.js:119:30
    at async Promise.all (index 21)
    at async C:\Users\yasht\OneDrive\Desktop\oneTap\server\src\routes\autofill.js:61:25
2026-07-25 11:35:50 [error]: AI classification error: OpenRouter API error 429: {"error":{"message":"Rate limit exceeded: free-models-per-day. Add 5 credits to unlock 1000 free model requests per day","code":429,"metadata":{"headers":{"X-RateLimit-Limit":"50","X-RateLimit-Remaining":"0","X-RateLimit-Reset":"1785024000000"},"provider_name":null,"previous_errors":[{"code":429,"message":"Rate limit exceeded: free-models-per-day. Add 5 credits to unlock 1000 free model requests per day"},{"code":429,"message":"Rate limit exceeded: free-models-per-day. Add 5 credits to unlock 1000 free model requests per day"},{"code":429,"message":"Rate limit exceeded: free-models-per-day. Add 5 credits to unlock 1000 free model requests per day"},{"code":429,"message":"Rate limit exceeded: free-models-per-day. Add 5 credits to unlock 1000 free model requests per day"},{"code":429,"message":"Rate limit exceeded: free-models-per-day. Add 5 credits to unlock 1000 free model requests per day"},{"code":429,"message":"Rate limit exceeded: free-models-per-day. Add 5 credits to unlock 1000 free model requests per day"},{"code":429,"message":"Rate limit exceeded: free-models-per-day. Add 5 credits to unlock 1000 free model requests per day"},{"code":429,"message":"Rate limit exceeded: free-models-per-day. Add 5 credits to unlock 1000 free model requests per day"},{"code":429,"message":"Rate limit exceeded: free-models-per-day. Add 5 credits to unlock 1000 free model requests per day"}]}},"user_id":"user_2vAj0cQHCGkujZAgFlQ28Jbaa10"}\nError: OpenRouter API error 429: {"error":{"message":"Rate limit exceeded: free-models-per-day. Add 5 credits to unlock 1000 free model requests per day","code":429,"metadata":{"headers":{"X-RateLimit-Limit":"50","X-RateLimit-Remaining":"0","X-RateLimit-Reset":"1785024000000"},"provider_name":null,"previous_errors":[{"code":429,"message":"Rate limit exceeded: free-models-per-day. Add 5 credits to unlock 1000 free model requests per day"},{"code":429,"message":"Rate limit exceeded: free-models-per-day. Add 5 credits to unlock 1000 free model requests per day"},{"code":429,"message":"Rate limit exceeded: free-models-per-day. Add 5 credits to unlock 1000 free model requests per day"},{"code":429,"message":"Rate limit exceeded: free-models-per-day. Add 5 credits to unlock 1000 free model requests per day"},{"code":429,"message":"Rate limit exceeded: free-models-per-day. Add 5 credits to unlock 1000 free model requests per day"},{"code":429,"message":"Rate limit exceeded: free-models-per-day. Add 5 credits to unlock 1000 free model requests per day"},{"code":429,"message":"Rate limit exceeded: free-models-per-day. Add 5 credits to unlock 1000 free model requests per day"},{"code":429,"message":"Rate limit exceeded: free-models-per-day. Add 5 credits to unlock 1000 free model requests per day"},{"code":429,"message":"Rate limit exceeded: free-models-per-day. Add 5 credits to unlock 1000 free model requests per day"}]}},"user_id":"user_2vAj0cQHCGkujZAgFlQ28Jbaa10"}
    at classifyField (C:\Users\yasht\OneDrive\Desktop\oneTap\server\src\services\aiService.js:68:13)
    at process.processTicksAndRejections (node:internal/process/task_queues:103:5)
    at async C:\Users\yasht\OneDrive\Desktop\oneTap\server\src\routes\autofill.js:119:30
    at async Promise.all (index 20)
    at async C:\Users\yasht\OneDrive\Desktop\oneTap\server\src\routes\autofill.js:61:25
2026-07-25 11:35:50 [error]: AI classification error: OpenRouter API error 429: {"error":{"message":"Rate limit exceeded: free-models-per-day. Add 5 credits to unlock 1000 free model requests per day","code":429,"metadata":{"headers":{"X-RateLimit-Limit":"50","X-RateLimit-Remaining":"0","X-RateLimit-Reset":"1785024000000"},"provider_name":null,"previous_errors":[{"code":429,"message":"Rate limit exceeded: free-models-per-day. Add 5 credits to unlock 1000 free model requests per day"},{"code":429,"message":"Rate limit exceeded: free-models-per-day. Add 5 credits to unlock 1000 free model requests per day"},{"code":429,"message":"Rate limit exceeded: free-models-per-day. Add 5 credits to unlock 1000 free model requests per day"},{"code":429,"message":"Rate limit exceeded: free-models-per-day. Add 5 credits to unlock 1000 free model requests per day"},{"code":429,"message":"Rate limit exceeded: free-models-per-day. Add 5 credits to unlock 1000 free model requests per day"},{"code":429,"message":"Rate limit exceeded: free-models-per-day. Add 5 credits to unlock 1000 free model requests per day"},{"code":429,"message":"Rate limit exceeded: free-models-per-day. Add 5 credits to unlock 1000 free model requests per day"},{"code":429,"message":"Rate limit exceeded: free-models-per-day. Add 5 credits to unlock 1000 free model requests per day"},{"code":429,"message":"Rate limit exceeded: free-models-per-day. Add 5 credits to unlock 1000 free model requests per day"}]}},"user_id":"user_2vAj0cQHCGkujZAgFlQ28Jbaa10"}\nError: OpenRouter API error 429: {"error":{"message":"Rate limit exceeded: free-models-per-day. Add 5 credits to unlock 1000 free model requests per day","code":429,"metadata":{"headers":{"X-RateLimit-Limit":"50","X-RateLimit-Remaining":"0","X-RateLimit-Reset":"1785024000000"},"provider_name":null,"previous_errors":[{"code":429,"message":"Rate limit exceeded: free-models-per-day. Add 5 credits to unlock 1000 free model requests per day"},{"code":429,"message":"Rate limit exceeded: free-models-per-day. Add 5 credits to unlock 1000 free model requests per day"},{"code":429,"message":"Rate limit exceeded: free-models-per-day. Add 5 credits to unlock 1000 free model requests per day"},{"code":429,"message":"Rate limit exceeded: free-models-per-day. Add 5 credits to unlock 1000 free model requests per day"},{"code":429,"message":"Rate limit exceeded: free-models-per-day. Add 5 credits to unlock 1000 free model requests per day"},{"code":429,"message":"Rate limit exceeded: free-models-per-day. Add 5 credits to unlock 1000 free model requests per day"},{"code":429,"message":"Rate limit exceeded: free-models-per-day. Add 5 credits to unlock 1000 free model requests per day"},{"code":429,"message":"Rate limit exceeded: free-models-per-day. Add 5 credits to unlock 1000 free model requests per day"},{"code":429,"message":"Rate limit exceeded: free-models-per-day. Add 5 credits to unlock 1000 free model requests per day"}]}},"user_id":"user_2vAj0cQHCGkujZAgFlQ28Jbaa10"}
    at classifyField (C:\Users\yasht\OneDrive\Desktop\oneTap\server\src\services\aiService.js:68:13)
    at process.processTicksAndRejections (node:internal/process/task_queues:103:5)
    at async C:\Users\yasht\OneDrive\Desktop\oneTap\server\src\routes\autofill.js:119:30
    at async Promise.all (index 25)
    at async C:\Users\yasht\OneDrive\Desktop\oneTap\server\src\routes\autofill.js:61:25
2026-07-25 11:35:50 [http]: ::1 - - [25/Jul/2026:06:05:50 +0000] "POST /api/autofill/suggest HTTP/1.1" 200 - "-" "Mozilla/5.0 (Windows NT 10.0; Win64; x64) AppleWebKit/537.36 (KHTML, like Gecko) Chrome/150.0.0.0 Safari/537.36"
2026-07-25 11:35:56 [info]: ✅ MongoDB connected: ac-b1tchrv-shard-00-01.r0rqul9.mongodb.net
2026-07-25 11:35:56 [info]: 🚀 Server running on http://localhost:3001
2026-07-25 11:35:56 [info]: 📁 Uploads: C:\Users\yasht\OneDrive\Desktop\oneTap\server\uploads
2026-07-25 11:36:01 [debug]: Falling back to AI for field: Credit Card Number
2026-07-25 11:36:01 [debug]: Falling back to AI for field: CCV
2026-07-25 11:36:01 [debug]: Falling back to AI for field: Favorite Movie
2026-07-25 11:36:02 [error]: AI classification error: OpenRouter API error 429: {"error":{"message":"Rate limit exceeded: free-models-per-day. Add 5 credits to unlock 1000 free model requests per day","code":429,"metadata":{"headers":{"X-RateLimit-Limit":"50","X-RateLimit-Remaining":"0","X-RateLimit-Reset":"1785024000000"},"provider_name":null}},"user_id":"user_2vAj0cQHCGkujZAgFlQ28Jbaa10"}\nError: OpenRouter API error 429: {"error":{"message":"Rate limit exceeded: free-models-per-day. Add 5 credits to unlock 1000 free model requests per day","code":429,"metadata":{"headers":{"X-RateLimit-Limit":"50","X-RateLimit-Remaining":"0","X-RateLimit-Reset":"1785024000000"},"provider_name":null}},"user_id":"user_2vAj0cQHCGkujZAgFlQ28Jbaa10"}
    at classifyField (C:\Users\yasht\OneDrive\Desktop\oneTap\server\src\services\aiService.js:68:13)
    at process.processTicksAndRejections (node:internal/process/task_queues:103:5)
    at async C:\Users\yasht\OneDrive\Desktop\oneTap\server\src\routes\autofill.js:119:30
    at async Promise.all (index 21)
    at async C:\Users\yasht\OneDrive\Desktop\oneTap\server\src\routes\autofill.js:61:25
2026-07-25 11:36:02 [error]: AI classification error: OpenRouter API error 429: {"error":{"message":"Rate limit exceeded: free-models-per-day. Add 5 credits to unlock 1000 free model requests per day","code":429,"metadata":{"headers":{"X-RateLimit-Limit":"50","X-RateLimit-Remaining":"0","X-RateLimit-Reset":"1785024000000"},"provider_name":null}},"user_id":"user_2vAj0cQHCGkujZAgFlQ28Jbaa10"}\nError: OpenRouter API error 429: {"error":{"message":"Rate limit exceeded: free-models-per-day. Add 5 credits to unlock 1000 free model requests per day","code":429,"metadata":{"headers":{"X-RateLimit-Limit":"50","X-RateLimit-Remaining":"0","X-RateLimit-Reset":"1785024000000"},"provider_name":null}},"user_id":"user_2vAj0cQHCGkujZAgFlQ28Jbaa10"}
    at classifyField (C:\Users\yasht\OneDrive\Desktop\oneTap\server\src\services\aiService.js:68:13)
    at process.processTicksAndRejections (node:internal/process/task_queues:103:5)
    at async C:\Users\yasht\OneDrive\Desktop\oneTap\server\src\routes\autofill.js:119:30
    at async Promise.all (index 20)
    at async C:\Users\yasht\OneDrive\Desktop\oneTap\server\src\routes\autofill.js:61:25
2026-07-25 11:36:02 [error]: AI classification error: OpenRouter API error 429: {"error":{"message":"Rate limit exceeded: free-models-per-day. Add 5 credits to unlock 1000 free model requests per day","code":429,"metadata":{"headers":{"X-RateLimit-Limit":"50","X-RateLimit-Remaining":"0","X-RateLimit-Reset":"1785024000000"},"provider_name":null}},"user_id":"user_2vAj0cQHCGkujZAgFlQ28Jbaa10"}\nError: OpenRouter API error 429: {"error":{"message":"Rate limit exceeded: free-models-per-day. Add 5 credits to unlock 1000 free model requests per day","code":429,"metadata":{"headers":{"X-RateLimit-Limit":"50","X-RateLimit-Remaining":"0","X-RateLimit-Reset":"1785024000000"},"provider_name":null}},"user_id":"user_2vAj0cQHCGkujZAgFlQ28Jbaa10"}
    at classifyField (C:\Users\yasht\OneDrive\Desktop\oneTap\server\src\services\aiService.js:68:13)
    at process.processTicksAndRejections (node:internal/process/task_queues:103:5)
    at async C:\Users\yasht\OneDrive\Desktop\oneTap\server\src\routes\autofill.js:119:30
    at async Promise.all (index 25)
    at async C:\Users\yasht\OneDrive\Desktop\oneTap\server\src\routes\autofill.js:61:25
2026-07-25 11:36:02 [http]: ::1 - - [25/Jul/2026:06:06:02 +0000] "POST /api/autofill/suggest HTTP/1.1" 200 - "-" "Mozilla/5.0 (Windows NT 10.0; Win64; x64) AppleWebKit/537.36 (KHTML, like Gecko) Chrome/150.0.0.0 Safari/537.36"
2026-07-25 11:37:39 [info]: ✅ MongoDB connected: ac-b1tchrv-shard-00-00.r0rqul9.mongodb.net
2026-07-25 11:37:39 [info]: 🚀 Server running on http://localhost:3001
2026-07-25 11:37:39 [info]: 📁 Uploads: C:\Users\yasht\OneDrive\Desktop\oneTap\server\uploads
2026-07-25 11:37:42 [debug]: Falling back to AI for field: Credit Card Number
2026-07-25 11:37:43 [debug]: Falling back to AI for field: CCV
2026-07-25 11:37:43 [debug]: Falling back to AI for field: Favorite Movie
2026-07-25 11:37:43 [error]: AI classification error: OpenRouter API error 429: {"error":{"message":"Rate limit exceeded: free-models-per-day. Add 5 credits to unlock 1000 free model requests per day","code":429,"metadata":{"headers":{"X-RateLimit-Limit":"50","X-RateLimit-Remaining":"0","X-RateLimit-Reset":"1785024000000"},"provider_name":null}},"user_id":"user_2vAj0cQHCGkujZAgFlQ28Jbaa10"}\nError: OpenRouter API error 429: {"error":{"message":"Rate limit exceeded: free-models-per-day. Add 5 credits to unlock 1000 free model requests per day","code":429,"metadata":{"headers":{"X-RateLimit-Limit":"50","X-RateLimit-Remaining":"0","X-RateLimit-Reset":"1785024000000"},"provider_name":null}},"user_id":"user_2vAj0cQHCGkujZAgFlQ28Jbaa10"}
    at classifyField (C:\Users\yasht\OneDrive\Desktop\oneTap\server\src\services\aiService.js:68:13)
    at process.processTicksAndRejections (node:internal/process/task_queues:103:5)
    at async C:\Users\yasht\OneDrive\Desktop\oneTap\server\src\routes\autofill.js:119:30
    at async Promise.all (index 21)
    at async C:\Users\yasht\OneDrive\Desktop\oneTap\server\src\routes\autofill.js:61:25
2026-07-25 11:37:43 [error]: AI classification error: OpenRouter API error 429: {"error":{"message":"Rate limit exceeded: free-models-per-day. Add 5 credits to unlock 1000 free model requests per day","code":429,"metadata":{"headers":{"X-RateLimit-Limit":"50","X-RateLimit-Remaining":"0","X-RateLimit-Reset":"1785024000000"},"provider_name":null}},"user_id":"user_2vAj0cQHCGkujZAgFlQ28Jbaa10"}\nError: OpenRouter API error 429: {"error":{"message":"Rate limit exceeded: free-models-per-day. Add 5 credits to unlock 1000 free model requests per day","code":429,"metadata":{"headers":{"X-RateLimit-Limit":"50","X-RateLimit-Remaining":"0","X-RateLimit-Reset":"1785024000000"},"provider_name":null}},"user_id":"user_2vAj0cQHCGkujZAgFlQ28Jbaa10"}
    at classifyField (C:\Users\yasht\OneDrive\Desktop\oneTap\server\src\services\aiService.js:68:13)
    at process.processTicksAndRejections (node:internal/process/task_queues:103:5)
    at async C:\Users\yasht\OneDrive\Desktop\oneTap\server\src\routes\autofill.js:119:30
    at async Promise.all (index 20)
    at async C:\Users\yasht\OneDrive\Desktop\oneTap\server\src\routes\autofill.js:61:25
2026-07-25 11:37:43 [error]: AI classification error: OpenRouter API error 429: {"error":{"message":"Rate limit exceeded: free-models-per-day. Add 5 credits to unlock 1000 free model requests per day","code":429,"metadata":{"headers":{"X-RateLimit-Limit":"50","X-RateLimit-Remaining":"0","X-RateLimit-Reset":"1785024000000"},"provider_name":null}},"user_id":"user_2vAj0cQHCGkujZAgFlQ28Jbaa10"}\nError: OpenRouter API error 429: {"error":{"message":"Rate limit exceeded: free-models-per-day. Add 5 credits to unlock 1000 free model requests per day","code":429,"metadata":{"headers":{"X-RateLimit-Limit":"50","X-RateLimit-Remaining":"0","X-RateLimit-Reset":"1785024000000"},"provider_name":null}},"user_id":"user_2vAj0cQHCGkujZAgFlQ28Jbaa10"}
    at classifyField (C:\Users\yasht\OneDrive\Desktop\oneTap\server\src\services\aiService.js:68:13)
    at process.processTicksAndRejections (node:internal/process/task_queues:103:5)
    at async C:\Users\yasht\OneDrive\Desktop\oneTap\server\src\routes\autofill.js:119:30
    at async Promise.all (index 25)
    at async C:\Users\yasht\OneDrive\Desktop\oneTap\server\src\routes\autofill.js:61:25
2026-07-25 11:37:43 [http]: ::1 - - [25/Jul/2026:06:07:43 +0000] "POST /api/autofill/suggest HTTP/1.1" 200 - "-" "Mozilla/5.0 (Windows NT 10.0; Win64; x64) AppleWebKit/537.36 (KHTML, like Gecko) Chrome/150.0.0.0 Safari/537.36"
2026-07-25 11:38:13 [info]: ✅ MongoDB connected: ac-b1tchrv-shard-00-02.r0rqul9.mongodb.net
2026-07-25 11:38:13 [info]: 🚀 Server running on http://localhost:3001
2026-07-25 11:38:13 [info]: 📁 Uploads: C:\Users\yasht\OneDrive\Desktop\oneTap\server\uploads
2026-07-25 11:38:25 [debug]: Falling back to AI for field: Credit Card Number
2026-07-25 11:38:25 [debug]: Falling back to AI for field: CCV
2026-07-25 11:38:25 [debug]: Falling back to AI for field: Favorite Movie
2026-07-25 11:38:26 [error]: AI classification error: OpenRouter API error 429: {"error":{"message":"Rate limit exceeded: free-models-per-day. Add 5 credits to unlock 1000 free model requests per day","code":429,"metadata":{"headers":{"X-RateLimit-Limit":"50","X-RateLimit-Remaining":"0","X-RateLimit-Reset":"1785024000000"},"provider_name":null}},"user_id":"user_2vAj0cQHCGkujZAgFlQ28Jbaa10"}\nError: OpenRouter API error 429: {"error":{"message":"Rate limit exceeded: free-models-per-day. Add 5 credits to unlock 1000 free model requests per day","code":429,"metadata":{"headers":{"X-RateLimit-Limit":"50","X-RateLimit-Remaining":"0","X-RateLimit-Reset":"1785024000000"},"provider_name":null}},"user_id":"user_2vAj0cQHCGkujZAgFlQ28Jbaa10"}
    at classifyField (C:\Users\yasht\OneDrive\Desktop\oneTap\server\src\services\aiService.js:68:13)
    at process.processTicksAndRejections (node:internal/process/task_queues:103:5)
    at async C:\Users\yasht\OneDrive\Desktop\oneTap\server\src\routes\autofill.js:119:30
    at async Promise.all (index 21)
    at async C:\Users\yasht\OneDrive\Desktop\oneTap\server\src\routes\autofill.js:61:25
2026-07-25 11:38:26 [error]: AI classification error: OpenRouter API error 429: {"error":{"message":"Rate limit exceeded: free-models-per-day. Add 5 credits to unlock 1000 free model requests per day","code":429,"metadata":{"headers":{"X-RateLimit-Limit":"50","X-RateLimit-Remaining":"0","X-RateLimit-Reset":"1785024000000"},"provider_name":null}},"user_id":"user_2vAj0cQHCGkujZAgFlQ28Jbaa10"}\nError: OpenRouter API error 429: {"error":{"message":"Rate limit exceeded: free-models-per-day. Add 5 credits to unlock 1000 free model requests per day","code":429,"metadata":{"headers":{"X-RateLimit-Limit":"50","X-RateLimit-Remaining":"0","X-RateLimit-Reset":"1785024000000"},"provider_name":null}},"user_id":"user_2vAj0cQHCGkujZAgFlQ28Jbaa10"}
    at classifyField (C:\Users\yasht\OneDrive\Desktop\oneTap\server\src\services\aiService.js:68:13)
    at process.processTicksAndRejections (node:internal/process/task_queues:103:5)
    at async C:\Users\yasht\OneDrive\Desktop\oneTap\server\src\routes\autofill.js:119:30
    at async Promise.all (index 20)
    at async C:\Users\yasht\OneDrive\Desktop\oneTap\server\src\routes\autofill.js:61:25
2026-07-25 11:38:26 [error]: AI classification error: OpenRouter API error 429: {"error":{"message":"Rate limit exceeded: free-models-per-day. Add 5 credits to unlock 1000 free model requests per day","code":429,"metadata":{"headers":{"X-RateLimit-Limit":"50","X-RateLimit-Remaining":"0","X-RateLimit-Reset":"1785024000000"},"provider_name":null}},"user_id":"user_2vAj0cQHCGkujZAgFlQ28Jbaa10"}\nError: OpenRouter API error 429: {"error":{"message":"Rate limit exceeded: free-models-per-day. Add 5 credits to unlock 1000 free model requests per day","code":429,"metadata":{"headers":{"X-RateLimit-Limit":"50","X-RateLimit-Remaining":"0","X-RateLimit-Reset":"1785024000000"},"provider_name":null}},"user_id":"user_2vAj0cQHCGkujZAgFlQ28Jbaa10"}
    at classifyField (C:\Users\yasht\OneDrive\Desktop\oneTap\server\src\services\aiService.js:68:13)
    at process.processTicksAndRejections (node:internal/process/task_queues:103:5)
    at async C:\Users\yasht\OneDrive\Desktop\oneTap\server\src\routes\autofill.js:119:30
    at async Promise.all (index 25)
    at async C:\Users\yasht\OneDrive\Desktop\oneTap\server\src\routes\autofill.js:61:25
2026-07-25 11:38:26 [http]: ::1 - - [25/Jul/2026:06:08:26 +0000] "POST /api/autofill/suggest HTTP/1.1" 200 - "-" "Mozilla/5.0 (Windows NT 10.0; Win64; x64) AppleWebKit/537.36 (KHTML, like Gecko) Chrome/150.0.0.0 Safari/537.36"
2026-07-25 11:38:48 [debug]: Falling back to AI for field: Credit Card Number
2026-07-25 11:38:48 [debug]: Falling back to AI for field: CCV
2026-07-25 11:38:48 [debug]: Falling back to AI for field: Favorite Movie
2026-07-25 11:38:51 [error]: AI classification error: OpenRouter API error 429: {"error":{"message":"Rate limit exceeded: free-models-per-day. Add 5 credits to unlock 1000 free model requests per day","code":429,"metadata":{"headers":{"X-RateLimit-Limit":"50","X-RateLimit-Remaining":"0","X-RateLimit-Reset":"1785024000000"},"provider_name":null}},"user_id":"user_2vAj0cQHCGkujZAgFlQ28Jbaa10"}\nError: OpenRouter API error 429: {"error":{"message":"Rate limit exceeded: free-models-per-day. Add 5 credits to unlock 1000 free model requests per day","code":429,"metadata":{"headers":{"X-RateLimit-Limit":"50","X-RateLimit-Remaining":"0","X-RateLimit-Reset":"1785024000000"},"provider_name":null}},"user_id":"user_2vAj0cQHCGkujZAgFlQ28Jbaa10"}
    at classifyField (C:\Users\yasht\OneDrive\Desktop\oneTap\server\src\services\aiService.js:68:13)
    at process.processTicksAndRejections (node:internal/process/task_queues:103:5)
    at async C:\Users\yasht\OneDrive\Desktop\oneTap\server\src\routes\autofill.js:119:30
    at async Promise.all (index 20)
    at async C:\Users\yasht\OneDrive\Desktop\oneTap\server\src\routes\autofill.js:61:25
2026-07-25 11:38:51 [error]: AI classification error: OpenRouter API error 429: {"error":{"message":"Rate limit exceeded: free-models-per-day. Add 5 credits to unlock 1000 free model requests per day","code":429,"metadata":{"headers":{"X-RateLimit-Limit":"50","X-RateLimit-Remaining":"0","X-RateLimit-Reset":"1785024000000"},"provider_name":null}},"user_id":"user_2vAj0cQHCGkujZAgFlQ28Jbaa10"}\nError: OpenRouter API error 429: {"error":{"message":"Rate limit exceeded: free-models-per-day. Add 5 credits to unlock 1000 free model requests per day","code":429,"metadata":{"headers":{"X-RateLimit-Limit":"50","X-RateLimit-Remaining":"0","X-RateLimit-Reset":"1785024000000"},"provider_name":null}},"user_id":"user_2vAj0cQHCGkujZAgFlQ28Jbaa10"}
    at classifyField (C:\Users\yasht\OneDrive\Desktop\oneTap\server\src\services\aiService.js:68:13)
    at process.processTicksAndRejections (node:internal/process/task_queues:103:5)
    at async C:\Users\yasht\OneDrive\Desktop\oneTap\server\src\routes\autofill.js:119:30
    at async Promise.all (index 25)
    at async C:\Users\yasht\OneDrive\Desktop\oneTap\server\src\routes\autofill.js:61:25
2026-07-25 11:38:51 [error]: AI classification error: OpenRouter API error 429: {"error":{"message":"Rate limit exceeded: free-models-per-day. Add 5 credits to unlock 1000 free model requests per day","code":429,"metadata":{"headers":{"X-RateLimit-Limit":"50","X-RateLimit-Remaining":"0","X-RateLimit-Reset":"1785024000000"},"provider_name":null}},"user_id":"user_2vAj0cQHCGkujZAgFlQ28Jbaa10"}\nError: OpenRouter API error 429: {"error":{"message":"Rate limit exceeded: free-models-per-day. Add 5 credits to unlock 1000 free model requests per day","code":429,"metadata":{"headers":{"X-RateLimit-Limit":"50","X-RateLimit-Remaining":"0","X-RateLimit-Reset":"1785024000000"},"provider_name":null}},"user_id":"user_2vAj0cQHCGkujZAgFlQ28Jbaa10"}
    at classifyField (C:\Users\yasht\OneDrive\Desktop\oneTap\server\src\services\aiService.js:68:13)
    at process.processTicksAndRejections (node:internal/process/task_queues:103:5)
    at async C:\Users\yasht\OneDrive\Desktop\oneTap\server\src\routes\autofill.js:119:30
    at async Promise.all (index 21)
    at async C:\Users\yasht\OneDrive\Desktop\oneTap\server\src\routes\autofill.js:61:25
2026-07-25 11:38:51 [http]: ::1 - - [25/Jul/2026:06:08:51 +0000] "POST /api/autofill/suggest HTTP/1.1" 200 - "-" "Mozilla/5.0 (Windows NT 10.0; Win64; x64) AppleWebKit/537.36 (KHTML, like Gecko) Chrome/150.0.0.0 Safari/537.36"
2026-07-25 11:38:54 [debug]: Falling back to AI for field: Credit Card Number
2026-07-25 11:38:54 [debug]: Falling back to AI for field: CCV
2026-07-25 11:38:54 [debug]: Falling back to AI for field: Favorite Movie
2026-07-25 11:38:54 [error]: AI classification error: OpenRouter API error 429: {"error":{"message":"Rate limit exceeded: free-models-per-day. Add 5 credits to unlock 1000 free model requests per day","code":429,"metadata":{"headers":{"X-RateLimit-Limit":"50","X-RateLimit-Remaining":"0","X-RateLimit-Reset":"1785024000000"},"provider_name":null}},"user_id":"user_2vAj0cQHCGkujZAgFlQ28Jbaa10"}\nError: OpenRouter API error 429: {"error":{"message":"Rate limit exceeded: free-models-per-day. Add 5 credits to unlock 1000 free model requests per day","code":429,"metadata":{"headers":{"X-RateLimit-Limit":"50","X-RateLimit-Remaining":"0","X-RateLimit-Reset":"1785024000000"},"provider_name":null}},"user_id":"user_2vAj0cQHCGkujZAgFlQ28Jbaa10"}
    at classifyField (C:\Users\yasht\OneDrive\Desktop\oneTap\server\src\services\aiService.js:68:13)
    at process.processTicksAndRejections (node:internal/process/task_queues:103:5)
    at async C:\Users\yasht\OneDrive\Desktop\oneTap\server\src\routes\autofill.js:119:30
    at async Promise.all (index 20)
    at async C:\Users\yasht\OneDrive\Desktop\oneTap\server\src\routes\autofill.js:61:25
2026-07-25 11:38:55 [error]: AI classification error: OpenRouter API error 429: {"error":{"message":"Rate limit exceeded: free-models-per-day. Add 5 credits to unlock 1000 free model requests per day","code":429,"metadata":{"headers":{"X-RateLimit-Limit":"50","X-RateLimit-Remaining":"0","X-RateLimit-Reset":"1785024000000"},"provider_name":null}},"user_id":"user_2vAj0cQHCGkujZAgFlQ28Jbaa10"}\nError: OpenRouter API error 429: {"error":{"message":"Rate limit exceeded: free-models-per-day. Add 5 credits to unlock 1000 free model requests per day","code":429,"metadata":{"headers":{"X-RateLimit-Limit":"50","X-RateLimit-Remaining":"0","X-RateLimit-Reset":"1785024000000"},"provider_name":null}},"user_id":"user_2vAj0cQHCGkujZAgFlQ28Jbaa10"}
    at classifyField (C:\Users\yasht\OneDrive\Desktop\oneTap\server\src\services\aiService.js:68:13)
    at process.processTicksAndRejections (node:internal/process/task_queues:103:5)
    at async C:\Users\yasht\OneDrive\Desktop\oneTap\server\src\routes\autofill.js:119:30
    at async Promise.all (index 25)
    at async C:\Users\yasht\OneDrive\Desktop\oneTap\server\src\routes\autofill.js:61:25
2026-07-25 11:38:56 [error]: AI classification error: OpenRouter API error 429: {"error":{"message":"Rate limit exceeded: free-models-per-day. Add 5 credits to unlock 1000 free model requests per day","code":429,"metadata":{"headers":{"X-RateLimit-Limit":"50","X-RateLimit-Remaining":"0","X-RateLimit-Reset":"1785024000000"},"provider_name":null}},"user_id":"user_2vAj0cQHCGkujZAgFlQ28Jbaa10"}\nError: OpenRouter API error 429: {"error":{"message":"Rate limit exceeded: free-models-per-day. Add 5 credits to unlock 1000 free model requests per day","code":429,"metadata":{"headers":{"X-RateLimit-Limit":"50","X-RateLimit-Remaining":"0","X-RateLimit-Reset":"1785024000000"},"provider_name":null}},"user_id":"user_2vAj0cQHCGkujZAgFlQ28Jbaa10"}
    at classifyField (C:\Users\yasht\OneDrive\Desktop\oneTap\server\src\services\aiService.js:68:13)
    at process.processTicksAndRejections (node:internal/process/task_queues:103:5)
    at async C:\Users\yasht\OneDrive\Desktop\oneTap\server\src\routes\autofill.js:119:30
    at async Promise.all (index 21)
    at async C:\Users\yasht\OneDrive\Desktop\oneTap\server\src\routes\autofill.js:61:25
2026-07-25 11:38:56 [http]: ::1 - - [25/Jul/2026:06:08:56 +0000] "POST /api/autofill/suggest HTTP/1.1" 200 - "-" "Mozilla/5.0 (Windows NT 10.0; Win64; x64) AppleWebKit/537.36 (KHTML, like Gecko) Chrome/150.0.0.0 Safari/537.36"
2026-07-25 11:39:03 [debug]: Falling back to AI for field: Credit Card Number
2026-07-25 11:39:03 [debug]: Falling back to AI for field: CCV
2026-07-25 11:39:03 [debug]: Falling back to AI for field: Favorite Movie
2026-07-25 11:39:05 [error]: AI classification error: OpenRouter API error 429: {"error":{"message":"Rate limit exceeded: free-models-per-day. Add 5 credits to unlock 1000 free model requests per day","code":429,"metadata":{"headers":{"X-RateLimit-Limit":"50","X-RateLimit-Remaining":"0","X-RateLimit-Reset":"1785024000000"},"provider_name":null}},"user_id":"user_2vAj0cQHCGkujZAgFlQ28Jbaa10"}\nError: OpenRouter API error 429: {"error":{"message":"Rate limit exceeded: free-models-per-day. Add 5 credits to unlock 1000 free model requests per day","code":429,"metadata":{"headers":{"X-RateLimit-Limit":"50","X-RateLimit-Remaining":"0","X-RateLimit-Reset":"1785024000000"},"provider_name":null}},"user_id":"user_2vAj0cQHCGkujZAgFlQ28Jbaa10"}
    at classifyField (C:\Users\yasht\OneDrive\Desktop\oneTap\server\src\services\aiService.js:68:13)
    at process.processTicksAndRejections (node:internal/process/task_queues:103:5)
    at async C:\Users\yasht\OneDrive\Desktop\oneTap\server\src\routes\autofill.js:119:30
    at async Promise.all (index 21)
    at async C:\Users\yasht\OneDrive\Desktop\oneTap\server\src\routes\autofill.js:61:25
2026-07-25 11:39:05 [error]: AI classification error: OpenRouter API error 429: {"error":{"message":"Rate limit exceeded: free-models-per-day. Add 5 credits to unlock 1000 free model requests per day","code":429,"metadata":{"headers":{"X-RateLimit-Limit":"50","X-RateLimit-Remaining":"0","X-RateLimit-Reset":"1785024000000"},"provider_name":null}},"user_id":"user_2vAj0cQHCGkujZAgFlQ28Jbaa10"}\nError: OpenRouter API error 429: {"error":{"message":"Rate limit exceeded: free-models-per-day. Add 5 credits to unlock 1000 free model requests per day","code":429,"metadata":{"headers":{"X-RateLimit-Limit":"50","X-RateLimit-Remaining":"0","X-RateLimit-Reset":"1785024000000"},"provider_name":null}},"user_id":"user_2vAj0cQHCGkujZAgFlQ28Jbaa10"}
    at classifyField (C:\Users\yasht\OneDrive\Desktop\oneTap\server\src\services\aiService.js:68:13)
    at process.processTicksAndRejections (node:internal/process/task_queues:103:5)
    at async C:\Users\yasht\OneDrive\Desktop\oneTap\server\src\routes\autofill.js:119:30
    at async Promise.all (index 20)
    at async C:\Users\yasht\OneDrive\Desktop\oneTap\server\src\routes\autofill.js:61:25
2026-07-25 11:39:05 [error]: AI classification error: OpenRouter API error 429: {"error":{"message":"Rate limit exceeded: free-models-per-day. Add 5 credits to unlock 1000 free model requests per day","code":429,"metadata":{"headers":{"X-RateLimit-Limit":"50","X-RateLimit-Remaining":"0","X-RateLimit-Reset":"1785024000000"},"provider_name":null}},"user_id":"user_2vAj0cQHCGkujZAgFlQ28Jbaa10"}\nError: OpenRouter API error 429: {"error":{"message":"Rate limit exceeded: free-models-per-day. Add 5 credits to unlock 1000 free model requests per day","code":429,"metadata":{"headers":{"X-RateLimit-Limit":"50","X-RateLimit-Remaining":"0","X-RateLimit-Reset":"1785024000000"},"provider_name":null}},"user_id":"user_2vAj0cQHCGkujZAgFlQ28Jbaa10"}
    at classifyField (C:\Users\yasht\OneDrive\Desktop\oneTap\server\src\services\aiService.js:68:13)
    at process.processTicksAndRejections (node:internal/process/task_queues:103:5)
    at async C:\Users\yasht\OneDrive\Desktop\oneTap\server\src\routes\autofill.js:119:30
    at async Promise.all (index 25)
    at async C:\Users\yasht\OneDrive\Desktop\oneTap\server\src\routes\autofill.js:61:25
2026-07-25 11:39:05 [http]: ::1 - - [25/Jul/2026:06:09:05 +0000] "POST /api/autofill/suggest HTTP/1.1" 200 - "-" "Mozilla/5.0 (Windows NT 10.0; Win64; x64) AppleWebKit/537.36 (KHTML, like Gecko) Chrome/150.0.0.0 Safari/537.36"
2026-07-25 11:39:08 [debug]: Falling back to AI for field: Credit Card Number
2026-07-25 11:39:08 [debug]: Falling back to AI for field: CCV
2026-07-25 11:39:08 [debug]: Falling back to AI for field: Favorite Movie
2026-07-25 11:39:09 [error]: AI classification error: OpenRouter API error 429: {"error":{"message":"Rate limit exceeded: free-models-per-day. Add 5 credits to unlock 1000 free model requests per day","code":429,"metadata":{"headers":{"X-RateLimit-Limit":"50","X-RateLimit-Remaining":"0","X-RateLimit-Reset":"1785024000000"},"provider_name":null}},"user_id":"user_2vAj0cQHCGkujZAgFlQ28Jbaa10"}\nError: OpenRouter API error 429: {"error":{"message":"Rate limit exceeded: free-models-per-day. Add 5 credits to unlock 1000 free model requests per day","code":429,"metadata":{"headers":{"X-RateLimit-Limit":"50","X-RateLimit-Remaining":"0","X-RateLimit-Reset":"1785024000000"},"provider_name":null}},"user_id":"user_2vAj0cQHCGkujZAgFlQ28Jbaa10"}
    at classifyField (C:\Users\yasht\OneDrive\Desktop\oneTap\server\src\services\aiService.js:68:13)
    at process.processTicksAndRejections (node:internal/process/task_queues:103:5)
    at async C:\Users\yasht\OneDrive\Desktop\oneTap\server\src\routes\autofill.js:119:30
    at async Promise.all (index 21)
    at async C:\Users\yasht\OneDrive\Desktop\oneTap\server\src\routes\autofill.js:61:25
2026-07-25 11:39:09 [error]: AI classification error: OpenRouter API error 429: {"error":{"message":"Rate limit exceeded: free-models-per-day. Add 5 credits to unlock 1000 free model requests per day","code":429,"metadata":{"headers":{"X-RateLimit-Limit":"50","X-RateLimit-Remaining":"0","X-RateLimit-Reset":"1785024000000"},"provider_name":null}},"user_id":"user_2vAj0cQHCGkujZAgFlQ28Jbaa10"}\nError: OpenRouter API error 429: {"error":{"message":"Rate limit exceeded: free-models-per-day. Add 5 credits to unlock 1000 free model requests per day","code":429,"metadata":{"headers":{"X-RateLimit-Limit":"50","X-RateLimit-Remaining":"0","X-RateLimit-Reset":"1785024000000"},"provider_name":null}},"user_id":"user_2vAj0cQHCGkujZAgFlQ28Jbaa10"}
    at classifyField (C:\Users\yasht\OneDrive\Desktop\oneTap\server\src\services\aiService.js:68:13)
    at process.processTicksAndRejections (node:internal/process/task_queues:103:5)
    at async C:\Users\yasht\OneDrive\Desktop\oneTap\server\src\routes\autofill.js:119:30
    at async Promise.all (index 20)
    at async C:\Users\yasht\OneDrive\Desktop\oneTap\server\src\routes\autofill.js:61:25
2026-07-25 11:39:09 [error]: AI classification error: OpenRouter API error 429: {"error":{"message":"Rate limit exceeded: free-models-per-day. Add 5 credits to unlock 1000 free model requests per day","code":429,"metadata":{"headers":{"X-RateLimit-Limit":"50","X-RateLimit-Remaining":"0","X-RateLimit-Reset":"1785024000000"},"provider_name":null}},"user_id":"user_2vAj0cQHCGkujZAgFlQ28Jbaa10"}\nError: OpenRouter API error 429: {"error":{"message":"Rate limit exceeded: free-models-per-day. Add 5 credits to unlock 1000 free model requests per day","code":429,"metadata":{"headers":{"X-RateLimit-Limit":"50","X-RateLimit-Remaining":"0","X-RateLimit-Reset":"1785024000000"},"provider_name":null}},"user_id":"user_2vAj0cQHCGkujZAgFlQ28Jbaa10"}
    at classifyField (C:\Users\yasht\OneDrive\Desktop\oneTap\server\src\services\aiService.js:68:13)
    at process.processTicksAndRejections (node:internal/process/task_queues:103:5)
    at async C:\Users\yasht\OneDrive\Desktop\oneTap\server\src\routes\autofill.js:119:30
    at async Promise.all (index 25)
    at async C:\Users\yasht\OneDrive\Desktop\oneTap\server\src\routes\autofill.js:61:25
2026-07-25 11:39:09 [http]: ::1 - - [25/Jul/2026:06:09:09 +0000] "POST /api/autofill/suggest HTTP/1.1" 200 - "-" "Mozilla/5.0 (Windows NT 10.0; Win64; x64) AppleWebKit/537.36 (KHTML, like Gecko) Chrome/150.0.0.0 Safari/537.36"
2026-07-25 11:39:21 [info]: ✅ MongoDB connected: ac-b1tchrv-shard-00-01.r0rqul9.mongodb.net
2026-07-25 11:39:21 [info]: 🚀 Server running on http://localhost:3001
2026-07-25 11:39:21 [info]: 📁 Uploads: C:\Users\yasht\OneDrive\Desktop\oneTap\server\uploads
2026-07-25 11:39:34 [debug]: Falling back to AI for field: Credit Card Number
2026-07-25 11:39:34 [debug]: Falling back to AI for field: CCV
2026-07-25 11:39:34 [debug]: Falling back to AI for field: Favorite Movie
2026-07-25 11:39:35 [error]: AI classification error: OpenRouter API error 429: {"error":{"message":"Rate limit exceeded: free-models-per-day. Add 5 credits to unlock 1000 free model requests per day","code":429,"metadata":{"headers":{"X-RateLimit-Limit":"50","X-RateLimit-Remaining":"0","X-RateLimit-Reset":"1785024000000"},"provider_name":null}},"user_id":"user_2vAj0cQHCGkujZAgFlQ28Jbaa10"}\nError: OpenRouter API error 429: {"error":{"message":"Rate limit exceeded: free-models-per-day. Add 5 credits to unlock 1000 free model requests per day","code":429,"metadata":{"headers":{"X-RateLimit-Limit":"50","X-RateLimit-Remaining":"0","X-RateLimit-Reset":"1785024000000"},"provider_name":null}},"user_id":"user_2vAj0cQHCGkujZAgFlQ28Jbaa10"}
    at classifyField (C:\Users\yasht\OneDrive\Desktop\oneTap\server\src\services\aiService.js:68:13)
    at process.processTicksAndRejections (node:internal/process/task_queues:103:5)
    at async C:\Users\yasht\OneDrive\Desktop\oneTap\server\src\routes\autofill.js:119:30
    at async Promise.all (index 20)
    at async C:\Users\yasht\OneDrive\Desktop\oneTap\server\src\routes\autofill.js:61:25
2026-07-25 11:39:35 [error]: AI classification error: OpenRouter API error 429: {"error":{"message":"Rate limit exceeded: free-models-per-day. Add 5 credits to unlock 1000 free model requests per day","code":429,"metadata":{"headers":{"X-RateLimit-Limit":"50","X-RateLimit-Remaining":"0","X-RateLimit-Reset":"1785024000000"},"provider_name":null}},"user_id":"user_2vAj0cQHCGkujZAgFlQ28Jbaa10"}\nError: OpenRouter API error 429: {"error":{"message":"Rate limit exceeded: free-models-per-day. Add 5 credits to unlock 1000 free model requests per day","code":429,"metadata":{"headers":{"X-RateLimit-Limit":"50","X-RateLimit-Remaining":"0","X-RateLimit-Reset":"1785024000000"},"provider_name":null}},"user_id":"user_2vAj0cQHCGkujZAgFlQ28Jbaa10"}
    at classifyField (C:\Users\yasht\OneDrive\Desktop\oneTap\server\src\services\aiService.js:68:13)
    at process.processTicksAndRejections (node:internal/process/task_queues:103:5)
    at async C:\Users\yasht\OneDrive\Desktop\oneTap\server\src\routes\autofill.js:119:30
    at async Promise.all (index 21)
    at async C:\Users\yasht\OneDrive\Desktop\oneTap\server\src\routes\autofill.js:61:25
2026-07-25 11:39:36 [error]: AI classification error: OpenRouter API error 429: {"error":{"message":"Rate limit exceeded: free-models-per-day. Add 5 credits to unlock 1000 free model requests per day","code":429,"metadata":{"headers":{"X-RateLimit-Limit":"50","X-RateLimit-Remaining":"0","X-RateLimit-Reset":"1785024000000"},"provider_name":null}},"user_id":"user_2vAj0cQHCGkujZAgFlQ28Jbaa10"}\nError: OpenRouter API error 429: {"error":{"message":"Rate limit exceeded: free-models-per-day. Add 5 credits to unlock 1000 free model requests per day","code":429,"metadata":{"headers":{"X-RateLimit-Limit":"50","X-RateLimit-Remaining":"0","X-RateLimit-Reset":"1785024000000"},"provider_name":null}},"user_id":"user_2vAj0cQHCGkujZAgFlQ28Jbaa10"}
    at classifyField (C:\Users\yasht\OneDrive\Desktop\oneTap\server\src\services\aiService.js:68:13)
    at process.processTicksAndRejections (node:internal/process/task_queues:103:5)
    at async C:\Users\yasht\OneDrive\Desktop\oneTap\server\src\routes\autofill.js:119:30
    at async Promise.all (index 25)
    at async C:\Users\yasht\OneDrive\Desktop\oneTap\server\src\routes\autofill.js:61:25
2026-07-25 11:39:36 [http]: ::1 - - [25/Jul/2026:06:09:36 +0000] "POST /api/autofill/suggest HTTP/1.1" 200 - "-" "Mozilla/5.0 (Windows NT 10.0; Win64; x64) AppleWebKit/537.36 (KHTML, like Gecko) Chrome/150.0.0.0 Safari/537.36"
2026-07-25 11:39:54 [debug]: Falling back to AI for field: Credit Card Number
2026-07-25 11:39:54 [debug]: Falling back to AI for field: CCV
2026-07-25 11:39:54 [debug]: Falling back to AI for field: Favorite Movie
2026-07-25 11:39:54 [error]: AI classification error: OpenRouter API error 429: {"error":{"message":"Rate limit exceeded: free-models-per-day. Add 5 credits to unlock 1000 free model requests per day","code":429,"metadata":{"headers":{"X-RateLimit-Limit":"50","X-RateLimit-Remaining":"0","X-RateLimit-Reset":"1785024000000"},"provider_name":null}},"user_id":"user_2vAj0cQHCGkujZAgFlQ28Jbaa10"}\nError: OpenRouter API error 429: {"error":{"message":"Rate limit exceeded: free-models-per-day. Add 5 credits to unlock 1000 free model requests per day","code":429,"metadata":{"headers":{"X-RateLimit-Limit":"50","X-RateLimit-Remaining":"0","X-RateLimit-Reset":"1785024000000"},"provider_name":null}},"user_id":"user_2vAj0cQHCGkujZAgFlQ28Jbaa10"}
    at classifyField (C:\Users\yasht\OneDrive\Desktop\oneTap\server\src\services\aiService.js:68:13)
    at process.processTicksAndRejections (node:internal/process/task_queues:103:5)
    at async C:\Users\yasht\OneDrive\Desktop\oneTap\server\src\routes\autofill.js:119:30
    at async Promise.all (index 25)
    at async C:\Users\yasht\OneDrive\Desktop\oneTap\server\src\routes\autofill.js:61:25
2026-07-25 11:39:54 [error]: AI classification error: OpenRouter API error 429: {"error":{"message":"Rate limit exceeded: free-models-per-day. Add 5 credits to unlock 1000 free model requests per day","code":429,"metadata":{"headers":{"X-RateLimit-Limit":"50","X-RateLimit-Remaining":"0","X-RateLimit-Reset":"1785024000000"},"provider_name":null}},"user_id":"user_2vAj0cQHCGkujZAgFlQ28Jbaa10"}\nError: OpenRouter API error 429: {"error":{"message":"Rate limit exceeded: free-models-per-day. Add 5 credits to unlock 1000 free model requests per day","code":429,"metadata":{"headers":{"X-RateLimit-Limit":"50","X-RateLimit-Remaining":"0","X-RateLimit-Reset":"1785024000000"},"provider_name":null}},"user_id":"user_2vAj0cQHCGkujZAgFlQ28Jbaa10"}
    at classifyField (C:\Users\yasht\OneDrive\Desktop\oneTap\server\src\services\aiService.js:68:13)
    at process.processTicksAndRejections (node:internal/process/task_queues:103:5)
    at async C:\Users\yasht\OneDrive\Desktop\oneTap\server\src\routes\autofill.js:119:30
    at async Promise.all (index 21)
    at async C:\Users\yasht\OneDrive\Desktop\oneTap\server\src\routes\autofill.js:61:25
2026-07-25 11:39:54 [error]: AI classification error: OpenRouter API error 429: {"error":{"message":"Rate limit exceeded: free-models-per-day. Add 5 credits to unlock 1000 free model requests per day","code":429,"metadata":{"headers":{"X-RateLimit-Limit":"50","X-RateLimit-Remaining":"0","X-RateLimit-Reset":"1785024000000"},"provider_name":null}},"user_id":"user_2vAj0cQHCGkujZAgFlQ28Jbaa10"}\nError: OpenRouter API error 429: {"error":{"message":"Rate limit exceeded: free-models-per-day. Add 5 credits to unlock 1000 free model requests per day","code":429,"metadata":{"headers":{"X-RateLimit-Limit":"50","X-RateLimit-Remaining":"0","X-RateLimit-Reset":"1785024000000"},"provider_name":null}},"user_id":"user_2vAj0cQHCGkujZAgFlQ28Jbaa10"}
    at classifyField (C:\Users\yasht\OneDrive\Desktop\oneTap\server\src\services\aiService.js:68:13)
    at process.processTicksAndRejections (node:internal/process/task_queues:103:5)
    at async C:\Users\yasht\OneDrive\Desktop\oneTap\server\src\routes\autofill.js:119:30
    at async Promise.all (index 20)
    at async C:\Users\yasht\OneDrive\Desktop\oneTap\server\src\routes\autofill.js:61:25
2026-07-25 11:39:54 [http]: ::1 - - [25/Jul/2026:06:09:54 +0000] "POST /api/autofill/suggest HTTP/1.1" 200 - "-" "Mozilla/5.0 (Windows NT 10.0; Win64; x64) AppleWebKit/537.36 (KHTML, like Gecko) Chrome/150.0.0.0 Safari/537.36"
2026-07-25 11:39:59 [debug]: Falling back to AI for field: Credit Card Number
2026-07-25 11:39:59 [debug]: Falling back to AI for field: CCV
2026-07-25 11:39:59 [debug]: Falling back to AI for field: Favorite Movie
2026-07-25 11:39:59 [error]: AI classification error: OpenRouter API error 429: {"error":{"message":"Rate limit exceeded: free-models-per-day. Add 5 credits to unlock 1000 free model requests per day","code":429,"metadata":{"headers":{"X-RateLimit-Limit":"50","X-RateLimit-Remaining":"0","X-RateLimit-Reset":"1785024000000"},"provider_name":null}},"user_id":"user_2vAj0cQHCGkujZAgFlQ28Jbaa10"}\nError: OpenRouter API error 429: {"error":{"message":"Rate limit exceeded: free-models-per-day. Add 5 credits to unlock 1000 free model requests per day","code":429,"metadata":{"headers":{"X-RateLimit-Limit":"50","X-RateLimit-Remaining":"0","X-RateLimit-Reset":"1785024000000"},"provider_name":null}},"user_id":"user_2vAj0cQHCGkujZAgFlQ28Jbaa10"}
    at classifyField (C:\Users\yasht\OneDrive\Desktop\oneTap\server\src\services\aiService.js:68:13)
    at process.processTicksAndRejections (node:internal/process/task_queues:103:5)
    at async C:\Users\yasht\OneDrive\Desktop\oneTap\server\src\routes\autofill.js:119:30
    at async Promise.all (index 21)
    at async C:\Users\yasht\OneDrive\Desktop\oneTap\server\src\routes\autofill.js:61:25
2026-07-25 11:39:59 [error]: AI classification error: OpenRouter API error 429: {"error":{"message":"Rate limit exceeded: free-models-per-day. Add 5 credits to unlock 1000 free model requests per day","code":429,"metadata":{"headers":{"X-RateLimit-Limit":"50","X-RateLimit-Remaining":"0","X-RateLimit-Reset":"1785024000000"},"provider_name":null}},"user_id":"user_2vAj0cQHCGkujZAgFlQ28Jbaa10"}\nError: OpenRouter API error 429: {"error":{"message":"Rate limit exceeded: free-models-per-day. Add 5 credits to unlock 1000 free model requests per day","code":429,"metadata":{"headers":{"X-RateLimit-Limit":"50","X-RateLimit-Remaining":"0","X-RateLimit-Reset":"1785024000000"},"provider_name":null}},"user_id":"user_2vAj0cQHCGkujZAgFlQ28Jbaa10"}
    at classifyField (C:\Users\yasht\OneDrive\Desktop\oneTap\server\src\services\aiService.js:68:13)
    at process.processTicksAndRejections (node:internal/process/task_queues:103:5)
    at async C:\Users\yasht\OneDrive\Desktop\oneTap\server\src\routes\autofill.js:119:30
    at async Promise.all (index 20)
    at async C:\Users\yasht\OneDrive\Desktop\oneTap\server\src\routes\autofill.js:61:25
2026-07-25 11:39:59 [error]: AI classification error: OpenRouter API error 429: {"error":{"message":"Rate limit exceeded: free-models-per-day. Add 5 credits to unlock 1000 free model requests per day","code":429,"metadata":{"headers":{"X-RateLimit-Limit":"50","X-RateLimit-Remaining":"0","X-RateLimit-Reset":"1785024000000"},"provider_name":null}},"user_id":"user_2vAj0cQHCGkujZAgFlQ28Jbaa10"}\nError: OpenRouter API error 429: {"error":{"message":"Rate limit exceeded: free-models-per-day. Add 5 credits to unlock 1000 free model requests per day","code":429,"metadata":{"headers":{"X-RateLimit-Limit":"50","X-RateLimit-Remaining":"0","X-RateLimit-Reset":"1785024000000"},"provider_name":null}},"user_id":"user_2vAj0cQHCGkujZAgFlQ28Jbaa10"}
    at classifyField (C:\Users\yasht\OneDrive\Desktop\oneTap\server\src\services\aiService.js:68:13)
    at process.processTicksAndRejections (node:internal/process/task_queues:103:5)
    at async C:\Users\yasht\OneDrive\Desktop\oneTap\server\src\routes\autofill.js:119:30
    at async Promise.all (index 25)
    at async C:\Users\yasht\OneDrive\Desktop\oneTap\server\src\routes\autofill.js:61:25
2026-07-25 11:39:59 [http]: ::1 - - [25/Jul/2026:06:09:59 +0000] "POST /api/autofill/suggest HTTP/1.1" 200 - "-" "Mozilla/5.0 (Windows NT 10.0; Win64; x64) AppleWebKit/537.36 (KHTML, like Gecko) Chrome/150.0.0.0 Safari/537.36"
2026-07-25 11:41:16 [debug]: Falling back to AI for field: Credit Card Number
2026-07-25 11:41:16 [debug]: Falling back to AI for field: CCV
2026-07-25 11:41:16 [debug]: Falling back to AI for field: Favorite Movie
2026-07-25 11:41:17 [error]: AI classification error: OpenRouter API error 429: {"error":{"message":"Rate limit exceeded: free-models-per-day. Add 5 credits to unlock 1000 free model requests per day","code":429,"metadata":{"headers":{"X-RateLimit-Limit":"50","X-RateLimit-Remaining":"0","X-RateLimit-Reset":"1785024000000"},"provider_name":null}},"user_id":"user_2vAj0cQHCGkujZAgFlQ28Jbaa10"}\nError: OpenRouter API error 429: {"error":{"message":"Rate limit exceeded: free-models-per-day. Add 5 credits to unlock 1000 free model requests per day","code":429,"metadata":{"headers":{"X-RateLimit-Limit":"50","X-RateLimit-Remaining":"0","X-RateLimit-Reset":"1785024000000"},"provider_name":null}},"user_id":"user_2vAj0cQHCGkujZAgFlQ28Jbaa10"}
    at classifyField (C:\Users\yasht\OneDrive\Desktop\oneTap\server\src\services\aiService.js:68:13)
    at process.processTicksAndRejections (node:internal/process/task_queues:103:5)
    at async C:\Users\yasht\OneDrive\Desktop\oneTap\server\src\routes\autofill.js:119:30
    at async Promise.all (index 20)
    at async C:\Users\yasht\OneDrive\Desktop\oneTap\server\src\routes\autofill.js:61:25
2026-07-25 11:41:17 [error]: AI classification error: OpenRouter API error 429: {"error":{"message":"Rate limit exceeded: free-models-per-day. Add 5 credits to unlock 1000 free model requests per day","code":429,"metadata":{"headers":{"X-RateLimit-Limit":"50","X-RateLimit-Remaining":"0","X-RateLimit-Reset":"1785024000000"},"provider_name":null}},"user_id":"user_2vAj0cQHCGkujZAgFlQ28Jbaa10"}\nError: OpenRouter API error 429: {"error":{"message":"Rate limit exceeded: free-models-per-day. Add 5 credits to unlock 1000 free model requests per day","code":429,"metadata":{"headers":{"X-RateLimit-Limit":"50","X-RateLimit-Remaining":"0","X-RateLimit-Reset":"1785024000000"},"provider_name":null}},"user_id":"user_2vAj0cQHCGkujZAgFlQ28Jbaa10"}
    at classifyField (C:\Users\yasht\OneDrive\Desktop\oneTap\server\src\services\aiService.js:68:13)
    at process.processTicksAndRejections (node:internal/process/task_queues:103:5)
    at async C:\Users\yasht\OneDrive\Desktop\oneTap\server\src\routes\autofill.js:119:30
    at async Promise.all (index 25)
    at async C:\Users\yasht\OneDrive\Desktop\oneTap\server\src\routes\autofill.js:61:25
2026-07-25 11:41:17 [error]: AI classification error: OpenRouter API error 429: {"error":{"message":"Rate limit exceeded: free-models-per-day. Add 5 credits to unlock 1000 free model requests per day","code":429,"metadata":{"headers":{"X-RateLimit-Limit":"50","X-RateLimit-Remaining":"0","X-RateLimit-Reset":"1785024000000"},"provider_name":null}},"user_id":"user_2vAj0cQHCGkujZAgFlQ28Jbaa10"}\nError: OpenRouter API error 429: {"error":{"message":"Rate limit exceeded: free-models-per-day. Add 5 credits to unlock 1000 free model requests per day","code":429,"metadata":{"headers":{"X-RateLimit-Limit":"50","X-RateLimit-Remaining":"0","X-RateLimit-Reset":"1785024000000"},"provider_name":null}},"user_id":"user_2vAj0cQHCGkujZAgFlQ28Jbaa10"}
    at classifyField (C:\Users\yasht\OneDrive\Desktop\oneTap\server\src\services\aiService.js:68:13)
    at process.processTicksAndRejections (node:internal/process/task_queues:103:5)
    at async C:\Users\yasht\OneDrive\Desktop\oneTap\server\src\routes\autofill.js:119:30
    at async Promise.all (index 21)
    at async C:\Users\yasht\OneDrive\Desktop\oneTap\server\src\routes\autofill.js:61:25
2026-07-25 11:41:17 [http]: ::1 - - [25/Jul/2026:06:11:17 +0000] "POST /api/autofill/suggest HTTP/1.1" 200 - "-" "Mozilla/5.0 (Windows NT 10.0; Win64; x64) AppleWebKit/537.36 (KHTML, like Gecko) Chrome/150.0.0.0 Safari/537.36"
2026-07-25 11:43:33 [http]: ::1 - - [25/Jul/2026:06:13:33 +0000] "GET /api/profile HTTP/1.1" 304 - "-" "Mozilla/5.0 (Windows NT 10.0; Win64; x64) AppleWebKit/537.36 (KHTML, like Gecko) Chrome/150.0.0.0 Safari/537.36"
2026-07-25 11:43:33 [http]: ::1 - - [25/Jul/2026:06:13:33 +0000] "GET /api/documents HTTP/1.1" 304 - "-" "Mozilla/5.0 (Windows NT 10.0; Win64; x64) AppleWebKit/537.36 (KHTML, like Gecko) Chrome/150.0.0.0 Safari/537.36"
2026-07-25 11:43:34 [http]: ::1 - - [25/Jul/2026:06:13:34 +0000] "GET /api/profile HTTP/1.1" 304 - "-" "Mozilla/5.0 (Windows NT 10.0; Win64; x64) AppleWebKit/537.36 (KHTML, like Gecko) Chrome/150.0.0.0 Safari/537.36"
2026-07-25 11:43:58 [debug]: Falling back to AI for field: Credit Card Number
2026-07-25 11:43:58 [debug]: Falling back to AI for field: CCV
2026-07-25 11:43:58 [debug]: Falling back to AI for field: Favorite Movie
2026-07-25 11:44:06 [debug]: AI classified field "Credit Card Number" → customFields.Credit Card Number (0.95)
2026-07-25 11:44:07 [debug]: AI classified field "Favorite Movie" → null (0.95)
2026-07-25 11:44:08 [debug]: AI classified field "CCV" → customFields.Card Verification Code (0.95)
2026-07-25 11:44:08 [http]: ::1 - - [25/Jul/2026:06:14:08 +0000] "POST /api/autofill/suggest HTTP/1.1" 200 - "-" "Mozilla/5.0 (Windows NT 10.0; Win64; x64) AppleWebKit/537.36 (KHTML, like Gecko) Chrome/150.0.0.0 Safari/537.36"
2026-07-25 11:44:17 [debug]: Falling back to AI for field: Credit Card Number
2026-07-25 11:44:17 [debug]: AI cache hit for fingerprint: 6726c9d4...
2026-07-25 11:44:17 [debug]: Falling back to AI for field: CCV
2026-07-25 11:44:17 [debug]: AI cache hit for fingerprint: c1d2b1a6...
2026-07-25 11:44:17 [debug]: Falling back to AI for field: Favorite Movie
2026-07-25 11:44:17 [debug]: AI cache hit for fingerprint: 6c0a2474...
2026-07-25 11:44:17 [http]: ::1 - - [25/Jul/2026:06:14:17 +0000] "POST /api/autofill/suggest HTTP/1.1" 200 - "-" "Mozilla/5.0 (Windows NT 10.0; Win64; x64) AppleWebKit/537.36 (KHTML, like Gecko) Chrome/150.0.0.0 Safari/537.36"
2026-07-25 11:44:19 [http]: ::1 - - [25/Jul/2026:06:14:19 +0000] "GET /uploads/d838f28c-a820-4f21-93cd-2a1dafd58897/3570bb8f-c5eb-4b79-9e55-31def844f0d0.pdf HTTP/1.1" 304 - "http://127.0.0.1:5500/" "Mozilla/5.0 (Windows NT 10.0; Win64; x64) AppleWebKit/537.36 (KHTML, like Gecko) Chrome/150.0.0.0 Safari/537.36"
2026-07-25 11:49:30 [debug]: Falling back to AI for field: Credit Card Number
2026-07-25 11:49:30 [debug]: AI cache hit for fingerprint: 6726c9d4...
2026-07-25 11:49:30 [debug]: Falling back to AI for field: CCV
2026-07-25 11:49:30 [debug]: AI cache hit for fingerprint: c1d2b1a6...
2026-07-25 11:49:30 [debug]: Falling back to AI for field: Favorite Movie
2026-07-25 11:49:30 [debug]: AI cache hit for fingerprint: 6c0a2474...
2026-07-25 11:49:30 [http]: ::1 - - [25/Jul/2026:06:19:30 +0000] "POST /api/autofill/suggest HTTP/1.1" 200 - "-" "Mozilla/5.0 (Windows NT 10.0; Win64; x64) AppleWebKit/537.36 (KHTML, like Gecko) Chrome/150.0.0.0 Safari/537.36"
2026-07-25 11:49:36 [debug]: Falling back to AI for field: Credit Card Number
2026-07-25 11:49:36 [debug]: AI cache hit for fingerprint: 6726c9d4...
2026-07-25 11:49:36 [debug]: Falling back to AI for field: CCV
2026-07-25 11:49:36 [debug]: AI cache hit for fingerprint: c1d2b1a6...
2026-07-25 11:49:36 [debug]: Falling back to AI for field: Favorite Movie
2026-07-25 11:49:36 [debug]: AI cache hit for fingerprint: 6c0a2474...
2026-07-25 11:49:36 [http]: ::1 - - [25/Jul/2026:06:19:36 +0000] "POST /api/autofill/suggest HTTP/1.1" 200 - "-" "Mozilla/5.0 (Windows NT 10.0; Win64; x64) AppleWebKit/537.36 (KHTML, like Gecko) Chrome/150.0.0.0 Safari/537.36"
2026-07-25 11:49:39 [debug]: Falling back to AI for field: Credit Card Number
2026-07-25 11:49:39 [debug]: AI cache hit for fingerprint: 6726c9d4...
2026-07-25 11:49:39 [debug]: Falling back to AI for field: CCV
2026-07-25 11:49:39 [debug]: AI cache hit for fingerprint: c1d2b1a6...
2026-07-25 11:49:39 [debug]: Falling back to AI for field: Favorite Movie
2026-07-25 11:49:39 [debug]: AI cache hit for fingerprint: 6c0a2474...
2026-07-25 11:49:39 [http]: ::1 - - [25/Jul/2026:06:19:39 +0000] "POST /api/autofill/suggest HTTP/1.1" 200 - "-" "Mozilla/5.0 (Windows NT 10.0; Win64; x64) AppleWebKit/537.36 (KHTML, like Gecko) Chrome/150.0.0.0 Safari/537.36"
2026-07-25 11:50:10 [debug]: Falling back to AI for field: Middle Initial
2026-07-25 11:50:10 [debug]: Falling back to AI for field: User ID
2026-07-25 11:50:10 [debug]: Falling back to AI for field: Password
2026-07-25 11:50:10 [debug]: Falling back to AI for field: Credit Card Type
2026-07-25 11:50:10 [debug]: Falling back to AI for field: Credit Card Number
2026-07-25 11:50:10 [debug]: Falling back to AI for field: Card Verification Code
2026-07-25 11:50:10 [debug]: Falling back to AI for field: Card Expiration Date
2026-07-25 11:50:10 [debug]: Falling back to AI for field: Card Expiration Date
2026-07-25 11:50:10 [debug]: Falling back to AI for field: Card User Name
2026-07-25 11:50:10 [debug]: Falling back to AI for field: Card Issuing Bank
2026-07-25 11:50:10 [debug]: Falling back to AI for field: Social Security Number
2026-07-25 11:50:10 [debug]: Falling back to AI for field: Age
2026-07-25 11:50:10 [debug]: Falling back to AI for field: Birth Place
2026-07-25 11:50:10 [debug]: Falling back to AI for field: Income
2026-07-25 11:50:10 [debug]: Falling back to AI for field: Custom Message
2026-07-25 11:50:10 [debug]: Falling back to AI for field: Comments
2026-07-25 11:50:15 [debug]: AI classified field "Custom Message" → null (0.95)
2026-07-25 11:50:15 [debug]: AI classified field "Password" → null (0.95)
2026-07-25 11:50:15 [debug]: AI classified field "Middle Initial" → middleName (0.95)
2026-07-25 11:50:16 [debug]: AI classified field "Card Verification Code" → customFields.Card Verification Code (0.95)
2026-07-25 11:50:16 [debug]: AI classified field "User ID" → null (0.95)
2026-07-25 11:50:17 [debug]: AI classified field "Comments" → null (0.95)
2026-07-25 11:50:18 [debug]: AI classified field "Credit Card Type" → customFields.Credit Card Type (0.95)
2026-07-25 11:50:19 [debug]: AI classified field "Age" → null (0.95)
2026-07-25 11:50:19 [debug]: AI classified field "Credit Card Number" → customFields.Credit Card Number (0.95)
2026-07-25 11:50:19 [debug]: AI classified field "Card Expiration Date" → customFields.Card Expiration Date (0.95)
2026-07-25 11:50:19 [debug]: AI classified field "Income" → expectedSalary (0.8)
2026-07-25 11:50:19 [debug]: AI classified field "Card Issuing Bank" → null (0.8)
2026-07-25 11:50:20 [debug]: AI classified field "Card Expiration Date" → customFields.Card Expiration Date (0.95)
2026-07-25 11:50:20 [debug]: AI classified field "Social Security Number" → null (0.95)
2026-07-25 11:50:23 [debug]: AI classified field "Card User Name" → null (0.95)
2026-07-25 11:50:23 [debug]: AI classified field "Birth Place" → null (0.9)
2026-07-25 11:50:23 [http]: ::1 - - [25/Jul/2026:06:20:23 +0000] "POST /api/autofill/suggest HTTP/1.1" 200 - "-" "Mozilla/5.0 (Windows NT 10.0; Win64; x64) AppleWebKit/537.36 (KHTML, like Gecko) Chrome/150.0.0.0 Safari/537.36"
2026-07-25 12:25:10 [info]: ✅ MongoDB connected: ac-b1tchrv-shard-00-00.r0rqul9.mongodb.net
2026-07-25 12:25:10 [info]: 🚀 Server running on http://localhost:3001
2026-07-25 12:25:10 [info]: 📁 Uploads: C:\Users\yasht\OneDrive\Desktop\oneTap\server\uploads
2026-07-25 12:25:26 [http]: ::1 - - [25/Jul/2026:06:55:26 +0000] "GET /api/profile HTTP/1.1" 304 - "-" "Mozilla/5.0 (Windows NT 10.0; Win64; x64) AppleWebKit/537.36 (KHTML, like Gecko) Chrome/150.0.0.0 Safari/537.36"
2026-07-25 12:25:26 [http]: ::1 - - [25/Jul/2026:06:55:26 +0000] "GET /api/documents HTTP/1.1" 304 - "-" "Mozilla/5.0 (Windows NT 10.0; Win64; x64) AppleWebKit/537.36 (KHTML, like Gecko) Chrome/150.0.0.0 Safari/537.36"
2026-07-25 12:25:36 [http]: ::1 - - [25/Jul/2026:06:55:36 +0000] "GET /api/profile HTTP/1.1" 304 - "-" "Mozilla/5.0 (Windows NT 10.0; Win64; x64) AppleWebKit/537.36 (KHTML, like Gecko) Chrome/150.0.0.0 Safari/537.36"
2026-07-25 12:25:36 [http]: ::1 - - [25/Jul/2026:06:55:36 +0000] "GET /api/documents HTTP/1.1" 304 - "-" "Mozilla/5.0 (Windows NT 10.0; Win64; x64) AppleWebKit/537.36 (KHTML, like Gecko) Chrome/150.0.0.0 Safari/537.36"
2026-07-25 12:27:49 [http]: ::1 - - [25/Jul/2026:06:57:49 +0000] "GET /api/profile HTTP/1.1" 304 - "-" "Mozilla/5.0 (Windows NT 10.0; Win64; x64) AppleWebKit/537.36 (KHTML, like Gecko) Chrome/150.0.0.0 Safari/537.36"
2026-07-25 12:27:49 [http]: ::1 - - [25/Jul/2026:06:57:49 +0000] "GET /api/documents HTTP/1.1" 304 - "-" "Mozilla/5.0 (Windows NT 10.0; Win64; x64) AppleWebKit/537.36 (KHTML, like Gecko) Chrome/150.0.0.0 Safari/537.36"
2026-07-25 12:32:49 [http]: ::1 - - [25/Jul/2026:07:02:49 +0000] "GET /api/profile HTTP/1.1" 304 - "-" "Mozilla/5.0 (Windows NT 10.0; Win64; x64) AppleWebKit/537.36 (KHTML, like Gecko) Chrome/150.0.0.0 Safari/537.36"
2026-07-25 12:32:49 [http]: ::1 - - [25/Jul/2026:07:02:49 +0000] "GET /api/documents HTTP/1.1" 304 - "-" "Mozilla/5.0 (Windows NT 10.0; Win64; x64) AppleWebKit/537.36 (KHTML, like Gecko) Chrome/150.0.0.0 Safari/537.36"
2026-07-25 12:33:02 [http]: ::1 - - [25/Jul/2026:07:03:02 +0000] "GET /api/profile HTTP/1.1" 304 - "-" "Mozilla/5.0 (Windows NT 10.0; Win64; x64) AppleWebKit/537.36 (KHTML, like Gecko) Chrome/150.0.0.0 Safari/537.36"
2026-07-25 12:33:02 [http]: ::1 - - [25/Jul/2026:07:03:02 +0000] "GET /api/documents HTTP/1.1" 304 - "-" "Mozilla/5.0 (Windows NT 10.0; Win64; x64) AppleWebKit/537.36 (KHTML, like Gecko) Chrome/150.0.0.0 Safari/537.36"
2026-07-25 12:34:53 [debug]: Batching 3 fields for AI classification...
2026-07-25 12:35:14 [debug]: AI classified field "Credit Card Number" → customFields.Credit Card Number (0.95)
2026-07-25 12:35:14 [debug]: AI classified field "CCV" → customFields.Card Verification Code (0.95)
2026-07-25 12:35:14 [debug]: AI classified field "Favorite Movie" → null (0.9)
2026-07-25 12:35:14 [http]: ::1 - - [25/Jul/2026:07:05:14 +0000] "POST /api/autofill/suggest HTTP/1.1" 200 - "-" "Mozilla/5.0 (Windows NT 10.0; Win64; x64) AppleWebKit/537.36 (KHTML, like Gecko) Chrome/150.0.0.0 Safari/537.36"
2026-07-25 12:35:42 [http]: ::1 - - [25/Jul/2026:07:05:42 +0000] "POST /api/submissions HTTP/1.1" 201 111 "-" "Mozilla/5.0 (Windows NT 10.0; Win64; x64) AppleWebKit/537.36 (KHTML, like Gecko) Chrome/150.0.0.0 Safari/537.36"
2026-07-25 12:35:44 [http]: ::1 - - [25/Jul/2026:07:05:44 +0000] "GET /uploads/d838f28c-a820-4f21-93cd-2a1dafd58897/3570bb8f-c5eb-4b79-9e55-31def844f0d0.pdf HTTP/1.1" 304 - "http://127.0.0.1:5500/" "Mozilla/5.0 (Windows NT 10.0; Win64; x64) AppleWebKit/537.36 (KHTML, like Gecko) Chrome/150.0.0.0 Safari/537.36"
2026-07-25 12:36:04 [http]: ::1 - - [25/Jul/2026:07:06:04 +0000] "POST /api/submissions HTTP/1.1" 201 569 "-" "Mozilla/5.0 (Windows NT 10.0; Win64; x64) AppleWebKit/537.36 (KHTML, like Gecko) Chrome/150.0.0.0 Safari/537.36"
2026-07-25 12:36:15 [http]: ::1 - - [25/Jul/2026:07:06:15 +0000] "GET /api/profile HTTP/1.1" 200 - "-" "Mozilla/5.0 (Windows NT 10.0; Win64; x64) AppleWebKit/537.36 (KHTML, like Gecko) Chrome/150.0.0.0 Safari/537.36"
2026-07-25 12:36:15 [http]: ::1 - - [25/Jul/2026:07:06:15 +0000] "GET /api/documents HTTP/1.1" 304 - "-" "Mozilla/5.0 (Windows NT 10.0; Win64; x64) AppleWebKit/537.36 (KHTML, like Gecko) Chrome/150.0.0.0 Safari/537.36"
2026-07-25 12:36:42 [http]: ::1 - - [25/Jul/2026:07:06:42 +0000] "GET /api/profile HTTP/1.1" 304 - "-" "Mozilla/5.0 (Windows NT 10.0; Win64; x64) AppleWebKit/537.36 (KHTML, like Gecko) Chrome/150.0.0.0 Safari/537.36"
2026-07-25 12:36:42 [http]: ::1 - - [25/Jul/2026:07:06:42 +0000] "GET /api/documents HTTP/1.1" 304 - "-" "Mozilla/5.0 (Windows NT 10.0; Win64; x64) AppleWebKit/537.36 (KHTML, like Gecko) Chrome/150.0.0.0 Safari/537.36"
2026-07-25 12:36:50 [http]: ::1 - - [25/Jul/2026:07:06:50 +0000] "GET /api/profile HTTP/1.1" 304 - "-" "Mozilla/5.0 (Windows NT 10.0; Win64; x64) AppleWebKit/537.36 (KHTML, like Gecko) Chrome/150.0.0.0 Safari/537.36"
2026-07-25 12:36:50 [http]: ::1 - - [25/Jul/2026:07:06:50 +0000] "GET /api/documents HTTP/1.1" 304 - "-" "Mozilla/5.0 (Windows NT 10.0; Win64; x64) AppleWebKit/537.36 (KHTML, like Gecko) Chrome/150.0.0.0 Safari/537.36"
2026-07-25 12:37:55 [http]: ::1 - - [25/Jul/2026:07:07:55 +0000] "GET /api/profile HTTP/1.1" 304 - "-" "Mozilla/5.0 (Windows NT 10.0; Win64; x64) AppleWebKit/537.36 (KHTML, like Gecko) Chrome/150.0.0.0 Safari/537.36"
2026-07-25 12:37:55 [http]: ::1 - - [25/Jul/2026:07:07:55 +0000] "GET /api/documents HTTP/1.1" 304 - "-" "Mozilla/5.0 (Windows NT 10.0; Win64; x64) AppleWebKit/537.36 (KHTML, like Gecko) Chrome/150.0.0.0 Safari/537.36"
2026-07-25 12:38:24 [http]: ::1 - - [25/Jul/2026:07:08:24 +0000] "GET /api/profile HTTP/1.1" 304 - "-" "Mozilla/5.0 (Windows NT 10.0; Win64; x64) AppleWebKit/537.36 (KHTML, like Gecko) Chrome/150.0.0.0 Safari/537.36"
2026-07-25 12:38:24 [http]: ::1 - - [25/Jul/2026:07:08:24 +0000] "GET /api/documents HTTP/1.1" 304 - "-" "Mozilla/5.0 (Windows NT 10.0; Win64; x64) AppleWebKit/537.36 (KHTML, like Gecko) Chrome/150.0.0.0 Safari/537.36"
2026-07-25 12:38:43 [http]: ::1 - - [25/Jul/2026:07:08:43 +0000] "GET /api/profile HTTP/1.1" 304 - "-" "Mozilla/5.0 (Windows NT 10.0; Win64; x64) AppleWebKit/537.36 (KHTML, like Gecko) Chrome/150.0.0.0 Safari/537.36"
2026-07-25 12:39:02 [http]: ::1 - - [25/Jul/2026:07:09:02 +0000] "PATCH /api/profile HTTP/1.1" 200 - "-" "Mozilla/5.0 (Windows NT 10.0; Win64; x64) AppleWebKit/537.36 (KHTML, like Gecko) Chrome/150.0.0.0 Safari/537.36"
2026-07-25 12:39:11 [debug]: Batching 1 fields for AI classification...
2026-07-25 12:39:11 [debug]: AI cache hit for fingerprint: 6726c9d4...
2026-07-25 12:39:11 [http]: ::1 - - [25/Jul/2026:07:09:11 +0000] "POST /api/autofill/suggest HTTP/1.1" 200 - "-" "Mozilla/5.0 (Windows NT 10.0; Win64; x64) AppleWebKit/537.36 (KHTML, like Gecko) Chrome/150.0.0.0 Safari/537.36"
2026-07-25 12:45:19 [info]: ✅ MongoDB connected: ac-b1tchrv-shard-00-01.r0rqul9.mongodb.net
2026-07-25 12:45:19 [info]: 🚀 Server running on http://localhost:3001
2026-07-25 12:45:19 [info]: 📁 Uploads: C:\Users\yasht\OneDrive\Desktop\oneTap\server\uploads
2026-07-25 12:45:33 [info]: ✅ MongoDB connected: ac-b1tchrv-shard-00-02.r0rqul9.mongodb.net
2026-07-25 12:45:33 [info]: 🚀 Server running on http://localhost:3001
2026-07-25 12:45:33 [info]: 📁 Uploads: C:\Users\yasht\OneDrive\Desktop\oneTap\server\uploads
2026-07-25 12:45:45 [info]: ✅ MongoDB connected: ac-b1tchrv-shard-00-01.r0rqul9.mongodb.net
2026-07-25 12:45:45 [info]: 🚀 Server running on http://localhost:3001
2026-07-25 12:45:45 [info]: 📁 Uploads: C:\Users\yasht\OneDrive\Desktop\oneTap\server\uploads
2026-07-25 12:48:16 [debug]: Batching 1 fields for AI classification...
2026-07-25 12:48:19 [http]: ::1 - - [25/Jul/2026:07:18:19 +0000] "GET /api/profile HTTP/1.1" 200 - "-" "Mozilla/5.0 (Windows NT 10.0; Win64; x64) AppleWebKit/537.36 (KHTML, like Gecko) Chrome/150.0.0.0 Safari/537.36"
2026-07-25 12:48:19 [http]: ::1 - - [25/Jul/2026:07:18:19 +0000] "GET /api/documents HTTP/1.1" 304 - "-" "Mozilla/5.0 (Windows NT 10.0; Win64; x64) AppleWebKit/537.36 (KHTML, like Gecko) Chrome/150.0.0.0 Safari/537.36"
2026-07-25 12:48:20 [debug]: AI classified field "Credit Card Number" → customFields.Credit Card Number (0.99)
2026-07-25 12:48:20 [http]: ::1 - - [25/Jul/2026:07:18:20 +0000] "POST /api/autofill/suggest HTTP/1.1" 200 - "-" "Mozilla/5.0 (Windows NT 10.0; Win64; x64) AppleWebKit/537.36 (KHTML, like Gecko) Chrome/150.0.0.0 Safari/537.36"
2026-07-25 12:48:29 [http]: ::1 - - [25/Jul/2026:07:18:29 +0000] "GET /api/profile HTTP/1.1" 304 - "-" "Mozilla/5.0 (Windows NT 10.0; Win64; x64) AppleWebKit/537.36 (KHTML, like Gecko) Chrome/150.0.0.0 Safari/537.36"
2026-07-25 12:48:29 [http]: ::1 - - [25/Jul/2026:07:18:29 +0000] "GET /api/documents HTTP/1.1" 304 - "-" "Mozilla/5.0 (Windows NT 10.0; Win64; x64) AppleWebKit/537.36 (KHTML, like Gecko) Chrome/150.0.0.0 Safari/537.36"
2026-07-25 12:49:21 [http]: ::1 - - [25/Jul/2026:07:19:21 +0000] "GET /api/profile HTTP/1.1" 304 - "-" "Mozilla/5.0 (Windows NT 10.0; Win64; x64) AppleWebKit/537.36 (KHTML, like Gecko) Chrome/150.0.0.0 Safari/537.36"
2026-07-25 12:49:21 [http]: ::1 - - [25/Jul/2026:07:19:21 +0000] "GET /api/documents HTTP/1.1" 304 - "-" "Mozilla/5.0 (Windows NT 10.0; Win64; x64) AppleWebKit/537.36 (KHTML, like Gecko) Chrome/150.0.0.0 Safari/537.36"
2026-07-25 12:49:48 [http]: ::1 - - [25/Jul/2026:07:19:48 +0000] "POST /api/auth/register HTTP/1.1" 200 238 "-" "Mozilla/5.0 (Windows NT 10.0; Win64; x64) AppleWebKit/537.36 (KHTML, like Gecko) Chrome/150.0.0.0 Safari/537.36"
2026-07-25 12:49:48 [http]: ::1 - - [25/Jul/2026:07:19:48 +0000] "GET /api/profile HTTP/1.1" 200 226 "-" "Mozilla/5.0 (Windows NT 10.0; Win64; x64) AppleWebKit/537.36 (KHTML, like Gecko) Chrome/150.0.0.0 Safari/537.36"
2026-07-25 12:49:48 [http]: ::1 - - [25/Jul/2026:07:19:48 +0000] "GET /api/documents HTTP/1.1" 200 31 "-" "Mozilla/5.0 (Windows NT 10.0; Win64; x64) AppleWebKit/537.36 (KHTML, like Gecko) Chrome/150.0.0.0 Safari/537.36"
2026-07-25 12:50:04 [http]: ::1 - - [25/Jul/2026:07:20:04 +0000] "GET /api/profile HTTP/1.1" 200 226 "-" "Mozilla/5.0 (Windows NT 10.0; Win64; x64) AppleWebKit/537.36 (KHTML, like Gecko) Chrome/150.0.0.0 Safari/537.36"
2026-07-25 12:50:04 [http]: ::1 - - [25/Jul/2026:07:20:04 +0000] "GET /api/documents HTTP/1.1" 304 - "-" "Mozilla/5.0 (Windows NT 10.0; Win64; x64) AppleWebKit/537.36 (KHTML, like Gecko) Chrome/150.0.0.0 Safari/537.36"
2026-07-25 12:50:15 [http]: ::1 - - [25/Jul/2026:07:20:15 +0000] "GET /api/profile HTTP/1.1" 304 - "-" "Mozilla/5.0 (Windows NT 10.0; Win64; x64) AppleWebKit/537.36 (KHTML, like Gecko) Chrome/150.0.0.0 Safari/537.36"
2026-07-25 12:50:15 [http]: ::1 - - [25/Jul/2026:07:20:15 +0000] "GET /api/documents HTTP/1.1" 304 - "-" "Mozilla/5.0 (Windows NT 10.0; Win64; x64) AppleWebKit/537.36 (KHTML, like Gecko) Chrome/150.0.0.0 Safari/537.36"
2026-07-25 12:50:17 [http]: ::1 - - [25/Jul/2026:07:20:17 +0000] "GET /api/profile HTTP/1.1" 304 - "-" "Mozilla/5.0 (Windows NT 10.0; Win64; x64) AppleWebKit/537.36 (KHTML, like Gecko) Chrome/150.0.0.0 Safari/537.36"
2026-07-25 12:51:21 [http]: ::1 - - [25/Jul/2026:07:21:21 +0000] "PATCH /api/profile HTTP/1.1" 200 448 "-" "Mozilla/5.0 (Windows NT 10.0; Win64; x64) AppleWebKit/537.36 (KHTML, like Gecko) Chrome/150.0.0.0 Safari/537.36"
2026-07-25 12:51:23 [http]: ::1 - - [25/Jul/2026:07:21:23 +0000] "GET /api/profile HTTP/1.1" 200 448 "-" "Mozilla/5.0 (Windows NT 10.0; Win64; x64) AppleWebKit/537.36 (KHTML, like Gecko) Chrome/150.0.0.0 Safari/537.36"
2026-07-25 12:51:23 [http]: ::1 - - [25/Jul/2026:07:21:23 +0000] "GET /api/documents HTTP/1.1" 304 - "-" "Mozilla/5.0 (Windows NT 10.0; Win64; x64) AppleWebKit/537.36 (KHTML, like Gecko) Chrome/150.0.0.0 Safari/537.36"
2026-07-25 12:51:32 [debug]: Batching 9 fields for AI classification...
2026-07-25 12:51:32 [debug]: AI cache hit for fingerprint: 6726c9d4...
2026-07-25 12:51:49 [http]: ::1 - - [25/Jul/2026:07:21:49 +0000] "GET /api/profile HTTP/1.1" 304 - "-" "Mozilla/5.0 (Windows NT 10.0; Win64; x64) AppleWebKit/537.36 (KHTML, like Gecko) Chrome/150.0.0.0 Safari/537.36"
2026-07-25 12:51:49 [http]: ::1 - - [25/Jul/2026:07:21:49 +0000] "GET /api/documents HTTP/1.1" 304 - "-" "Mozilla/5.0 (Windows NT 10.0; Win64; x64) AppleWebKit/537.36 (KHTML, like Gecko) Chrome/150.0.0.0 Safari/537.36"
2026-07-25 12:51:53 [debug]: AI classified field "CCV" → null (0.9)
2026-07-25 12:51:53 [debug]: AI classified field "Favorite Color" → null (0.9)
2026-07-25 12:51:53 [debug]: AI classified field "Pet's Name" → null (0.9)
2026-07-25 12:51:53 [debug]: AI classified field "Blood Group" → null (0.9)
2026-07-25 12:51:53 [debug]: AI classified field "Favorite Movie" → null (0.9)
2026-07-25 12:51:53 [debug]: AI classified field "Zodiac Sign" → null (0.9)
2026-07-25 12:51:53 [debug]: AI classified field "Shoe Size" → null (0.9)
2026-07-25 12:51:53 [debug]: AI classified field "If you had a superpower, what would it be?" → null (0.9)
2026-07-25 12:51:53 [http]: ::1 - - [25/Jul/2026:07:21:53 +0000] "POST /api/autofill/suggest HTTP/1.1" 200 - "-" "Mozilla/5.0 (Windows NT 10.0; Win64; x64) AppleWebKit/537.36 (KHTML, like Gecko) Chrome/150.0.0.0 Safari/537.36"
2026-07-25 12:56:25 [http]: ::1 - - [25/Jul/2026:07:26:25 +0000] "POST /api/submissions HTTP/1.1" 201 506 "-" "Mozilla/5.0 (Windows NT 10.0; Win64; x64) AppleWebKit/537.36 (KHTML, like Gecko) Chrome/150.0.0.0 Safari/537.36"
2026-07-25 12:56:31 [http]: ::1 - - [25/Jul/2026:07:26:31 +0000] "GET /api/profile HTTP/1.1" 200 - "-" "Mozilla/5.0 (Windows NT 10.0; Win64; x64) AppleWebKit/537.36 (KHTML, like Gecko) Chrome/150.0.0.0 Safari/537.36"
2026-07-25 12:56:31 [http]: ::1 - - [25/Jul/2026:07:26:31 +0000] "GET /api/documents HTTP/1.1" 304 - "-" "Mozilla/5.0 (Windows NT 10.0; Win64; x64) AppleWebKit/537.36 (KHTML, like Gecko) Chrome/150.0.0.0 Safari/537.36"
2026-07-25 12:56:33 [http]: ::1 - - [25/Jul/2026:07:26:33 +0000] "GET /api/profile HTTP/1.1" 304 - "-" "Mozilla/5.0 (Windows NT 10.0; Win64; x64) AppleWebKit/537.36 (KHTML, like Gecko) Chrome/150.0.0.0 Safari/537.36"
2026-07-25 12:56:38 [http]: ::1 - - [25/Jul/2026:07:26:38 +0000] "GET /api/profile HTTP/1.1" 304 - "-" "Mozilla/5.0 (Windows NT 10.0; Win64; x64) AppleWebKit/537.36 (KHTML, like Gecko) Chrome/150.0.0.0 Safari/537.36"
2026-07-25 12:57:28 [http]: ::1 - - [25/Jul/2026:07:27:28 +0000] "GET /api/documents HTTP/1.1" 304 - "-" "Mozilla/5.0 (Windows NT 10.0; Win64; x64) AppleWebKit/537.36 (KHTML, like Gecko) Chrome/150.0.0.0 Safari/537.36"
2026-07-25 12:57:31 [http]: ::1 - - [25/Jul/2026:07:27:31 +0000] "GET /api/profile HTTP/1.1" 304 - "-" "Mozilla/5.0 (Windows NT 10.0; Win64; x64) AppleWebKit/537.36 (KHTML, like Gecko) Chrome/150.0.0.0 Safari/537.36"
2026-07-25 12:57:34 [http]: ::1 - - [25/Jul/2026:07:27:34 +0000] "GET /api/documents HTTP/1.1" 304 - "-" "Mozilla/5.0 (Windows NT 10.0; Win64; x64) AppleWebKit/537.36 (KHTML, like Gecko) Chrome/150.0.0.0 Safari/537.36"
2026-07-25 12:57:44 [http]: ::1 - - [25/Jul/2026:07:27:44 +0000] "POST /api/documents HTTP/1.1" 201 455 "-" "Mozilla/5.0 (Windows NT 10.0; Win64; x64) AppleWebKit/537.36 (KHTML, like Gecko) Chrome/150.0.0.0 Safari/537.36"
2026-07-25 12:57:44 [http]: ::1 - - [25/Jul/2026:07:27:44 +0000] "GET /api/documents HTTP/1.1" 200 458 "-" "Mozilla/5.0 (Windows NT 10.0; Win64; x64) AppleWebKit/537.36 (KHTML, like Gecko) Chrome/150.0.0.0 Safari/537.36"
2026-07-25 12:57:50 [http]: ::1 - - [25/Jul/2026:07:27:50 +0000] "GET /api/profile HTTP/1.1" 304 - "-" "Mozilla/5.0 (Windows NT 10.0; Win64; x64) AppleWebKit/537.36 (KHTML, like Gecko) Chrome/150.0.0.0 Safari/537.36"
2026-07-25 12:57:54 [http]: ::1 - - [25/Jul/2026:07:27:54 +0000] "GET /api/profile HTTP/1.1" 304 - "-" "Mozilla/5.0 (Windows NT 10.0; Win64; x64) AppleWebKit/537.36 (KHTML, like Gecko) Chrome/150.0.0.0 Safari/537.36"
2026-07-25 12:57:54 [http]: ::1 - - [25/Jul/2026:07:27:54 +0000] "GET /api/documents HTTP/1.1" 304 - "-" "Mozilla/5.0 (Windows NT 10.0; Win64; x64) AppleWebKit/537.36 (KHTML, like Gecko) Chrome/150.0.0.0 Safari/537.36"
2026-07-25 12:57:59 [http]: ::1 - - [25/Jul/2026:07:27:59 +0000] "GET /api/profile HTTP/1.1" 304 - "-" "Mozilla/5.0 (Windows NT 10.0; Win64; x64) AppleWebKit/537.36 (KHTML, like Gecko) Chrome/150.0.0.0 Safari/537.36"
2026-07-25 12:58:05 [http]: ::1 - - [25/Jul/2026:07:28:05 +0000] "GET /api/profile HTTP/1.1" 304 - "-" "Mozilla/5.0 (Windows NT 10.0; Win64; x64) AppleWebKit/537.36 (KHTML, like Gecko) Chrome/150.0.0.0 Safari/537.36"
2026-07-25 12:58:05 [http]: ::1 - - [25/Jul/2026:07:28:05 +0000] "GET /api/documents HTTP/1.1" 304 - "-" "Mozilla/5.0 (Windows NT 10.0; Win64; x64) AppleWebKit/537.36 (KHTML, like Gecko) Chrome/150.0.0.0 Safari/537.36"
2026-07-25 12:58:14 [http]: ::1 - - [25/Jul/2026:07:28:14 +0000] "GET /api/profile HTTP/1.1" 304 - "-" "Mozilla/5.0 (Windows NT 10.0; Win64; x64) AppleWebKit/537.36 (KHTML, like Gecko) Chrome/150.0.0.0 Safari/537.36"
2026-07-25 12:58:15 [http]: ::1 - - [25/Jul/2026:07:28:15 +0000] "GET /api/documents HTTP/1.1" 304 - "-" "Mozilla/5.0 (Windows NT 10.0; Win64; x64) AppleWebKit/537.36 (KHTML, like Gecko) Chrome/150.0.0.0 Safari/537.36"
2026-07-25 12:58:26 [http]: ::1 - - [25/Jul/2026:07:28:26 +0000] "POST /api/auth/register HTTP/1.1" 400 156 "-" "Mozilla/5.0 (Windows NT 10.0; Win64; x64) AppleWebKit/537.36 (KHTML, like Gecko) Chrome/150.0.0.0 Safari/537.36"
2026-07-25 12:58:38 [http]: ::1 - - [25/Jul/2026:07:28:38 +0000] "POST /api/auth/register HTTP/1.1" 200 231 "-" "Mozilla/5.0 (Windows NT 10.0; Win64; x64) AppleWebKit/537.36 (KHTML, like Gecko) Chrome/150.0.0.0 Safari/537.36"
2026-07-25 12:58:39 [http]: ::1 - - [25/Jul/2026:07:28:39 +0000] "GET /api/profile HTTP/1.1" 200 226 "-" "Mozilla/5.0 (Windows NT 10.0; Win64; x64) AppleWebKit/537.36 (KHTML, like Gecko) Chrome/150.0.0.0 Safari/537.36"
2026-07-25 12:58:39 [http]: ::1 - - [25/Jul/2026:07:28:39 +0000] "GET /api/documents HTTP/1.1" 200 31 "-" "Mozilla/5.0 (Windows NT 10.0; Win64; x64) AppleWebKit/537.36 (KHTML, like Gecko) Chrome/150.0.0.0 Safari/537.36"
2026-07-25 12:58:41 [http]: ::1 - - [25/Jul/2026:07:28:41 +0000] "GET /api/profile HTTP/1.1" 200 226 "-" "Mozilla/5.0 (Windows NT 10.0; Win64; x64) AppleWebKit/537.36 (KHTML, like Gecko) Chrome/150.0.0.0 Safari/537.36"
2026-07-25 12:58:44 [http]: ::1 - - [25/Jul/2026:07:28:44 +0000] "GET /api/profile HTTP/1.1" 304 - "-" "Mozilla/5.0 (Windows NT 10.0; Win64; x64) AppleWebKit/537.36 (KHTML, like Gecko) Chrome/150.0.0.0 Safari/537.36"
2026-07-25 12:58:44 [http]: ::1 - - [25/Jul/2026:07:28:44 +0000] "GET /api/documents HTTP/1.1" 304 - "-" "Mozilla/5.0 (Windows NT 10.0; Win64; x64) AppleWebKit/537.36 (KHTML, like Gecko) Chrome/150.0.0.0 Safari/537.36"
2026-07-25 12:59:00 [http]: ::1 - - [25/Jul/2026:07:29:00 +0000] "POST /api/auth/login HTTP/1.1" 200 238 "-" "Mozilla/5.0 (Windows NT 10.0; Win64; x64) AppleWebKit/537.36 (KHTML, like Gecko) Chrome/150.0.0.0 Safari/537.36"
2026-07-25 12:59:00 [http]: ::1 - - [25/Jul/2026:07:29:00 +0000] "GET /api/profile HTTP/1.1" 304 - "-" "Mozilla/5.0 (Windows NT 10.0; Win64; x64) AppleWebKit/537.36 (KHTML, like Gecko) Chrome/150.0.0.0 Safari/537.36"
2026-07-25 12:59:00 [http]: ::1 - - [25/Jul/2026:07:29:00 +0000] "GET /api/documents HTTP/1.1" 304 - "-" "Mozilla/5.0 (Windows NT 10.0; Win64; x64) AppleWebKit/537.36 (KHTML, like Gecko) Chrome/150.0.0.0 Safari/537.36"
2026-07-25 12:59:12 [http]: ::1 - - [25/Jul/2026:07:29:12 +0000] "POST /api/auth/login HTTP/1.1" 200 238 "-" "Mozilla/5.0 (Windows NT 10.0; Win64; x64) AppleWebKit/537.36 (KHTML, like Gecko) Chrome/150.0.0.0 Safari/537.36"
2026-07-25 12:59:12 [http]: ::1 - - [25/Jul/2026:07:29:12 +0000] "GET /api/profile HTTP/1.1" 304 - "-" "Mozilla/5.0 (Windows NT 10.0; Win64; x64) AppleWebKit/537.36 (KHTML, like Gecko) Chrome/150.0.0.0 Safari/537.36"
2026-07-25 12:59:12 [http]: ::1 - - [25/Jul/2026:07:29:12 +0000] "GET /api/documents HTTP/1.1" 304 - "-" "Mozilla/5.0 (Windows NT 10.0; Win64; x64) AppleWebKit/537.36 (KHTML, like Gecko) Chrome/150.0.0.0 Safari/537.36"
2026-07-25 12:59:56 [http]: ::1 - - [25/Jul/2026:07:29:56 +0000] "GET /api/profile HTTP/1.1" 304 - "-" "Mozilla/5.0 (Windows NT 10.0; Win64; x64) AppleWebKit/537.36 (KHTML, like Gecko) Chrome/150.0.0.0 Safari/537.36"
2026-07-25 12:59:57 [http]: ::1 - - [25/Jul/2026:07:29:57 +0000] "GET /api/documents HTTP/1.1" 304 - "-" "Mozilla/5.0 (Windows NT 10.0; Win64; x64) AppleWebKit/537.36 (KHTML, like Gecko) Chrome/150.0.0.0 Safari/537.36"
2026-07-25 13:00:14 [http]: ::1 - - [25/Jul/2026:07:30:14 +0000] "POST /api/auth/login HTTP/1.1" 401 37 "-" "Mozilla/5.0 (Windows NT 10.0; Win64; x64) AppleWebKit/537.36 (KHTML, like Gecko) Chrome/150.0.0.0 Safari/537.36"
2026-07-25 13:00:35 [http]: ::1 - - [25/Jul/2026:07:30:35 +0000] "POST /api/auth/login HTTP/1.1" 200 238 "-" "Mozilla/5.0 (Windows NT 10.0; Win64; x64) AppleWebKit/537.36 (KHTML, like Gecko) Chrome/150.0.0.0 Safari/537.36"
2026-07-25 13:00:35 [http]: ::1 - - [25/Jul/2026:07:30:35 +0000] "GET /api/profile HTTP/1.1" 304 - "-" "Mozilla/5.0 (Windows NT 10.0; Win64; x64) AppleWebKit/537.36 (KHTML, like Gecko) Chrome/150.0.0.0 Safari/537.36"
2026-07-25 13:00:35 [http]: ::1 - - [25/Jul/2026:07:30:35 +0000] "GET /api/documents HTTP/1.1" 304 - "-" "Mozilla/5.0 (Windows NT 10.0; Win64; x64) AppleWebKit/537.36 (KHTML, like Gecko) Chrome/150.0.0.0 Safari/537.36"
2026-07-25 13:00:38 [http]: ::1 - - [25/Jul/2026:07:30:38 +0000] "GET /api/profile HTTP/1.1" 304 - "-" "Mozilla/5.0 (Windows NT 10.0; Win64; x64) AppleWebKit/537.36 (KHTML, like Gecko) Chrome/150.0.0.0 Safari/537.36"
2026-07-25 13:03:36 [info]: ✅ MongoDB connected: ac-b1tchrv-shard-00-00.r0rqul9.mongodb.net
2026-07-25 13:03:36 [info]: 🚀 Server running on http://localhost:3001
2026-07-25 13:03:36 [info]: 📁 Uploads: C:\Users\yasht\OneDrive\Desktop\oneTap\server\uploads
2026-07-25 13:04:25 [http]: ::1 - - [25/Jul/2026:07:34:25 +0000] "GET /api/profile HTTP/1.1" 200 214 "-" "Mozilla/5.0 (Windows NT 10.0; Win64; x64) AppleWebKit/537.36 (KHTML, like Gecko) Chrome/150.0.0.0 Safari/537.36"
2026-07-25 13:04:26 [http]: ::1 - - [25/Jul/2026:07:34:26 +0000] "GET /api/documents HTTP/1.1" 304 - "-" "Mozilla/5.0 (Windows NT 10.0; Win64; x64) AppleWebKit/537.36 (KHTML, like Gecko) Chrome/150.0.0.0 Safari/537.36"
2026-07-25 13:04:41 [http]: ::1 - - [25/Jul/2026:07:34:41 +0000] "GET /api/profile HTTP/1.1" 200 226 "-" "Mozilla/5.0 (Windows NT 10.0; Win64; x64) AppleWebKit/537.36 (KHTML, like Gecko) Chrome/150.0.0.0 Safari/537.36"
2026-07-25 13:04:41 [http]: ::1 - - [25/Jul/2026:07:34:41 +0000] "GET /api/documents HTTP/1.1" 304 - "-" "Mozilla/5.0 (Windows NT 10.0; Win64; x64) AppleWebKit/537.36 (KHTML, like Gecko) Chrome/150.0.0.0 Safari/537.36"
2026-07-25 13:04:57 [http]: ::1 - - [25/Jul/2026:07:34:57 +0000] "POST /api/auth/login HTTP/1.1" 401 37 "-" "Mozilla/5.0 (Windows NT 10.0; Win64; x64) AppleWebKit/537.36 (KHTML, like Gecko) Chrome/150.0.0.0 Safari/537.36"
2026-07-25 13:05:00 [http]: ::1 - - [25/Jul/2026:07:35:00 +0000] "POST /api/auth/register HTTP/1.1" 200 238 "-" "Mozilla/5.0 (Windows NT 10.0; Win64; x64) AppleWebKit/537.36 (KHTML, like Gecko) Chrome/150.0.0.0 Safari/537.36"
2026-07-25 13:05:00 [http]: ::1 - - [25/Jul/2026:07:35:00 +0000] "GET /api/profile HTTP/1.1" 200 214 "-" "Mozilla/5.0 (Windows NT 10.0; Win64; x64) AppleWebKit/537.36 (KHTML, like Gecko) Chrome/150.0.0.0 Safari/537.36"
2026-07-25 13:05:00 [http]: ::1 - - [25/Jul/2026:07:35:00 +0000] "GET /api/documents HTTP/1.1" 304 - "-" "Mozilla/5.0 (Windows NT 10.0; Win64; x64) AppleWebKit/537.36 (KHTML, like Gecko) Chrome/150.0.0.0 Safari/537.36"
2026-07-25 13:05:15 [http]: ::1 - - [25/Jul/2026:07:35:15 +0000] "GET /api/profile HTTP/1.1" 304 - "-" "Mozilla/5.0 (Windows NT 10.0; Win64; x64) AppleWebKit/537.36 (KHTML, like Gecko) Chrome/150.0.0.0 Safari/537.36"
2026-07-25 13:05:15 [http]: ::1 - - [25/Jul/2026:07:35:15 +0000] "GET /api/documents HTTP/1.1" 304 - "-" "Mozilla/5.0 (Windows NT 10.0; Win64; x64) AppleWebKit/537.36 (KHTML, like Gecko) Chrome/150.0.0.0 Safari/537.36"
2026-07-25 13:05:18 [http]: ::1 - - [25/Jul/2026:07:35:18 +0000] "GET /api/profile HTTP/1.1" 304 - "-" "Mozilla/5.0 (Windows NT 10.0; Win64; x64) AppleWebKit/537.36 (KHTML, like Gecko) Chrome/150.0.0.0 Safari/537.36"
2026-07-25 13:06:57 [http]: ::1 - - [25/Jul/2026:07:36:57 +0000] "PATCH /api/profile HTTP/1.1" 200 530 "-" "Mozilla/5.0 (Windows NT 10.0; Win64; x64) AppleWebKit/537.36 (KHTML, like Gecko) Chrome/150.0.0.0 Safari/537.36"
2026-07-25 13:07:03 [http]: ::1 - - [25/Jul/2026:07:37:03 +0000] "GET /api/profile HTTP/1.1" 200 530 "-" "Mozilla/5.0 (Windows NT 10.0; Win64; x64) AppleWebKit/537.36 (KHTML, like Gecko) Chrome/150.0.0.0 Safari/537.36"
2026-07-25 13:07:03 [http]: ::1 - - [25/Jul/2026:07:37:03 +0000] "GET /api/documents HTTP/1.1" 304 - "-" "Mozilla/5.0 (Windows NT 10.0; Win64; x64) AppleWebKit/537.36 (KHTML, like Gecko) Chrome/150.0.0.0 Safari/537.36"
2026-07-25 13:07:16 [debug]: Batching 9 fields for AI classification...
2026-07-25 13:07:42 [debug]: AI classified field "Credit Card Number" → null (0.9)
2026-07-25 13:07:42 [debug]: AI classified field "CCV" → null (0.9)
2026-07-25 13:07:42 [debug]: AI classified field "Favorite Color" → null (0.9)
2026-07-25 13:07:42 [debug]: AI classified field "Pet's Name" → null (0.9)
2026-07-25 13:07:42 [debug]: AI classified field "Blood Group" → null (0.9)
2026-07-25 13:07:42 [debug]: AI classified field "Favorite Movie" → null (0.9)
2026-07-25 13:07:42 [debug]: AI classified field "Zodiac Sign" → null (0.9)
2026-07-25 13:07:42 [debug]: AI classified field "Shoe Size" → null (0.9)
2026-07-25 13:07:42 [debug]: AI classified field "If you had a superpower, what would it be?" → null (0.9)
2026-07-25 13:07:42 [http]: ::1 - - [25/Jul/2026:07:37:42 +0000] "POST /api/autofill/suggest HTTP/1.1" 200 - "-" "Mozilla/5.0 (Windows NT 10.0; Win64; x64) AppleWebKit/537.36 (KHTML, like Gecko) Chrome/150.0.0.0 Safari/537.36"
2026-07-25 13:07:59 [http]: ::1 - - [25/Jul/2026:07:37:59 +0000] "GET /api/profile HTTP/1.1" 304 - "-" "Mozilla/5.0 (Windows NT 10.0; Win64; x64) AppleWebKit/537.36 (KHTML, like Gecko) Chrome/150.0.0.0 Safari/537.36"
2026-07-25 13:07:59 [http]: ::1 - - [25/Jul/2026:07:37:59 +0000] "GET /api/documents HTTP/1.1" 304 - "-" "Mozilla/5.0 (Windows NT 10.0; Win64; x64) AppleWebKit/537.36 (KHTML, like Gecko) Chrome/150.0.0.0 Safari/537.36"
2026-07-25 13:08:27 [http]: ::1 - - [25/Jul/2026:07:38:27 +0000] "GET /api/profile HTTP/1.1" 200 226 "-" "Mozilla/5.0 (Windows NT 10.0; Win64; x64) AppleWebKit/537.36 (KHTML, like Gecko) Chrome/150.0.0.0 Safari/537.36"
2026-07-25 13:08:30 [http]: ::1 - - [25/Jul/2026:07:38:30 +0000] "GET /api/profile HTTP/1.1" 200 226 "-" "Mozilla/5.0 (Windows NT 10.0; Win64; x64) AppleWebKit/537.36 (KHTML, like Gecko) Chrome/150.0.0.0 Safari/537.36"
2026-07-25 13:08:30 [http]: ::1 - - [25/Jul/2026:07:38:30 +0000] "GET /api/documents HTTP/1.1" 304 - "-" "Mozilla/5.0 (Windows NT 10.0; Win64; x64) AppleWebKit/537.36 (KHTML, like Gecko) Chrome/150.0.0.0 Safari/537.36"
2026-07-25 13:08:49 [http]: ::1 - - [25/Jul/2026:07:38:49 +0000] "POST /api/auth/login HTTP/1.1" 200 238 "-" "Mozilla/5.0 (Windows NT 10.0; Win64; x64) AppleWebKit/537.36 (KHTML, like Gecko) Chrome/150.0.0.0 Safari/537.36"
2026-07-25 13:08:49 [http]: ::1 - - [25/Jul/2026:07:38:49 +0000] "GET /api/profile HTTP/1.1" 200 530 "-" "Mozilla/5.0 (Windows NT 10.0; Win64; x64) AppleWebKit/537.36 (KHTML, like Gecko) Chrome/150.0.0.0 Safari/537.36"
2026-07-25 13:08:49 [http]: ::1 - - [25/Jul/2026:07:38:49 +0000] "GET /api/documents HTTP/1.1" 304 - "-" "Mozilla/5.0 (Windows NT 10.0; Win64; x64) AppleWebKit/537.36 (KHTML, like Gecko) Chrome/150.0.0.0 Safari/537.36"
2026-07-25 13:08:53 [http]: ::1 - - [25/Jul/2026:07:38:53 +0000] "GET /api/profile HTTP/1.1" 304 - "-" "Mozilla/5.0 (Windows NT 10.0; Win64; x64) AppleWebKit/537.36 (KHTML, like Gecko) Chrome/150.0.0.0 Safari/537.36"
2026-07-25 13:08:55 [http]: ::1 - - [25/Jul/2026:07:38:55 +0000] "GET /api/profile HTTP/1.1" 304 - "-" "Mozilla/5.0 (Windows NT 10.0; Win64; x64) AppleWebKit/537.36 (KHTML, like Gecko) Chrome/150.0.0.0 Safari/537.36"
2026-07-25 13:08:55 [http]: ::1 - - [25/Jul/2026:07:38:55 +0000] "GET /api/documents HTTP/1.1" 304 - "-" "Mozilla/5.0 (Windows NT 10.0; Win64; x64) AppleWebKit/537.36 (KHTML, like Gecko) Chrome/150.0.0.0 Safari/537.36"
2026-07-25 13:11:30 [http]: ::1 - - [25/Jul/2026:07:41:30 +0000] "GET /api/profile HTTP/1.1" 304 - "-" "Mozilla/5.0 (Windows NT 10.0; Win64; x64) AppleWebKit/537.36 (KHTML, like Gecko) Chrome/150.0.0.0 Safari/537.36"
2026-07-25 13:11:30 [http]: ::1 - - [25/Jul/2026:07:41:30 +0000] "GET /api/documents HTTP/1.1" 304 - "-" "Mozilla/5.0 (Windows NT 10.0; Win64; x64) AppleWebKit/537.36 (KHTML, like Gecko) Chrome/150.0.0.0 Safari/537.36"
2026-07-25 13:11:40 [http]: ::1 - - [25/Jul/2026:07:41:40 +0000] "GET /api/documents HTTP/1.1" 304 - "-" "Mozilla/5.0 (Windows NT 10.0; Win64; x64) AppleWebKit/537.36 (KHTML, like Gecko) Chrome/150.0.0.0 Safari/537.36"
2026-07-25 13:11:40 [http]: ::1 - - [25/Jul/2026:07:41:40 +0000] "GET /api/profile HTTP/1.1" 304 - "-" "Mozilla/5.0 (Windows NT 10.0; Win64; x64) AppleWebKit/537.36 (KHTML, like Gecko) Chrome/150.0.0.0 Safari/537.36"
2026-07-25 13:11:52 [http]: ::1 - - [25/Jul/2026:07:41:52 +0000] "POST /api/documents HTTP/1.1" 201 455 "-" "Mozilla/5.0 (Windows NT 10.0; Win64; x64) AppleWebKit/537.36 (KHTML, like Gecko) Chrome/150.0.0.0 Safari/537.36"
2026-07-25 13:11:52 [http]: ::1 - - [25/Jul/2026:07:41:52 +0000] "GET /api/documents HTTP/1.1" 200 458 "-" "Mozilla/5.0 (Windows NT 10.0; Win64; x64) AppleWebKit/537.36 (KHTML, like Gecko) Chrome/150.0.0.0 Safari/537.36"
2026-07-25 13:11:57 [http]: ::1 - - [25/Jul/2026:07:41:57 +0000] "GET /api/profile HTTP/1.1" 304 - "-" "Mozilla/5.0 (Windows NT 10.0; Win64; x64) AppleWebKit/537.36 (KHTML, like Gecko) Chrome/150.0.0.0 Safari/537.36"
2026-07-25 13:11:57 [http]: ::1 - - [25/Jul/2026:07:41:57 +0000] "GET /api/documents HTTP/1.1" 200 31 "-" "Mozilla/5.0 (Windows NT 10.0; Win64; x64) AppleWebKit/537.36 (KHTML, like Gecko) Chrome/150.0.0.0 Safari/537.36"
2026-07-25 13:12:00 [http]: ::1 - - [25/Jul/2026:07:42:00 +0000] "GET /api/profile HTTP/1.1" 304 - "-" "Mozilla/5.0 (Windows NT 10.0; Win64; x64) AppleWebKit/537.36 (KHTML, like Gecko) Chrome/150.0.0.0 Safari/537.36"
2026-07-25 13:12:00 [http]: ::1 - - [25/Jul/2026:07:42:00 +0000] "GET /api/documents HTTP/1.1" 304 - "-" "Mozilla/5.0 (Windows NT 10.0; Win64; x64) AppleWebKit/537.36 (KHTML, like Gecko) Chrome/150.0.0.0 Safari/537.36"
2026-07-25 13:12:11 [http]: ::1 - - [25/Jul/2026:07:42:11 +0000] "GET /api/profile HTTP/1.1" 304 - "-" "Mozilla/5.0 (Windows NT 10.0; Win64; x64) AppleWebKit/537.36 (KHTML, like Gecko) Chrome/150.0.0.0 Safari/537.36"
2026-07-25 13:12:11 [http]: ::1 - - [25/Jul/2026:07:42:11 +0000] "GET /api/documents HTTP/1.1" 200 458 "-" "Mozilla/5.0 (Windows NT 10.0; Win64; x64) AppleWebKit/537.36 (KHTML, like Gecko) Chrome/150.0.0.0 Safari/537.36"
2026-07-25 13:12:13 [http]: ::1 - - [25/Jul/2026:07:42:13 +0000] "GET /api/profile HTTP/1.1" 304 - "-" "Mozilla/5.0 (Windows NT 10.0; Win64; x64) AppleWebKit/537.36 (KHTML, like Gecko) Chrome/150.0.0.0 Safari/537.36"
2026-07-25 13:12:13 [http]: ::1 - - [25/Jul/2026:07:42:13 +0000] "GET /api/documents HTTP/1.1" 200 31 "-" "Mozilla/5.0 (Windows NT 10.0; Win64; x64) AppleWebKit/537.36 (KHTML, like Gecko) Chrome/150.0.0.0 Safari/537.36"
2026-07-25 13:12:33 [info]: ✅ MongoDB connected: ac-b1tchrv-shard-00-02.r0rqul9.mongodb.net
2026-07-25 13:12:33 [info]: 🚀 Server running on http://localhost:3001
2026-07-25 13:12:33 [info]: 📁 Uploads: C:\Users\yasht\OneDrive\Desktop\oneTap\server\uploads
2026-07-25 13:12:48 [http]: ::1 - - [25/Jul/2026:07:42:48 +0000] "GET /api/profile HTTP/1.1" 304 - "-" "Mozilla/5.0 (Windows NT 10.0; Win64; x64) AppleWebKit/537.36 (KHTML, like Gecko) Chrome/150.0.0.0 Safari/537.36"
2026-07-25 13:12:48 [http]: ::1 - - [25/Jul/2026:07:42:48 +0000] "GET /api/documents HTTP/1.1" 304 - "-" "Mozilla/5.0 (Windows NT 10.0; Win64; x64) AppleWebKit/537.36 (KHTML, like Gecko) Chrome/150.0.0.0 Safari/537.36"
2026-07-25 13:13:39 [info]: ✅ MongoDB connected: ac-b1tchrv-shard-00-01.r0rqul9.mongodb.net
2026-07-25 13:13:39 [info]: 🚀 Server running on http://localhost:3001
2026-07-25 13:13:39 [info]: 📁 Uploads: C:\Users\yasht\OneDrive\Desktop\oneTap\server\uploads
2026-07-25 13:14:00 [http]: ::1 - - [25/Jul/2026:07:44:00 +0000] "GET /api/profile HTTP/1.1" 304 - "-" "Mozilla/5.0 (Windows NT 10.0; Win64; x64) AppleWebKit/537.36 (KHTML, like Gecko) Chrome/150.0.0.0 Safari/537.36"
2026-07-25 13:14:00 [http]: ::1 - - [25/Jul/2026:07:44:00 +0000] "GET /api/documents HTTP/1.1" 304 - "-" "Mozilla/5.0 (Windows NT 10.0; Win64; x64) AppleWebKit/537.36 (KHTML, like Gecko) Chrome/150.0.0.0 Safari/537.36"
2026-07-25 13:15:05 [http]: ::1 - - [25/Jul/2026:07:45:05 +0000] "GET /api/profile HTTP/1.1" 304 - "-" "Mozilla/5.0 (Windows NT 10.0; Win64; x64) AppleWebKit/537.36 (KHTML, like Gecko) Chrome/150.0.0.0 Safari/537.36"
2026-07-25 13:15:05 [http]: ::1 - - [25/Jul/2026:07:45:05 +0000] "GET /api/documents HTTP/1.1" 304 - "-" "Mozilla/5.0 (Windows NT 10.0; Win64; x64) AppleWebKit/537.36 (KHTML, like Gecko) Chrome/150.0.0.0 Safari/537.36"
2026-07-25 13:16:31 [info]: ✅ MongoDB connected: ac-b1tchrv-shard-00-02.r0rqul9.mongodb.net
2026-07-25 13:16:31 [info]: 🚀 Server running on http://localhost:3001
2026-07-25 13:16:31 [info]: 📁 Uploads: C:\Users\yasht\OneDrive\Desktop\oneTap\server\uploads
2026-07-25 13:17:11 [http]: ::1 - - [25/Jul/2026:07:47:11 +0000] "GET /api/profile HTTP/1.1" 304 - "-" "Mozilla/5.0 (Windows NT 10.0; Win64; x64) AppleWebKit/537.36 (KHTML, like Gecko) Chrome/150.0.0.0 Safari/537.36"
2026-07-25 13:17:11 [http]: ::1 - - [25/Jul/2026:07:47:11 +0000] "GET /api/documents HTTP/1.1" 304 - "-" "Mozilla/5.0 (Windows NT 10.0; Win64; x64) AppleWebKit/537.36 (KHTML, like Gecko) Chrome/150.0.0.0 Safari/537.36"
2026-07-25 13:17:15 [http]: ::1 - - [25/Jul/2026:07:47:15 +0000] "GET /api/profile HTTP/1.1" 304 - "-" "Mozilla/5.0 (Windows NT 10.0; Win64; x64) AppleWebKit/537.36 (KHTML, like Gecko) Chrome/150.0.0.0 Safari/537.36"
2026-07-25 13:17:15 [http]: ::1 - - [25/Jul/2026:07:47:15 +0000] "GET /api/documents HTTP/1.1" 304 - "-" "Mozilla/5.0 (Windows NT 10.0; Win64; x64) AppleWebKit/537.36 (KHTML, like Gecko) Chrome/150.0.0.0 Safari/537.36"
2026-07-25 13:17:30 [http]: ::1 - - [25/Jul/2026:07:47:30 +0000] "GET /api/profile HTTP/1.1" 304 - "-" "Mozilla/5.0 (Windows NT 10.0; Win64; x64) AppleWebKit/537.36 (KHTML, like Gecko) Chrome/150.0.0.0 Safari/537.36"
2026-07-25 13:17:30 [http]: ::1 - - [25/Jul/2026:07:47:30 +0000] "GET /api/documents HTTP/1.1" 304 - "-" "Mozilla/5.0 (Windows NT 10.0; Win64; x64) AppleWebKit/537.36 (KHTML, like Gecko) Chrome/150.0.0.0 Safari/537.36"
2026-07-25 13:17:31 [http]: ::1 - - [25/Jul/2026:07:47:31 +0000] "GET /api/profile HTTP/1.1" 304 - "-" "Mozilla/5.0 (Windows NT 10.0; Win64; x64) AppleWebKit/537.36 (KHTML, like Gecko) Chrome/150.0.0.0 Safari/537.36"
2026-07-25 13:17:33 [http]: ::1 - - [25/Jul/2026:07:47:33 +0000] "GET /api/documents HTTP/1.1" 304 - "-" "Mozilla/5.0 (Windows NT 10.0; Win64; x64) AppleWebKit/537.36 (KHTML, like Gecko) Chrome/150.0.0.0 Safari/537.36"
2026-07-25 13:17:41 [http]: ::1 - - [25/Jul/2026:07:47:41 +0000] "GET /api/profile HTTP/1.1" 304 - "-" "Mozilla/5.0 (Windows NT 10.0; Win64; x64) AppleWebKit/537.36 (KHTML, like Gecko) Chrome/150.0.0.0 Safari/537.36"
2026-07-25 13:17:42 [http]: ::1 - - [25/Jul/2026:07:47:42 +0000] "GET /api/documents HTTP/1.1" 304 - "-" "Mozilla/5.0 (Windows NT 10.0; Win64; x64) AppleWebKit/537.36 (KHTML, like Gecko) Chrome/150.0.0.0 Safari/537.36"
2026-07-25 13:17:50 [http]: ::1 - - [25/Jul/2026:07:47:50 +0000] "POST /api/documents HTTP/1.1" 201 431 "-" "Mozilla/5.0 (Windows NT 10.0; Win64; x64) AppleWebKit/537.36 (KHTML, like Gecko) Chrome/150.0.0.0 Safari/537.36"
2026-07-25 13:17:50 [http]: ::1 - - [25/Jul/2026:07:47:50 +0000] "GET /api/documents HTTP/1.1" 200 434 "-" "Mozilla/5.0 (Windows NT 10.0; Win64; x64) AppleWebKit/537.36 (KHTML, like Gecko) Chrome/150.0.0.0 Safari/537.36"
2026-07-25 13:17:52 [http]: ::1 - - [25/Jul/2026:07:47:52 +0000] "GET /api/profile HTTP/1.1" 304 - "-" "Mozilla/5.0 (Windows NT 10.0; Win64; x64) AppleWebKit/537.36 (KHTML, like Gecko) Chrome/150.0.0.0 Safari/537.36"
2026-07-25 13:17:52 [http]: ::1 - - [25/Jul/2026:07:47:52 +0000] "GET /api/documents HTTP/1.1" 304 - "-" "Mozilla/5.0 (Windows NT 10.0; Win64; x64) AppleWebKit/537.36 (KHTML, like Gecko) Chrome/150.0.0.0 Safari/537.36"
2026-07-25 13:18:11 [http]: ::1 - - [25/Jul/2026:07:48:11 +0000] "GET /api/profile HTTP/1.1" 304 - "-" "Mozilla/5.0 (Windows NT 10.0; Win64; x64) AppleWebKit/537.36 (KHTML, like Gecko) Chrome/150.0.0.0 Safari/537.36"
2026-07-25 13:18:12 [http]: ::1 - - [25/Jul/2026:07:48:12 +0000] "GET /api/documents HTTP/1.1" 304 - "-" "Mozilla/5.0 (Windows NT 10.0; Win64; x64) AppleWebKit/537.36 (KHTML, like Gecko) Chrome/150.0.0.0 Safari/537.36"
2026-07-25 13:18:23 [debug]: Batching 9 fields for AI classification...
2026-07-25 13:18:38 [debug]: AI classified field "Credit Card Number" → null (1)
2026-07-25 13:18:38 [debug]: AI classified field "CCV" → null (1)
2026-07-25 13:18:38 [debug]: AI classified field "Favorite Color" → null (1)
2026-07-25 13:18:38 [debug]: AI classified field "Pet's Name" → null (1)
2026-07-25 13:18:38 [debug]: AI classified field "Blood Group" → null (1)
2026-07-25 13:18:38 [debug]: AI classified field "Favorite Movie" → null (1)
2026-07-25 13:18:38 [debug]: AI classified field "Zodiac Sign" → null (1)
2026-07-25 13:18:38 [debug]: AI classified field "Shoe Size" → null (1)
2026-07-25 13:18:38 [debug]: AI classified field "If you had a superpower, what would it be?" → null (1)
2026-07-25 13:18:38 [http]: ::1 - - [25/Jul/2026:07:48:38 +0000] "POST /api/autofill/suggest HTTP/1.1" 200 - "-" "Mozilla/5.0 (Windows NT 10.0; Win64; x64) AppleWebKit/537.36 (KHTML, like Gecko) Chrome/150.0.0.0 Safari/537.36"
2026-07-25 13:18:43 [http]: ::1 - - [25/Jul/2026:07:48:43 +0000] "GET /uploads/6a6467241d4d7d5e933c1899/44076f79-4057-4599-b119-4817c50771a5.pdf HTTP/1.1" 200 164636 "http://127.0.0.1:5500/" "Mozilla/5.0 (Windows NT 10.0; Win64; x64) AppleWebKit/537.36 (KHTML, like Gecko) Chrome/150.0.0.0 Safari/537.36"
2026-07-25 13:18:50 [http]: ::1 - - [25/Jul/2026:07:48:50 +0000] "GET /api/profile HTTP/1.1" 304 - "-" "Mozilla/5.0 (Windows NT 10.0; Win64; x64) AppleWebKit/537.36 (KHTML, like Gecko) Chrome/150.0.0.0 Safari/537.36"
2026-07-25 13:18:50 [http]: ::1 - - [25/Jul/2026:07:48:50 +0000] "GET /api/documents HTTP/1.1" 304 - "-" "Mozilla/5.0 (Windows NT 10.0; Win64; x64) AppleWebKit/537.36 (KHTML, like Gecko) Chrome/150.0.0.0 Safari/537.36"
2026-07-25 15:11:16 [info]: ✅ MongoDB connected: ac-b1tchrv-shard-00-01.r0rqul9.mongodb.net
2026-07-25 15:11:16 [info]: 🚀 Server running on http://localhost:3001
2026-07-25 15:11:16 [info]: 📁 Uploads: C:\Users\yasht\OneDrive\Desktop\oneTap\server\uploads
2026-07-25 15:11:34 [info]: ✅ MongoDB connected: ac-b1tchrv-shard-00-02.r0rqul9.mongodb.net
2026-07-25 15:11:34 [info]: 🚀 Server running on http://localhost:3001
2026-07-25 15:11:34 [info]: 📁 Uploads: C:\Users\yasht\OneDrive\Desktop\oneTap\server\uploads
2026-07-25 15:12:02 [info]: ✅ MongoDB connected: ac-b1tchrv-shard-00-02.r0rqul9.mongodb.net
2026-07-25 15:12:02 [info]: 🚀 Server running on http://localhost:3001
2026-07-25 15:12:02 [info]: 📁 Uploads: C:\Users\yasht\OneDrive\Desktop\oneTap\server\uploads
2026-07-25 15:12:34 [info]: ✅ MongoDB connected: ac-b1tchrv-shard-00-01.r0rqul9.mongodb.net
2026-07-25 15:12:34 [info]: 🚀 Server running on http://localhost:3001
2026-07-25 15:12:34 [info]: 📁 Uploads: C:\Users\yasht\OneDrive\Desktop\oneTap\server\uploads
2026-07-25 15:12:35 [http]: ::1 - - [25/Jul/2026:09:42:35 +0000] "GET /api/profile HTTP/1.1" 200 663 "-" "Mozilla/5.0 (Windows NT 10.0; Win64; x64) AppleWebKit/537.36 (KHTML, like Gecko) Chrome/150.0.0.0 Safari/537.36"
2026-07-25 15:12:35 [http]: ::1 - - [25/Jul/2026:09:42:35 +0000] "GET /api/documents HTTP/1.1" 304 - "-" "Mozilla/5.0 (Windows NT 10.0; Win64; x64) AppleWebKit/537.36 (KHTML, like Gecko) Chrome/150.0.0.0 Safari/537.36"
2026-07-25 15:12:45 [info]: ✅ MongoDB connected: ac-b1tchrv-shard-00-00.r0rqul9.mongodb.net
2026-07-25 15:12:45 [info]: 🚀 Server running on http://localhost:3001
2026-07-25 15:12:45 [info]: 📁 Uploads: C:\Users\yasht\OneDrive\Desktop\oneTap\server\uploads
2026-07-25 15:13:37 [info]: ✅ MongoDB connected: ac-b1tchrv-shard-00-01.r0rqul9.mongodb.net
2026-07-25 15:13:37 [info]: 🚀 Server running on http://localhost:3001
2026-07-25 15:13:37 [info]: 📁 Uploads: C:\Users\yasht\OneDrive\Desktop\oneTap\server\uploads
2026-07-25 15:15:30 [http]: ::1 - - [25/Jul/2026:09:45:30 +0000] "GET /api/profile HTTP/1.1" 304 - "-" "Mozilla/5.0 (Windows NT 10.0; Win64; x64) AppleWebKit/537.36 (KHTML, like Gecko) Chrome/150.0.0.0 Safari/537.36"
2026-07-25 15:15:32 [http]: ::1 - - [25/Jul/2026:09:45:32 +0000] "GET /api/documents HTTP/1.1" 304 - "-" "Mozilla/5.0 (Windows NT 10.0; Win64; x64) AppleWebKit/537.36 (KHTML, like Gecko) Chrome/150.0.0.0 Safari/537.36"
2026-07-25 15:15:34 [http]: ::1 - - [25/Jul/2026:09:45:34 +0000] "GET /api/profile HTTP/1.1" 304 - "-" "Mozilla/5.0 (Windows NT 10.0; Win64; x64) AppleWebKit/537.36 (KHTML, like Gecko) Chrome/150.0.0.0 Safari/537.36"
2026-07-25 15:17:22 [http]: ::1 - - [25/Jul/2026:09:47:22 +0000] "PATCH /api/profile HTTP/1.1" 200 887 "-" "Mozilla/5.0 (Windows NT 10.0; Win64; x64) AppleWebKit/537.36 (KHTML, like Gecko) Chrome/150.0.0.0 Safari/537.36"
2026-07-25 15:17:25 [http]: ::1 - - [25/Jul/2026:09:47:25 +0000] "PATCH /api/profile HTTP/1.1" 200 887 "-" "Mozilla/5.0 (Windows NT 10.0; Win64; x64) AppleWebKit/537.36 (KHTML, like Gecko) Chrome/150.0.0.0 Safari/537.36"
2026-07-25 15:17:33 [http]: ::1 - - [25/Jul/2026:09:47:33 +0000] "PATCH /api/profile HTTP/1.1" 200 887 "-" "Mozilla/5.0 (Windows NT 10.0; Win64; x64) AppleWebKit/537.36 (KHTML, like Gecko) Chrome/150.0.0.0 Safari/537.36"
2026-07-25 15:17:34 [http]: ::1 - - [25/Jul/2026:09:47:34 +0000] "PATCH /api/profile HTTP/1.1" 200 887 "-" "Mozilla/5.0 (Windows NT 10.0; Win64; x64) AppleWebKit/537.36 (KHTML, like Gecko) Chrome/150.0.0.0 Safari/537.36"
2026-07-25 15:17:35 [http]: ::1 - - [25/Jul/2026:09:47:35 +0000] "PATCH /api/profile HTTP/1.1" 200 887 "-" "Mozilla/5.0 (Windows NT 10.0; Win64; x64) AppleWebKit/537.36 (KHTML, like Gecko) Chrome/150.0.0.0 Safari/537.36"
2026-07-25 15:17:39 [http]: ::1 - - [25/Jul/2026:09:47:39 +0000] "PATCH /api/profile HTTP/1.1" 200 887 "-" "Mozilla/5.0 (Windows NT 10.0; Win64; x64) AppleWebKit/537.36 (KHTML, like Gecko) Chrome/150.0.0.0 Safari/537.36"
2026-07-25 15:17:40 [http]: ::1 - - [25/Jul/2026:09:47:40 +0000] "PATCH /api/profile HTTP/1.1" 200 887 "-" "Mozilla/5.0 (Windows NT 10.0; Win64; x64) AppleWebKit/537.36 (KHTML, like Gecko) Chrome/150.0.0.0 Safari/537.36"
2026-07-25 15:17:40 [http]: ::1 - - [25/Jul/2026:09:47:40 +0000] "PATCH /api/profile HTTP/1.1" 200 887 "-" "Mozilla/5.0 (Windows NT 10.0; Win64; x64) AppleWebKit/537.36 (KHTML, like Gecko) Chrome/150.0.0.0 Safari/537.36"
2026-07-25 15:17:40 [http]: ::1 - - [25/Jul/2026:09:47:40 +0000] "PATCH /api/profile HTTP/1.1" 200 887 "-" "Mozilla/5.0 (Windows NT 10.0; Win64; x64) AppleWebKit/537.36 (KHTML, like Gecko) Chrome/150.0.0.0 Safari/537.36"
2026-07-25 15:17:51 [http]: ::1 - - [25/Jul/2026:09:47:51 +0000] "GET /api/profile HTTP/1.1" 200 887 "-" "Mozilla/5.0 (Windows NT 10.0; Win64; x64) AppleWebKit/537.36 (KHTML, like Gecko) Chrome/150.0.0.0 Safari/537.36"
2026-07-25 15:19:05 [http]: ::1 - - [25/Jul/2026:09:49:05 +0000] "PATCH /api/profile HTTP/1.1" 200 - "-" "Mozilla/5.0 (Windows NT 10.0; Win64; x64) AppleWebKit/537.36 (KHTML, like Gecko) Chrome/150.0.0.0 Safari/537.36"
2026-07-25 15:19:10 [http]: ::1 - - [25/Jul/2026:09:49:10 +0000] "GET /api/profile HTTP/1.1" 200 - "-" "Mozilla/5.0 (Windows NT 10.0; Win64; x64) AppleWebKit/537.36 (KHTML, like Gecko) Chrome/150.0.0.0 Safari/537.36"
2026-07-25 15:19:10 [http]: ::1 - - [25/Jul/2026:09:49:10 +0000] "GET /api/documents HTTP/1.1" 304 - "-" "Mozilla/5.0 (Windows NT 10.0; Win64; x64) AppleWebKit/537.36 (KHTML, like Gecko) Chrome/150.0.0.0 Safari/537.36"
2026-07-25 15:19:28 [http]: ::1 - - [25/Jul/2026:09:49:28 +0000] "GET /api/profile HTTP/1.1" 304 - "-" "Mozilla/5.0 (Windows NT 10.0; Win64; x64) AppleWebKit/537.36 (KHTML, like Gecko) Chrome/150.0.0.0 Safari/537.36"
2026-07-25 15:19:33 [http]: ::1 - - [25/Jul/2026:09:49:33 +0000] "GET /api/profile HTTP/1.1" 304 - "-" "Mozilla/5.0 (Windows NT 10.0; Win64; x64) AppleWebKit/537.36 (KHTML, like Gecko) Chrome/150.0.0.0 Safari/537.36"
2026-07-25 15:19:33 [http]: ::1 - - [25/Jul/2026:09:49:33 +0000] "GET /api/documents HTTP/1.1" 304 - "-" "Mozilla/5.0 (Windows NT 10.0; Win64; x64) AppleWebKit/537.36 (KHTML, like Gecko) Chrome/150.0.0.0 Safari/537.36"
2026-07-25 15:21:12 [http]: ::1 - - [25/Jul/2026:09:51:12 +0000] "PATCH /api/profile HTTP/1.1" 200 - "-" "Mozilla/5.0 (Windows NT 10.0; Win64; x64) AppleWebKit/537.36 (KHTML, like Gecko) Chrome/150.0.0.0 Safari/537.36"
2026-07-25 15:21:24 [http]: ::1 - - [25/Jul/2026:09:51:24 +0000] "GET /api/profile HTTP/1.1" 200 - "-" "Mozilla/5.0 (Windows NT 10.0; Win64; x64) AppleWebKit/537.36 (KHTML, like Gecko) Chrome/150.0.0.0 Safari/537.36"
2026-07-25 15:21:24 [http]: ::1 - - [25/Jul/2026:09:51:24 +0000] "GET /api/documents HTTP/1.1" 304 - "-" "Mozilla/5.0 (Windows NT 10.0; Win64; x64) AppleWebKit/537.36 (KHTML, like Gecko) Chrome/150.0.0.0 Safari/537.36"
2026-07-25 15:22:41 [http]: ::1 - - [25/Jul/2026:09:52:41 +0000] "GET /api/profile HTTP/1.1" 304 - "-" "Mozilla/5.0 (Windows NT 10.0; Win64; x64) AppleWebKit/537.36 (KHTML, like Gecko) Chrome/150.0.0.0 Safari/537.36"
2026-07-25 15:22:41 [http]: ::1 - - [25/Jul/2026:09:52:41 +0000] "GET /api/documents HTTP/1.1" 304 - "-" "Mozilla/5.0 (Windows NT 10.0; Win64; x64) AppleWebKit/537.36 (KHTML, like Gecko) Chrome/150.0.0.0 Safari/537.36"
2026-07-25 15:23:52 [http]: ::1 - - [25/Jul/2026:09:53:52 +0000] "GET /api/profile HTTP/1.1" 304 - "-" "Mozilla/5.0 (Windows NT 10.0; Win64; x64) AppleWebKit/537.36 (KHTML, like Gecko) Chrome/150.0.0.0 Safari/537.36"
2026-07-25 15:23:52 [http]: ::1 - - [25/Jul/2026:09:53:52 +0000] "GET /api/documents HTTP/1.1" 304 - "-" "Mozilla/5.0 (Windows NT 10.0; Win64; x64) AppleWebKit/537.36 (KHTML, like Gecko) Chrome/150.0.0.0 Safari/537.36"
2026-07-25 15:24:10 [http]: ::1 - - [25/Jul/2026:09:54:10 +0000] "PATCH /api/profile HTTP/1.1" 200 - "-" "Mozilla/5.0 (Windows NT 10.0; Win64; x64) AppleWebKit/537.36 (KHTML, like Gecko) Chrome/150.0.0.0 Safari/537.36"
2026-07-25 15:24:27 [http]: ::1 - - [25/Jul/2026:09:54:27 +0000] "GET /api/profile HTTP/1.1" 200 - "-" "Mozilla/5.0 (Windows NT 10.0; Win64; x64) AppleWebKit/537.36 (KHTML, like Gecko) Chrome/150.0.0.0 Safari/537.36"
2026-07-25 15:24:27 [http]: ::1 - - [25/Jul/2026:09:54:27 +0000] "GET /api/documents HTTP/1.1" 304 - "-" "Mozilla/5.0 (Windows NT 10.0; Win64; x64) AppleWebKit/537.36 (KHTML, like Gecko) Chrome/150.0.0.0 Safari/537.36"
2026-07-25 15:28:33 [http]: ::1 - - [25/Jul/2026:09:58:33 +0000] "GET /api/profile HTTP/1.1" 304 - "-" "Mozilla/5.0 (Windows NT 10.0; Win64; x64) AppleWebKit/537.36 (KHTML, like Gecko) Chrome/150.0.0.0 Safari/537.36"
2026-07-25 15:28:33 [http]: ::1 - - [25/Jul/2026:09:58:33 +0000] "GET /api/documents HTTP/1.1" 304 - "-" "Mozilla/5.0 (Windows NT 10.0; Win64; x64) AppleWebKit/537.36 (KHTML, like Gecko) Chrome/150.0.0.0 Safari/537.36"
2026-07-25 15:29:33 [http]: ::1 - - [25/Jul/2026:09:59:33 +0000] "GET /api/profile HTTP/1.1" 304 - "-" "Mozilla/5.0 (Windows NT 10.0; Win64; x64) AppleWebKit/537.36 (KHTML, like Gecko) Chrome/150.0.0.0 Safari/537.36"
2026-07-25 15:29:33 [http]: ::1 - - [25/Jul/2026:09:59:33 +0000] "GET /api/documents HTTP/1.1" 304 - "-" "Mozilla/5.0 (Windows NT 10.0; Win64; x64) AppleWebKit/537.36 (KHTML, like Gecko) Chrome/150.0.0.0 Safari/537.36"
2026-07-25 16:44:06 [http]: ::1 - - [25/Jul/2026:11:14:06 +0000] "GET /api/profile HTTP/1.1" 304 - "-" "Mozilla/5.0 (Windows NT 10.0; Win64; x64) AppleWebKit/537.36 (KHTML, like Gecko) Chrome/150.0.0.0 Safari/537.36"
2026-07-25 16:44:07 [http]: ::1 - - [25/Jul/2026:11:14:07 +0000] "GET /api/documents HTTP/1.1" 304 - "-" "Mozilla/5.0 (Windows NT 10.0; Win64; x64) AppleWebKit/537.36 (KHTML, like Gecko) Chrome/150.0.0.0 Safari/537.36"
2026-07-25 19:24:02 [info]: ✅ MongoDB connected: ac-b1tchrv-shard-00-00.r0rqul9.mongodb.net
2026-07-25 19:24:02 [info]: 🚀 Server running on http://localhost:3001
2026-07-25 19:24:02 [info]: 📁 Uploads: C:\Users\yasht\OneDrive\Desktop\oneTap\server\uploads
2026-07-25 19:24:15 [http]: ::1 - - [25/Jul/2026:13:54:15 +0000] "GET /api/profile HTTP/1.1" 304 - "-" "Mozilla/5.0 (Windows NT 10.0; Win64; x64) AppleWebKit/537.36 (KHTML, like Gecko) Chrome/150.0.0.0 Safari/537.36"
2026-07-25 19:24:15 [http]: ::1 - - [25/Jul/2026:13:54:15 +0000] "GET /api/documents HTTP/1.1" 304 - "-" "Mozilla/5.0 (Windows NT 10.0; Win64; x64) AppleWebKit/537.36 (KHTML, like Gecko) Chrome/150.0.0.0 Safari/537.36"
2026-07-25 19:27:03 [http]: ::1 - - [25/Jul/2026:13:57:03 +0000] "GET /api/profile HTTP/1.1" 304 - "-" "Mozilla/5.0 (Windows NT 10.0; Win64; x64) AppleWebKit/537.36 (KHTML, like Gecko) Chrome/150.0.0.0 Safari/537.36"
2026-07-25 19:27:03 [http]: ::1 - - [25/Jul/2026:13:57:03 +0000] "GET /api/documents HTTP/1.1" 304 - "-" "Mozilla/5.0 (Windows NT 10.0; Win64; x64) AppleWebKit/537.36 (KHTML, like Gecko) Chrome/150.0.0.0 Safari/537.36"
2026-07-25 19:29:21 [info]: ✅ MongoDB connected: ac-b1tchrv-shard-00-02.r0rqul9.mongodb.net
2026-07-25 19:29:21 [info]: 🚀 Server running on http://localhost:3001
2026-07-25 19:29:21 [info]: 📁 Uploads: C:\Users\yasht\OneDrive\Desktop\oneTap\server\uploads
2026-07-25 19:31:40 [http]: ::1 - - [25/Jul/2026:14:01:40 +0000] "GET /api/profile HTTP/1.1" 304 - "-" "Mozilla/5.0 (Windows NT 10.0; Win64; x64) AppleWebKit/537.36 (KHTML, like Gecko) Chrome/150.0.0.0 Safari/537.36"
2026-07-25 19:31:40 [http]: ::1 - - [25/Jul/2026:14:01:40 +0000] "GET /api/documents HTTP/1.1" 304 - "-" "Mozilla/5.0 (Windows NT 10.0; Win64; x64) AppleWebKit/537.36 (KHTML, like Gecko) Chrome/150.0.0.0 Safari/537.36"
2026-07-25 19:33:31 [debug]: Batching 20 fields for AI classification...
2026-07-25 19:34:24 [debug]: AI classified field "Job Title" → workExperience.0.jobTitle (0.95)
2026-07-25 19:34:24 [debug]: AI classified field "Company Name" → workExperience.0.company (0.95)
2026-07-25 19:34:24 [debug]: AI classified field "Start Date" → workExperience.0.startDate (0.95)
2026-07-25 19:34:24 [debug]: AI classified field "End Date" → workExperience.0.endDate (0.95)
2026-07-25 19:34:24 [debug]: AI classified field "Job Description" → workExperience.0.description (0.95)
2026-07-25 19:34:24 [debug]: AI classified field "Degree" → educationHistory.0.degree (0.95)
2026-07-25 19:34:24 [debug]: AI classified field "Field of Study" → educationHistory.0.fieldOfStudy (0.95)
2026-07-25 19:34:24 [debug]: AI classified field "University" → educationHistory.0.university (0.95)
2026-07-25 19:34:24 [debug]: AI classified field "Marks/GPA" → educationHistory.0.marks (0.95)
2026-07-25 19:34:24 [debug]: AI classified field "Start Date" → educationHistory.0.startDate (0.95)
2026-07-25 19:34:24 [debug]: AI classified field "End Date" → educationHistory.0.endDate (0.95)
2026-07-25 19:34:24 [debug]: AI classified field "Credit Card Number" → null (0.9)
2026-07-25 19:34:24 [debug]: AI classified field "CCV" → null (0.9)
2026-07-25 19:34:24 [debug]: AI classified field "Favorite Color" → null (0.9)
2026-07-25 19:34:24 [debug]: AI classified field "Pet's Name" → null (0.9)
2026-07-25 19:34:24 [debug]: AI classified field "Blood Group" → null (0.9)
2026-07-25 19:34:24 [debug]: AI classified field "Favorite Movie" → null (0.9)
2026-07-25 19:34:24 [debug]: AI classified field "Zodiac Sign" → null (0.9)
2026-07-25 19:34:24 [debug]: AI classified field "Shoe Size" → null (0.9)
2026-07-25 19:34:24 [debug]: AI classified field "If you had a superpower, what would it be?" → null (0.9)
2026-07-25 19:34:24 [http]: ::1 - - [25/Jul/2026:14:04:24 +0000] "POST /api/autofill/suggest HTTP/1.1" 200 - "-" "Mozilla/5.0 (Windows NT 10.0; Win64; x64) AppleWebKit/537.36 (KHTML, like Gecko) Chrome/150.0.0.0 Safari/537.36"
2026-07-25 19:38:15 [http]: ::1 - - [25/Jul/2026:14:08:15 +0000] "GET /uploads/6a6467241d4d7d5e933c1899/44076f79-4057-4599-b119-4817c50771a5.pdf HTTP/1.1" 304 - "http://127.0.0.1:5500/" "Mozilla/5.0 (Windows NT 10.0; Win64; x64) AppleWebKit/537.36 (KHTML, like Gecko) Chrome/150.0.0.0 Safari/537.36"
2026-07-25 19:38:23 [http]: ::1 - - [25/Jul/2026:14:08:23 +0000] "POST /api/submissions HTTP/1.1" 201 676 "-" "Mozilla/5.0 (Windows NT 10.0; Win64; x64) AppleWebKit/537.36 (KHTML, like Gecko) Chrome/150.0.0.0 Safari/537.36"
2026-07-25 19:38:48 [http]: ::1 - - [25/Jul/2026:14:08:48 +0000] "GET /api/profile HTTP/1.1" 200 - "-" "Mozilla/5.0 (Windows NT 10.0; Win64; x64) AppleWebKit/537.36 (KHTML, like Gecko) Chrome/150.0.0.0 Safari/537.36"
2026-07-25 19:38:48 [http]: ::1 - - [25/Jul/2026:14:08:48 +0000] "GET /api/documents HTTP/1.1" 304 - "-" "Mozilla/5.0 (Windows NT 10.0; Win64; x64) AppleWebKit/537.36 (KHTML, like Gecko) Chrome/150.0.0.0 Safari/537.36"
2026-07-25 19:39:35 [http]: ::1 - - [25/Jul/2026:14:09:35 +0000] "PATCH /api/profile HTTP/1.1" 200 - "-" "Mozilla/5.0 (Windows NT 10.0; Win64; x64) AppleWebKit/537.36 (KHTML, like Gecko) Chrome/150.0.0.0 Safari/537.36"
2026-07-25 19:44:28 [http]: ::1 - - [25/Jul/2026:14:14:28 +0000] "GET /api/profile HTTP/1.1" 200 - "-" "Mozilla/5.0 (Windows NT 10.0; Win64; x64) AppleWebKit/537.36 (KHTML, like Gecko) Chrome/150.0.0.0 Safari/537.36"
2026-07-25 19:44:28 [http]: ::1 - - [25/Jul/2026:14:14:28 +0000] "GET /api/documents HTTP/1.1" 304 - "-" "Mozilla/5.0 (Windows NT 10.0; Win64; x64) AppleWebKit/537.36 (KHTML, like Gecko) Chrome/150.0.0.0 Safari/537.36"
2026-07-25 19:44:34 [info]: ✅ MongoDB connected: ac-b1tchrv-shard-00-02.r0rqul9.mongodb.net
2026-07-25 19:44:34 [info]: 🚀 Server running on http://localhost:3001
2026-07-25 19:44:34 [info]: 📁 Uploads: C:\Users\yasht\OneDrive\Desktop\oneTap\server\uploads
2026-07-25 19:44:35 [http]: ::1 - - [25/Jul/2026:14:14:35 +0000] "GET /api/profile HTTP/1.1" 304 - "-" "Mozilla/5.0 (Windows NT 10.0; Win64; x64) AppleWebKit/537.36 (KHTML, like Gecko) Chrome/150.0.0.0 Safari/537.36"
2026-07-25 19:45:16 [http]: ::1 - - [25/Jul/2026:14:15:16 +0000] "PATCH /api/profile HTTP/1.1" 200 - "-" "Mozilla/5.0 (Windows NT 10.0; Win64; x64) AppleWebKit/537.36 (KHTML, like Gecko) Chrome/150.0.0.0 Safari/537.36"
2026-07-25 19:49:26 [http]: ::1 - - [25/Jul/2026:14:19:26 +0000] "GET /api/profile HTTP/1.1" 200 - "-" "Mozilla/5.0 (Windows NT 10.0; Win64; x64) AppleWebKit/537.36 (KHTML, like Gecko) Chrome/150.0.0.0 Safari/537.36"
2026-07-25 19:49:39 [debug]: Batching 14 fields for AI classification...
2026-07-25 19:49:56 [debug]: AI classified field "Job Title" → workExperience.0.jobTitle (0.95)
2026-07-25 19:49:56 [debug]: AI classified field "Company Name" → workExperience.0.company (0.95)
2026-07-25 19:49:56 [debug]: AI classified field "Start Date" → workExperience.0.startDate (0.95)
2026-07-25 19:49:56 [debug]: AI classified field "End Date" → workExperience.0.endDate (0.95)
2026-07-25 19:49:56 [debug]: AI classified field "Job Description" → workExperience.0.description (0.95)
2026-07-25 19:49:56 [debug]: AI classified field "Degree" → educationHistory.0.degree (0.95)
2026-07-25 19:49:56 [debug]: AI classified field "Field of Study" → educationHistory.0.fieldOfStudy (0.95)
2026-07-25 19:49:56 [debug]: AI classified field "University" → educationHistory.0.university (0.95)
2026-07-25 19:49:56 [debug]: AI classified field "Marks/GPA" → educationHistory.0.marks (0.95)
2026-07-25 19:49:56 [debug]: AI classified field "Start Date" → educationHistory.0.startDate (0.95)
2026-07-25 19:49:56 [debug]: AI classified field "End Date" → educationHistory.0.endDate (0.95)
2026-07-25 19:49:56 [debug]: AI classified field "Credit Card Number" → null (0.9)
2026-07-25 19:49:56 [debug]: AI classified field "CCV" → null (0.9)
2026-07-25 19:49:56 [debug]: AI classified field "Blood Group" → null (0.9)
2026-07-25 19:49:56 [http]: ::1 - - [25/Jul/2026:14:19:56 +0000] "POST /api/autofill/suggest HTTP/1.1" 200 - "-" "Mozilla/5.0 (Windows NT 10.0; Win64; x64) AppleWebKit/537.36 (KHTML, like Gecko) Chrome/150.0.0.0 Safari/537.36"
2026-07-25 19:51:21 [http]: ::1 - - [25/Jul/2026:14:21:21 +0000] "GET /uploads/6a6467241d4d7d5e933c1899/44076f79-4057-4599-b119-4817c50771a5.pdf HTTP/1.1" 304 - "http://127.0.0.1:5500/" "Mozilla/5.0 (Windows NT 10.0; Win64; x64) AppleWebKit/537.36 (KHTML, like Gecko) Chrome/150.0.0.0 Safari/537.36"
2026-07-25 19:51:29 [http]: ::1 - - [25/Jul/2026:14:21:29 +0000] "POST /api/submissions HTTP/1.1" 201 686 "-" "Mozilla/5.0 (Windows NT 10.0; Win64; x64) AppleWebKit/537.36 (KHTML, like Gecko) Chrome/150.0.0.0 Safari/537.36"
2026-07-25 19:51:31 [http]: ::1 - - [25/Jul/2026:14:21:31 +0000] "GET /api/profile HTTP/1.1" 200 - "-" "Mozilla/5.0 (Windows NT 10.0; Win64; x64) AppleWebKit/537.36 (KHTML, like Gecko) Chrome/150.0.0.0 Safari/537.36"
2026-07-25 19:51:31 [http]: ::1 - - [25/Jul/2026:14:21:31 +0000] "GET /api/documents HTTP/1.1" 304 - "-" "Mozilla/5.0 (Windows NT 10.0; Win64; x64) AppleWebKit/537.36 (KHTML, like Gecko) Chrome/150.0.0.0 Safari/537.36"
2026-07-25 19:56:02 [debug]: Batching 4 fields for AI classification...
2026-07-25 19:56:02 [debug]: AI cache hit for fingerprint: fb88ae87...
2026-07-25 19:56:02 [debug]: AI cache hit for fingerprint: 6726c9d4...
2026-07-25 19:56:02 [debug]: AI cache hit for fingerprint: c1d2b1a6...
2026-07-25 19:56:02 [debug]: AI cache hit for fingerprint: bc606236...
2026-07-25 19:56:02 [http]: ::1 - - [25/Jul/2026:14:26:02 +0000] "POST /api/autofill/suggest HTTP/1.1" 200 - "-" "Mozilla/5.0 (Windows NT 10.0; Win64; x64) AppleWebKit/537.36 (KHTML, like Gecko) Chrome/150.0.0.0 Safari/537.36"
2026-07-25 19:56:29 [http]: ::1 - - [25/Jul/2026:14:26:29 +0000] "GET /uploads/6a6467241d4d7d5e933c1899/44076f79-4057-4599-b119-4817c50771a5.pdf HTTP/1.1" 304 - "http://127.0.0.1:5500/" "Mozilla/5.0 (Windows NT 10.0; Win64; x64) AppleWebKit/537.36 (KHTML, like Gecko) Chrome/150.0.0.0 Safari/537.36"
2026-07-25 19:59:09 [info]: ✅ MongoDB connected: ac-b1tchrv-shard-00-01.r0rqul9.mongodb.net
2026-07-25 19:59:09 [info]: 🚀 Server running on http://localhost:3001
2026-07-25 19:59:09 [info]: 📁 Uploads: C:\Users\yasht\OneDrive\Desktop\oneTap\server\uploads
2026-07-25 19:59:38 [debug]: Batching 4 fields for AI classification...
2026-07-25 19:59:56 [debug]: AI classified field "Job Description" → workExperience.0.description (0.95)
2026-07-25 19:59:56 [debug]: AI classified field "Credit Card Number" → null (0.9)
2026-07-25 19:59:56 [debug]: AI classified field "CCV" → null (0.9)
2026-07-25 19:59:56 [debug]: AI classified field "Blood Group" → null (0.9)
2026-07-25 19:59:56 [http]: ::1 - - [25/Jul/2026:14:29:56 +0000] "POST /api/autofill/suggest HTTP/1.1" 200 - "-" "Mozilla/5.0 (Windows NT 10.0; Win64; x64) AppleWebKit/537.36 (KHTML, like Gecko) Chrome/150.0.0.0 Safari/537.36"
2026-07-25 20:00:20 [http]: ::1 - - [25/Jul/2026:14:30:20 +0000] "GET /api/profile HTTP/1.1" 304 - "-" "Mozilla/5.0 (Windows NT 10.0; Win64; x64) AppleWebKit/537.36 (KHTML, like Gecko) Chrome/150.0.0.0 Safari/537.36"
2026-07-25 20:00:20 [http]: ::1 - - [25/Jul/2026:14:30:20 +0000] "GET /api/documents HTTP/1.1" 304 - "-" "Mozilla/5.0 (Windows NT 10.0; Win64; x64) AppleWebKit/537.36 (KHTML, like Gecko) Chrome/150.0.0.0 Safari/537.36"
2026-07-25 20:00:51 [http]: ::1 - - [25/Jul/2026:14:30:51 +0000] "GET /uploads/6a6467241d4d7d5e933c1899/44076f79-4057-4599-b119-4817c50771a5.pdf HTTP/1.1" 304 - "http://127.0.0.1:5500/" "Mozilla/5.0 (Windows NT 10.0; Win64; x64) AppleWebKit/537.36 (KHTML, like Gecko) Chrome/150.0.0.0 Safari/537.36"
2026-07-25 20:01:11 [http]: ::1 - - [25/Jul/2026:14:31:11 +0000] "POST /api/submissions HTTP/1.1" 201 108 "-" "Mozilla/5.0 (Windows NT 10.0; Win64; x64) AppleWebKit/537.36 (KHTML, like Gecko) Chrome/150.0.0.0 Safari/537.36"
2026-07-25 20:04:14 [info]: ✅ MongoDB connected: ac-b1tchrv-shard-00-01.r0rqul9.mongodb.net
2026-07-25 20:04:14 [info]: 🚀 Server running on http://localhost:3001
2026-07-25 20:04:14 [info]: 📁 Uploads: C:\Users\yasht\OneDrive\Desktop\oneTap\server\uploads
2026-07-25 20:05:01 [debug]: Batching 4 fields for AI classification...
2026-07-25 20:05:18 [debug]: AI classified field "Job Description" → workExperience.0.description (0.95)
2026-07-25 20:05:18 [debug]: AI classified field "Credit Card Number" → null (0.99)
2026-07-25 20:05:18 [debug]: AI classified field "CCV" → null (0.99)
2026-07-25 20:05:18 [debug]: AI classified field "Blood Group" → customFields.Blood Group (0.9)
2026-07-25 20:05:18 [http]: ::1 - - [25/Jul/2026:14:35:18 +0000] "POST /api/autofill/suggest HTTP/1.1" 200 - "-" "Mozilla/5.0 (Windows NT 10.0; Win64; x64) AppleWebKit/537.36 (KHTML, like Gecko) Chrome/150.0.0.0 Safari/537.36"
2026-07-25 20:08:32 [info]: ✅ MongoDB connected: ac-b1tchrv-shard-00-01.r0rqul9.mongodb.net
2026-07-25 20:08:32 [info]: 🚀 Server running on http://localhost:3001
2026-07-25 20:08:32 [info]: 📁 Uploads: C:\Users\yasht\OneDrive\Desktop\oneTap\server\uploads
2026-07-25 20:08:41 [info]: ✅ MongoDB connected: ac-b1tchrv-shard-00-01.r0rqul9.mongodb.net
2026-07-25 20:08:41 [info]: 🚀 Server running on http://localhost:3001
2026-07-25 20:08:41 [info]: 📁 Uploads: C:\Users\yasht\OneDrive\Desktop\oneTap\server\uploads
2026-07-25 20:09:11 [debug]: Batching 4 fields for AI classification...
2026-07-25 20:09:29 [debug]: AI classified field "Job Description" → workExperience.0.description (0.95)
2026-07-25 20:09:29 [debug]: AI classified field "Credit Card Number" → null (0.99)
2026-07-25 20:09:29 [debug]: AI classified field "CCV" → null (0.99)
2026-07-25 20:09:29 [debug]: AI classified field "Blood Group" → customFields.Blood Group (0.95)
2026-07-25 20:09:29 [http]: ::1 - - [25/Jul/2026:14:39:29 +0000] "POST /api/autofill/suggest HTTP/1.1" 200 - "-" "Mozilla/5.0 (Windows NT 10.0; Win64; x64) AppleWebKit/537.36 (KHTML, like Gecko) Chrome/150.0.0.0 Safari/537.36"
2026-07-25 20:09:48 [http]: ::1 - - [25/Jul/2026:14:39:48 +0000] "GET /api/profile HTTP/1.1" 200 - "-" "Mozilla/5.0 (Windows NT 10.0; Win64; x64) AppleWebKit/537.36 (KHTML, like Gecko) Chrome/150.0.0.0 Safari/537.36"
2026-07-25 20:09:48 [http]: ::1 - - [25/Jul/2026:14:39:48 +0000] "GET /api/documents HTTP/1.1" 304 - "-" "Mozilla/5.0 (Windows NT 10.0; Win64; x64) AppleWebKit/537.36 (KHTML, like Gecko) Chrome/150.0.0.0 Safari/537.36"
2026-07-25 20:09:52 [http]: ::1 - - [25/Jul/2026:14:39:52 +0000] "GET /api/profile HTTP/1.1" 304 - "-" "Mozilla/5.0 (Windows NT 10.0; Win64; x64) AppleWebKit/537.36 (KHTML, like Gecko) Chrome/150.0.0.0 Safari/537.36"
2026-07-25 20:11:30 [http]: ::1 - - [25/Jul/2026:14:41:30 +0000] "PATCH /api/profile HTTP/1.1" 200 - "-" "Mozilla/5.0 (Windows NT 10.0; Win64; x64) AppleWebKit/537.36 (KHTML, like Gecko) Chrome/150.0.0.0 Safari/537.36"
2026-07-25 20:11:38 [debug]: Batching 4 fields for AI classification...
2026-07-25 20:11:38 [debug]: AI cache hit for fingerprint: fb88ae87...
2026-07-25 20:11:38 [debug]: AI cache hit for fingerprint: 6726c9d4...
2026-07-25 20:11:38 [debug]: AI cache hit for fingerprint: c1d2b1a6...
2026-07-25 20:11:38 [debug]: AI cache hit for fingerprint: bc606236...
2026-07-25 20:11:38 [http]: ::1 - - [25/Jul/2026:14:41:38 +0000] "POST /api/autofill/suggest HTTP/1.1" 200 - "-" "Mozilla/5.0 (Windows NT 10.0; Win64; x64) AppleWebKit/537.36 (KHTML, like Gecko) Chrome/150.0.0.0 Safari/537.36"
2026-07-25 20:12:45 [http]: ::1 - - [25/Jul/2026:14:42:45 +0000] "GET /api/profile HTTP/1.1" 200 - "-" "Mozilla/5.0 (Windows NT 10.0; Win64; x64) AppleWebKit/537.36 (KHTML, like Gecko) Chrome/150.0.0.0 Safari/537.36"
2026-07-25 20:12:46 [http]: ::1 - - [25/Jul/2026:14:42:46 +0000] "GET /api/documents HTTP/1.1" 304 - "-" "Mozilla/5.0 (Windows NT 10.0; Win64; x64) AppleWebKit/537.36 (KHTML, like Gecko) Chrome/150.0.0.0 Safari/537.36"
2026-07-25 20:12:48 [http]: ::1 - - [25/Jul/2026:14:42:48 +0000] "GET /api/profile HTTP/1.1" 304 - "-" "Mozilla/5.0 (Windows NT 10.0; Win64; x64) AppleWebKit/537.36 (KHTML, like Gecko) Chrome/150.0.0.0 Safari/537.36"
2026-07-25 20:12:50 [http]: ::1 - - [25/Jul/2026:14:42:50 +0000] "GET /api/autofill/mappings HTTP/1.1" 200 - "-" "Mozilla/5.0 (Windows NT 10.0; Win64; x64) AppleWebKit/537.36 (KHTML, like Gecko) Chrome/150.0.0.0 Safari/537.36"
2026-07-25 20:13:28 [debug]: Batching 4 fields for AI classification...
2026-07-25 20:13:28 [debug]: AI cache hit for fingerprint: fb88ae87...
2026-07-25 20:13:28 [debug]: AI cache hit for fingerprint: 6726c9d4...
2026-07-25 20:13:28 [debug]: AI cache hit for fingerprint: c1d2b1a6...
2026-07-25 20:13:28 [debug]: AI cache hit for fingerprint: bc606236...
2026-07-25 20:13:28 [http]: ::1 - - [25/Jul/2026:14:43:28 +0000] "POST /api/autofill/suggest HTTP/1.1" 200 - "-" "Mozilla/5.0 (Windows NT 10.0; Win64; x64) AppleWebKit/537.36 (KHTML, like Gecko) Chrome/150.0.0.0 Safari/537.36"
2026-07-25 20:13:52 [http]: ::1 - - [25/Jul/2026:14:43:52 +0000] "GET /uploads/6a6467241d4d7d5e933c1899/44076f79-4057-4599-b119-4817c50771a5.pdf HTTP/1.1" 304 - "http://127.0.0.1:5500/" "Mozilla/5.0 (Windows NT 10.0; Win64; x64) AppleWebKit/537.36 (KHTML, like Gecko) Chrome/150.0.0.0 Safari/537.36"
2026-07-25 20:14:27 [http]: ::1 - - [25/Jul/2026:14:44:27 +0000] "GET /api/profile HTTP/1.1" 304 - "-" "Mozilla/5.0 (Windows NT 10.0; Win64; x64) AppleWebKit/537.36 (KHTML, like Gecko) Chrome/150.0.0.0 Safari/537.36"
2026-07-25 20:14:28 [http]: ::1 - - [25/Jul/2026:14:44:28 +0000] "GET /api/documents HTTP/1.1" 304 - "-" "Mozilla/5.0 (Windows NT 10.0; Win64; x64) AppleWebKit/537.36 (KHTML, like Gecko) Chrome/150.0.0.0 Safari/537.36"
2026-07-25 20:14:31 [http]: ::1 - - [25/Jul/2026:14:44:31 +0000] "GET /api/profile HTTP/1.1" 304 - "-" "Mozilla/5.0 (Windows NT 10.0; Win64; x64) AppleWebKit/537.36 (KHTML, like Gecko) Chrome/150.0.0.0 Safari/537.36"
2026-07-25 20:14:41 [http]: ::1 - - [25/Jul/2026:14:44:41 +0000] "GET /api/autofill/mappings HTTP/1.1" 304 - "-" "Mozilla/5.0 (Windows NT 10.0; Win64; x64) AppleWebKit/537.36 (KHTML, like Gecko) Chrome/150.0.0.0 Safari/537.36"
2026-07-25 20:14:44 [http]: ::1 - - [25/Jul/2026:14:44:44 +0000] "GET /api/profile HTTP/1.1" 304 - "-" "Mozilla/5.0 (Windows NT 10.0; Win64; x64) AppleWebKit/537.36 (KHTML, like Gecko) Chrome/150.0.0.0 Safari/537.36"
2026-07-25 20:16:11 [http]: ::1 - - [25/Jul/2026:14:46:11 +0000] "GET /api/profile HTTP/1.1" 304 - "-" "Mozilla/5.0 (Windows NT 10.0; Win64; x64) AppleWebKit/537.36 (KHTML, like Gecko) Chrome/150.0.0.0 Safari/537.36"
2026-07-25 20:16:39 [http]: ::1 - - [25/Jul/2026:14:46:39 +0000] "PATCH /api/profile HTTP/1.1" 200 - "-" "Mozilla/5.0 (Windows NT 10.0; Win64; x64) AppleWebKit/537.36 (KHTML, like Gecko) Chrome/150.0.0.0 Safari/537.36"
2026-07-25 20:16:46 [http]: ::1 - - [25/Jul/2026:14:46:46 +0000] "PATCH /api/profile HTTP/1.1" 200 - "-" "Mozilla/5.0 (Windows NT 10.0; Win64; x64) AppleWebKit/537.36 (KHTML, like Gecko) Chrome/150.0.0.0 Safari/537.36"
2026-07-25 20:17:36 [http]: ::1 - - [25/Jul/2026:14:47:36 +0000] "GET /api/profile HTTP/1.1" 200 - "-" "Mozilla/5.0 (Windows NT 10.0; Win64; x64) AppleWebKit/537.36 (KHTML, like Gecko) Chrome/150.0.0.0 Safari/537.36"
2026-07-25 20:17:37 [http]: ::1 - - [25/Jul/2026:14:47:37 +0000] "GET /api/documents HTTP/1.1" 304 - "-" "Mozilla/5.0 (Windows NT 10.0; Win64; x64) AppleWebKit/537.36 (KHTML, like Gecko) Chrome/150.0.0.0 Safari/537.36"
2026-07-25 20:17:51 [http]: ::1 - - [25/Jul/2026:14:47:51 +0000] "GET /api/profile HTTP/1.1" 304 - "-" "Mozilla/5.0 (Windows NT 10.0; Win64; x64) AppleWebKit/537.36 (KHTML, like Gecko) Chrome/150.0.0.0 Safari/537.36"
2026-07-25 20:17:51 [http]: ::1 - - [25/Jul/2026:14:47:51 +0000] "GET /api/documents HTTP/1.1" 304 - "-" "Mozilla/5.0 (Windows NT 10.0; Win64; x64) AppleWebKit/537.36 (KHTML, like Gecko) Chrome/150.0.0.0 Safari/537.36"
2026-07-25 20:18:37 [http]: ::1 - - [25/Jul/2026:14:48:37 +0000] "GET /api/documents HTTP/1.1" 304 - "-" "Mozilla/5.0 (Windows NT 10.0; Win64; x64) AppleWebKit/537.36 (KHTML, like Gecko) Chrome/150.0.0.0 Safari/537.36"
2026-07-25 20:19:05 [http]: ::1 - - [25/Jul/2026:14:49:05 +0000] "POST /api/documents HTTP/1.1" 201 408 "-" "Mozilla/5.0 (Windows NT 10.0; Win64; x64) AppleWebKit/537.36 (KHTML, like Gecko) Chrome/150.0.0.0 Safari/537.36"
2026-07-25 20:19:05 [http]: ::1 - - [25/Jul/2026:14:49:05 +0000] "GET /api/documents HTTP/1.1" 200 815 "-" "Mozilla/5.0 (Windows NT 10.0; Win64; x64) AppleWebKit/537.36 (KHTML, like Gecko) Chrome/150.0.0.0 Safari/537.36"
2026-07-25 20:19:45 [info]: ✅ MongoDB connected: ac-b1tchrv-shard-00-00.r0rqul9.mongodb.net
2026-07-25 20:19:45 [info]: 🚀 Server running on http://localhost:3001
2026-07-25 20:19:45 [info]: 📁 Uploads: C:\Users\yasht\OneDrive\Desktop\oneTap\server\uploads
2026-07-25 20:19:48 [http]: ::1 - - [25/Jul/2026:14:49:48 +0000] "GET /api/profile HTTP/1.1" 304 - "-" "Mozilla/5.0 (Windows NT 10.0; Win64; x64) AppleWebKit/537.36 (KHTML, like Gecko) Chrome/150.0.0.0 Safari/537.36"
2026-07-25 20:19:48 [http]: ::1 - - [25/Jul/2026:14:49:48 +0000] "GET /api/documents HTTP/1.1" 304 - "-" "Mozilla/5.0 (Windows NT 10.0; Win64; x64) AppleWebKit/537.36 (KHTML, like Gecko) Chrome/150.0.0.0 Safari/537.36"
2026-07-25 20:19:49 [http]: ::1 - - [25/Jul/2026:14:49:49 +0000] "GET /api/profile HTTP/1.1" 304 - "-" "Mozilla/5.0 (Windows NT 10.0; Win64; x64) AppleWebKit/537.36 (KHTML, like Gecko) Chrome/150.0.0.0 Safari/537.36"
2026-07-25 20:20:01 [http]: ::1 - - [25/Jul/2026:14:50:01 +0000] "PATCH /api/profile HTTP/1.1" 200 - "-" "Mozilla/5.0 (Windows NT 10.0; Win64; x64) AppleWebKit/537.36 (KHTML, like Gecko) Chrome/150.0.0.0 Safari/537.36"
2026-07-25 20:20:10 [debug]: Batching 4 fields for AI classification...
2026-07-25 20:20:24 [debug]: AI classified field "Job Description" → workExperience.0.description (0.95)
2026-07-25 20:20:24 [debug]: AI classified field "Credit Card Number" → null (0.99)
2026-07-25 20:20:24 [debug]: AI classified field "CCV" → null (0.99)
2026-07-25 20:20:24 [debug]: AI classified field "Blood Group" → customFields.Blood Group (0.95)
2026-07-25 20:20:24 [http]: ::1 - - [25/Jul/2026:14:50:24 +0000] "POST /api/autofill/suggest HTTP/1.1" 200 - "-" "Mozilla/5.0 (Windows NT 10.0; Win64; x64) AppleWebKit/537.36 (KHTML, like Gecko) Chrome/150.0.0.0 Safari/537.36"
2026-07-25 20:22:32 [debug]: Batching 4 fields for AI classification...
2026-07-25 20:22:32 [debug]: AI cache hit for fingerprint: fb88ae87...
2026-07-25 20:22:32 [debug]: AI cache hit for fingerprint: 6726c9d4...
2026-07-25 20:22:32 [debug]: AI cache hit for fingerprint: c1d2b1a6...
2026-07-25 20:22:32 [debug]: AI cache hit for fingerprint: bc606236...
2026-07-25 20:22:32 [http]: ::1 - - [25/Jul/2026:14:52:32 +0000] "POST /api/autofill/suggest HTTP/1.1" 200 - "-" "Mozilla/5.0 (Windows NT 10.0; Win64; x64) AppleWebKit/537.36 (KHTML, like Gecko) Chrome/150.0.0.0 Safari/537.36"
2026-07-25 20:23:17 [http]: ::1 - - [25/Jul/2026:14:53:17 +0000] "POST /api/submissions HTTP/1.1" 201 101 "-" "Mozilla/5.0 (Windows NT 10.0; Win64; x64) AppleWebKit/537.36 (KHTML, like Gecko) Chrome/150.0.0.0 Safari/537.36"
2026-07-25 20:23:25 [http]: ::1 - - [25/Jul/2026:14:53:25 +0000] "GET /uploads/6a6467241d4d7d5e933c1899/44076f79-4057-4599-b119-4817c50771a5.pdf HTTP/1.1" 304 - "http://127.0.0.1:5500/" "Mozilla/5.0 (Windows NT 10.0; Win64; x64) AppleWebKit/537.36 (KHTML, like Gecko) Chrome/150.0.0.0 Safari/537.36"
2026-07-25 20:29:38 [debug]: Batching 4 fields for AI classification...
2026-07-25 20:29:38 [debug]: AI cache hit for fingerprint: fb88ae87...
2026-07-25 20:29:38 [debug]: AI cache hit for fingerprint: 6726c9d4...
2026-07-25 20:29:38 [debug]: AI cache hit for fingerprint: c1d2b1a6...
2026-07-25 20:29:38 [debug]: AI cache hit for fingerprint: bc606236...
2026-07-25 20:29:38 [http]: ::1 - - [25/Jul/2026:14:59:38 +0000] "POST /api/autofill/suggest HTTP/1.1" 200 - "-" "Mozilla/5.0 (Windows NT 10.0; Win64; x64) AppleWebKit/537.36 (KHTML, like Gecko) Chrome/150.0.0.0 Safari/537.36"
2026-07-25 20:31:50 [http]: ::1 - - [25/Jul/2026:15:01:50 +0000] "GET /api/profile HTTP/1.1" 200 - "-" "Mozilla/5.0 (Windows NT 10.0; Win64; x64) AppleWebKit/537.36 (KHTML, like Gecko) Chrome/150.0.0.0 Safari/537.36"
2026-07-25 20:31:51 [http]: ::1 - - [25/Jul/2026:15:01:51 +0000] "GET /api/documents HTTP/1.1" 304 - "-" "Mozilla/5.0 (Windows NT 10.0; Win64; x64) AppleWebKit/537.36 (KHTML, like Gecko) Chrome/150.0.0.0 Safari/537.36"
2026-07-25 20:34:28 [debug]: Batching 4 fields for AI classification...
2026-07-25 20:34:28 [debug]: AI cache hit for fingerprint: fb88ae87...
2026-07-25 20:34:28 [debug]: AI cache hit for fingerprint: 6726c9d4...
2026-07-25 20:34:28 [debug]: AI cache hit for fingerprint: c1d2b1a6...
2026-07-25 20:34:28 [debug]: AI cache hit for fingerprint: bc606236...
2026-07-25 20:34:28 [http]: ::1 - - [25/Jul/2026:15:04:28 +0000] "POST /api/autofill/suggest HTTP/1.1" 200 - "-" "Mozilla/5.0 (Windows NT 10.0; Win64; x64) AppleWebKit/537.36 (KHTML, like Gecko) Chrome/150.0.0.0 Safari/537.36"
2026-07-25 20:34:43 [debug]: Batching 4 fields for AI classification...
2026-07-25 20:34:43 [debug]: AI cache hit for fingerprint: fb88ae87...
2026-07-25 20:34:43 [debug]: AI cache hit for fingerprint: 6726c9d4...
2026-07-25 20:34:43 [debug]: AI cache hit for fingerprint: c1d2b1a6...
2026-07-25 20:34:43 [debug]: AI cache hit for fingerprint: bc606236...
2026-07-25 20:34:43 [http]: ::1 - - [25/Jul/2026:15:04:43 +0000] "POST /api/autofill/suggest HTTP/1.1" 200 - "-" "Mozilla/5.0 (Windows NT 10.0; Win64; x64) AppleWebKit/537.36 (KHTML, like Gecko) Chrome/150.0.0.0 Safari/537.36"
2026-07-25 20:36:00 [http]: ::1 - - [25/Jul/2026:15:06:00 +0000] "GET /api/profile HTTP/1.1" 304 - "-" "Mozilla/5.0 (Windows NT 10.0; Win64; x64) AppleWebKit/537.36 (KHTML, like Gecko) Chrome/150.0.0.0 Safari/537.36"
2026-07-25 20:36:00 [http]: ::1 - - [25/Jul/2026:15:06:00 +0000] "GET /api/documents HTTP/1.1" 304 - "-" "Mozilla/5.0 (Windows NT 10.0; Win64; x64) AppleWebKit/537.36 (KHTML, like Gecko) Chrome/150.0.0.0 Safari/537.36"
2026-07-25 20:37:19 [http]: ::1 - - [25/Jul/2026:15:07:19 +0000] "GET /api/profile HTTP/1.1" 304 - "-" "Mozilla/5.0 (Windows NT 10.0; Win64; x64) AppleWebKit/537.36 (KHTML, like Gecko) Chrome/150.0.0.0 Safari/537.36"
2026-07-25 20:37:24 [http]: ::1 - - [25/Jul/2026:15:07:24 +0000] "GET /api/profile HTTP/1.1" 304 - "-" "Mozilla/5.0 (Windows NT 10.0; Win64; x64) AppleWebKit/537.36 (KHTML, like Gecko) Chrome/150.0.0.0 Safari/537.36"
2026-07-25 20:37:24 [http]: ::1 - - [25/Jul/2026:15:07:24 +0000] "GET /api/documents HTTP/1.1" 304 - "-" "Mozilla/5.0 (Windows NT 10.0; Win64; x64) AppleWebKit/537.36 (KHTML, like Gecko) Chrome/150.0.0.0 Safari/537.36"
2026-07-25 20:38:46 [http]: ::1 - - [25/Jul/2026:15:08:46 +0000] "GET /api/profile HTTP/1.1" 304 - "-" "Mozilla/5.0 (Windows NT 10.0; Win64; x64) AppleWebKit/537.36 (KHTML, like Gecko) Chrome/150.0.0.0 Safari/537.36"
2026-07-25 20:38:46 [http]: ::1 - - [25/Jul/2026:15:08:46 +0000] "GET /api/documents HTTP/1.1" - - "-" "Mozilla/5.0 (Windows NT 10.0; Win64; x64) AppleWebKit/537.36 (KHTML, like Gecko) Chrome/150.0.0.0 Safari/537.36"
2026-07-25 20:38:50 [http]: ::1 - - [25/Jul/2026:15:08:50 +0000] "GET /api/profile HTTP/1.1" 304 - "-" "Mozilla/5.0 (Windows NT 10.0; Win64; x64) AppleWebKit/537.36 (KHTML, like Gecko) Chrome/150.0.0.0 Safari/537.36"
2026-07-25 20:38:51 [http]: ::1 - - [25/Jul/2026:15:08:51 +0000] "GET /api/documents HTTP/1.1" 200 815 "-" "Mozilla/5.0 (Windows NT 10.0; Win64; x64) AppleWebKit/537.36 (KHTML, like Gecko) Chrome/150.0.0.0 Safari/537.36"
2026-07-25 20:39:08 [http]: ::1 - - [25/Jul/2026:15:09:08 +0000] "GET /api/profile HTTP/1.1" 304 - "-" "Mozilla/5.0 (Windows NT 10.0; Win64; x64) AppleWebKit/537.36 (KHTML, like Gecko) Chrome/150.0.0.0 Safari/537.36"
2026-07-25 20:39:09 [http]: ::1 - - [25/Jul/2026:15:09:09 +0000] "GET /api/documents HTTP/1.1" 304 - "-" "Mozilla/5.0 (Windows NT 10.0; Win64; x64) AppleWebKit/537.36 (KHTML, like Gecko) Chrome/150.0.0.0 Safari/537.36"
2026-07-25 20:40:08 [debug]: Batching 4 fields for AI classification...
2026-07-25 20:40:08 [debug]: AI cache hit for fingerprint: fb88ae87...
2026-07-25 20:40:08 [debug]: AI cache hit for fingerprint: 6726c9d4...
2026-07-25 20:40:08 [debug]: AI cache hit for fingerprint: c1d2b1a6...
2026-07-25 20:40:08 [debug]: AI cache hit for fingerprint: bc606236...
2026-07-25 20:40:08 [http]: ::1 - - [25/Jul/2026:15:10:08 +0000] "POST /api/autofill/suggest HTTP/1.1" 200 - "-" "Mozilla/5.0 (Windows NT 10.0; Win64; x64) AppleWebKit/537.36 (KHTML, like Gecko) Chrome/150.0.0.0 Safari/537.36"
2026-07-25 20:40:39 [http]: ::1 - - [25/Jul/2026:15:10:39 +0000] "GET /api/profile HTTP/1.1" 304 - "-" "Mozilla/5.0 (Windows NT 10.0; Win64; x64) AppleWebKit/537.36 (KHTML, like Gecko) Chrome/150.0.0.0 Safari/537.36"
2026-07-25 20:40:40 [http]: ::1 - - [25/Jul/2026:15:10:40 +0000] "GET /api/documents HTTP/1.1" 304 - "-" "Mozilla/5.0 (Windows NT 10.0; Win64; x64) AppleWebKit/537.36 (KHTML, like Gecko) Chrome/150.0.0.0 Safari/537.36"
2026-07-25 20:42:54 [debug]: Batching 4 fields for AI classification...
2026-07-25 20:42:54 [debug]: AI cache hit for fingerprint: fb88ae87...
2026-07-25 20:42:54 [debug]: AI cache hit for fingerprint: 6726c9d4...
2026-07-25 20:42:54 [debug]: AI cache hit for fingerprint: c1d2b1a6...
2026-07-25 20:42:54 [debug]: AI cache hit for fingerprint: bc606236...
2026-07-25 20:42:54 [http]: ::1 - - [25/Jul/2026:15:12:54 +0000] "POST /api/autofill/suggest HTTP/1.1" 200 - "-" "Mozilla/5.0 (Windows NT 10.0; Win64; x64) AppleWebKit/537.36 (KHTML, like Gecko) Chrome/150.0.0.0 Safari/537.36"
2026-07-25 20:43:58 [info]: ✅ MongoDB connected: ac-b1tchrv-shard-00-00.r0rqul9.mongodb.net
2026-07-25 20:43:58 [info]: 🚀 Server running on http://localhost:3001
2026-07-25 20:43:58 [info]: 📁 Uploads: C:\Users\yasht\OneDrive\Desktop\oneTap\server\uploads
2026-07-25 20:44:48 [http]: ::1 - - [25/Jul/2026:15:14:48 +0000] "GET /api/profile HTTP/1.1" 304 - "-" "Mozilla/5.0 (Windows NT 10.0; Win64; x64) AppleWebKit/537.36 (KHTML, like Gecko) Chrome/150.0.0.0 Safari/537.36"
2026-07-25 20:44:48 [http]: ::1 - - [25/Jul/2026:15:14:48 +0000] "GET /api/documents HTTP/1.1" 304 - "-" "Mozilla/5.0 (Windows NT 10.0; Win64; x64) AppleWebKit/537.36 (KHTML, like Gecko) Chrome/150.0.0.0 Safari/537.36"
2026-07-25 20:45:40 [http]: ::1 - - [25/Jul/2026:15:15:40 +0000] "GET /api/profile HTTP/1.1" 304 - "-" "Mozilla/5.0 (Windows NT 10.0; Win64; x64) AppleWebKit/537.36 (KHTML, like Gecko) Chrome/150.0.0.0 Safari/537.36"
2026-07-25 20:45:40 [http]: ::1 - - [25/Jul/2026:15:15:40 +0000] "GET /api/documents HTTP/1.1" 304 - "-" "Mozilla/5.0 (Windows NT 10.0; Win64; x64) AppleWebKit/537.36 (KHTML, like Gecko) Chrome/150.0.0.0 Safari/537.36"
2026-07-25 20:45:44 [http]: ::1 - - [25/Jul/2026:15:15:44 +0000] "GET /api/documents/6a64cce10ff9b2ca025bc13f/view?token=eyJhbGciOiJIUzI1NiIsInR5cCI6IkpXVCJ9.eyJkZXZpY2VJZCI6IjZhNjQ2NzI0MWQ0ZDdkNWU5MzNjMTg5OSIsImlhdCI6MTc4NDk2ODY3NiwiZXhwIjo0OTM4NTY4Njc2fQ.NM3ocNWjKk0_CFQZMXbvomVw7tN25BHMN5ocR_Y26HA HTTP/1.1" 200 17408 "-" "Mozilla/5.0 (Windows NT 10.0; Win64; x64) AppleWebKit/537.36 (KHTML, like Gecko) Chrome/150.0.0.0 Safari/537.36"
2026-07-25 20:45:44 [http]: ::1 - - [25/Jul/2026:15:15:44 +0000] "GET /favicon.ico HTTP/1.1" 404 150 "-" "Mozilla/5.0 (Windows NT 10.0; Win64; x64) AppleWebKit/537.36 (KHTML, like Gecko) Chrome/150.0.0.0 Safari/537.36"
2026-07-25 20:45:50 [http]: ::1 - - [25/Jul/2026:15:15:50 +0000] "GET /api/profile HTTP/1.1" 304 - "-" "Mozilla/5.0 (Windows NT 10.0; Win64; x64) AppleWebKit/537.36 (KHTML, like Gecko) Chrome/150.0.0.0 Safari/537.36"
2026-07-25 20:45:50 [http]: ::1 - - [25/Jul/2026:15:15:50 +0000] "GET /api/documents HTTP/1.1" 304 - "-" "Mozilla/5.0 (Windows NT 10.0; Win64; x64) AppleWebKit/537.36 (KHTML, like Gecko) Chrome/150.0.0.0 Safari/537.36"
2026-07-25 20:45:54 [http]: ::1 - - [25/Jul/2026:15:15:54 +0000] "GET /api/documents/6a646a260d50406e8e4c96b1/view?token=eyJhbGciOiJIUzI1NiIsInR5cCI6IkpXVCJ9.eyJkZXZpY2VJZCI6IjZhNjQ2NzI0MWQ0ZDdkNWU5MzNjMTg5OSIsImlhdCI6MTc4NDk2ODY3NiwiZXhwIjo0OTM4NTY4Njc2fQ.NM3ocNWjKk0_CFQZMXbvomVw7tN25BHMN5ocR_Y26HA HTTP/1.1" 200 164636 "-" "Mozilla/5.0 (Windows NT 10.0; Win64; x64) AppleWebKit/537.36 (KHTML, like Gecko) Chrome/150.0.0.0 Safari/537.36"
2026-07-25 20:46:06 [http]: ::1 - - [25/Jul/2026:15:16:06 +0000] "GET /api/profile HTTP/1.1" 304 - "-" "Mozilla/5.0 (Windows NT 10.0; Win64; x64) AppleWebKit/537.36 (KHTML, like Gecko) Chrome/150.0.0.0 Safari/537.36"
2026-07-25 20:46:06 [http]: ::1 - - [25/Jul/2026:15:16:06 +0000] "GET /api/documents HTTP/1.1" 304 - "-" "Mozilla/5.0 (Windows NT 10.0; Win64; x64) AppleWebKit/537.36 (KHTML, like Gecko) Chrome/150.0.0.0 Safari/537.36"
2026-07-25 20:46:39 [http]: ::1 - - [25/Jul/2026:15:16:39 +0000] "GET /api/profile HTTP/1.1" 304 - "-" "Mozilla/5.0 (Windows NT 10.0; Win64; x64) AppleWebKit/537.36 (KHTML, like Gecko) Chrome/150.0.0.0 Safari/537.36"
2026-07-25 20:47:09 [debug]: Batching 4 fields for AI classification...
2026-07-25 20:47:40 [debug]: AI classified field "Job Description" → workExperience.0.description (0.95)
2026-07-25 20:47:40 [debug]: AI classified field "Credit Card Number" → null (0.9)
2026-07-25 20:47:40 [debug]: AI classified field "CCV" → null (0.9)
2026-07-25 20:47:40 [debug]: AI classified field "Blood Group" → customFields.Blood Group (0.9)
2026-07-25 20:47:40 [http]: ::1 - - [25/Jul/2026:15:17:40 +0000] "POST /api/autofill/suggest HTTP/1.1" 200 - "-" "Mozilla/5.0 (Windows NT 10.0; Win64; x64) AppleWebKit/537.36 (KHTML, like Gecko) Chrome/150.0.0.0 Safari/537.36"
2026-07-25 20:48:21 [http]: ::1 - - [25/Jul/2026:15:18:21 +0000] "GET /uploads/6a6467241d4d7d5e933c1899/44076f79-4057-4599-b119-4817c50771a5.pdf HTTP/1.1" 304 - "http://127.0.0.1:5500/" "Mozilla/5.0 (Windows NT 10.0; Win64; x64) AppleWebKit/537.36 (KHTML, like Gecko) Chrome/150.0.0.0 Safari/537.36"
2026-07-25 20:49:15 [http]: ::1 - - [25/Jul/2026:15:19:15 +0000] "GET /api/profile HTTP/1.1" 304 - "-" "Mozilla/5.0 (Windows NT 10.0; Win64; x64) AppleWebKit/537.36 (KHTML, like Gecko) Chrome/150.0.0.0 Safari/537.36"
2026-07-25 20:49:15 [http]: ::1 - - [25/Jul/2026:15:19:15 +0000] "GET /api/documents HTTP/1.1" 304 - "-" "Mozilla/5.0 (Windows NT 10.0; Win64; x64) AppleWebKit/537.36 (KHTML, like Gecko) Chrome/150.0.0.0 Safari/537.36"
2026-07-25 20:50:07 [http]: ::1 - - [25/Jul/2026:15:20:07 +0000] "GET /api/profile HTTP/1.1" 304 - "-" "Mozilla/5.0 (Windows NT 10.0; Win64; x64) AppleWebKit/537.36 (KHTML, like Gecko) Chrome/150.0.0.0 Safari/537.36"
2026-07-25 20:51:07 [debug]: Batching 4 fields for AI classification...
2026-07-25 20:51:07 [debug]: AI cache hit for fingerprint: fb88ae87...
2026-07-25 20:51:07 [debug]: AI cache hit for fingerprint: 6726c9d4...
2026-07-25 20:51:07 [debug]: AI cache hit for fingerprint: c1d2b1a6...
2026-07-25 20:51:07 [debug]: AI cache hit for fingerprint: bc606236...
2026-07-25 20:51:07 [http]: ::1 - - [25/Jul/2026:15:21:07 +0000] "POST /api/autofill/suggest HTTP/1.1" 200 - "-" "Mozilla/5.0 (Windows NT 10.0; Win64; x64) AppleWebKit/537.36 (KHTML, like Gecko) Chrome/150.0.0.0 Safari/537.36"
2026-07-25 20:51:47 [http]: ::1 - - [25/Jul/2026:15:21:47 +0000] "GET /uploads/6a6467241d4d7d5e933c1899/44076f79-4057-4599-b119-4817c50771a5.pdf HTTP/1.1" 304 - "http://127.0.0.1:5500/" "Mozilla/5.0 (Windows NT 10.0; Win64; x64) AppleWebKit/537.36 (KHTML, like Gecko) Chrome/150.0.0.0 Safari/537.36"
2026-07-25 20:52:49 [http]: ::1 - - [25/Jul/2026:15:22:49 +0000] "GET /api/profile HTTP/1.1" 304 - "-" "Mozilla/5.0 (Windows NT 10.0; Win64; x64) AppleWebKit/537.36 (KHTML, like Gecko) Chrome/150.0.0.0 Safari/537.36"
2026-07-25 20:52:55 [http]: ::1 - - [25/Jul/2026:15:22:55 +0000] "GET /api/profile HTTP/1.1" 304 - "-" "Mozilla/5.0 (Windows NT 10.0; Win64; x64) AppleWebKit/537.36 (KHTML, like Gecko) Chrome/150.0.0.0 Safari/537.36"
2026-07-25 20:52:55 [http]: ::1 - - [25/Jul/2026:15:22:55 +0000] "GET /api/documents HTTP/1.1" 304 - "-" "Mozilla/5.0 (Windows NT 10.0; Win64; x64) AppleWebKit/537.36 (KHTML, like Gecko) Chrome/150.0.0.0 Safari/537.36"
2026-07-25 20:54:39 [http]: ::1 - - [25/Jul/2026:15:24:39 +0000] "GET /api/profile HTTP/1.1" 200 268 "-" "Mozilla/5.0 (Windows NT 10.0; Win64; x64) AppleWebKit/537.36 (KHTML, like Gecko) Chrome/150.0.0.0 Safari/537.36"
2026-07-25 20:54:39 [http]: ::1 - - [25/Jul/2026:15:24:39 +0000] "GET /api/documents HTTP/1.1" 200 458 "-" "Mozilla/5.0 (Windows NT 10.0; Win64; x64) AppleWebKit/537.36 (KHTML, like Gecko) Chrome/150.0.0.0 Safari/537.36"
2026-07-25 20:54:44 [http]: ::1 - - [25/Jul/2026:15:24:44 +0000] "GET /api/profile HTTP/1.1" 304 - "-" "Mozilla/5.0 (Windows NT 10.0; Win64; x64) AppleWebKit/537.36 (KHTML, like Gecko) Chrome/150.0.0.0 Safari/537.36"
2026-07-25 20:54:44 [http]: ::1 - - [25/Jul/2026:15:24:44 +0000] "GET /api/documents HTTP/1.1" 304 - "-" "Mozilla/5.0 (Windows NT 10.0; Win64; x64) AppleWebKit/537.36 (KHTML, like Gecko) Chrome/150.0.0.0 Safari/537.36"
2026-07-25 20:55:06 [http]: ::1 - - [25/Jul/2026:15:25:06 +0000] "GET /api/profile HTTP/1.1" 304 - "-" "Mozilla/5.0 (Windows NT 10.0; Win64; x64) AppleWebKit/537.36 (KHTML, like Gecko) Chrome/150.0.0.0 Safari/537.36"
2026-07-25 20:55:39 [http]: ::1 - - [25/Jul/2026:15:25:39 +0000] "GET /api/profile HTTP/1.1" 304 - "-" "Mozilla/5.0 (Windows NT 10.0; Win64; x64) AppleWebKit/537.36 (KHTML, like Gecko) Chrome/150.0.0.0 Safari/537.36"
2026-07-25 20:55:39 [http]: ::1 - - [25/Jul/2026:15:25:39 +0000] "GET /api/documents HTTP/1.1" 304 - "-" "Mozilla/5.0 (Windows NT 10.0; Win64; x64) AppleWebKit/537.36 (KHTML, like Gecko) Chrome/150.0.0.0 Safari/537.36"
2026-07-25 20:55:53 [http]: ::1 - - [25/Jul/2026:15:25:53 +0000] "POST /api/auth/login HTTP/1.1" 200 238 "-" "Mozilla/5.0 (Windows NT 10.0; Win64; x64) AppleWebKit/537.36 (KHTML, like Gecko) Chrome/150.0.0.0 Safari/537.36"
2026-07-25 20:55:53 [http]: ::1 - - [25/Jul/2026:15:25:53 +0000] "GET /api/profile HTTP/1.1" 200 - "-" "Mozilla/5.0 (Windows NT 10.0; Win64; x64) AppleWebKit/537.36 (KHTML, like Gecko) Chrome/150.0.0.0 Safari/537.36"
2026-07-25 20:55:53 [http]: ::1 - - [25/Jul/2026:15:25:53 +0000] "GET /api/documents HTTP/1.1" 200 815 "-" "Mozilla/5.0 (Windows NT 10.0; Win64; x64) AppleWebKit/537.36 (KHTML, like Gecko) Chrome/150.0.0.0 Safari/537.36"
2026-07-25 20:56:29 [http]: ::1 - - [25/Jul/2026:15:26:29 +0000] "GET /api/profile HTTP/1.1" 304 - "-" "Mozilla/5.0 (Windows NT 10.0; Win64; x64) AppleWebKit/537.36 (KHTML, like Gecko) Chrome/150.0.0.0 Safari/537.36"
2026-07-25 20:56:29 [http]: ::1 - - [25/Jul/2026:15:26:29 +0000] "GET /api/documents HTTP/1.1" 304 - "-" "Mozilla/5.0 (Windows NT 10.0; Win64; x64) AppleWebKit/537.36 (KHTML, like Gecko) Chrome/150.0.0.0 Safari/537.36"
2026-07-25 20:56:32 [http]: ::1 - - [25/Jul/2026:15:26:32 +0000] "GET /api/profile HTTP/1.1" 304 - "-" "Mozilla/5.0 (Windows NT 10.0; Win64; x64) AppleWebKit/537.36 (KHTML, like Gecko) Chrome/150.0.0.0 Safari/537.36"
2026-07-25 20:57:36 [http]: ::1 - - [25/Jul/2026:15:27:36 +0000] "PATCH /api/profile HTTP/1.1" 200 - "-" "Mozilla/5.0 (Windows NT 10.0; Win64; x64) AppleWebKit/537.36 (KHTML, like Gecko) Chrome/150.0.0.0 Safari/537.36"
2026-07-25 20:57:40 [http]: ::1 - - [25/Jul/2026:15:27:40 +0000] "GET /api/profile HTTP/1.1" 200 - "-" "Mozilla/5.0 (Windows NT 10.0; Win64; x64) AppleWebKit/537.36 (KHTML, like Gecko) Chrome/150.0.0.0 Safari/537.36"
2026-07-25 20:57:40 [http]: ::1 - - [25/Jul/2026:15:27:40 +0000] "GET /api/documents HTTP/1.1" 304 - "-" "Mozilla/5.0 (Windows NT 10.0; Win64; x64) AppleWebKit/537.36 (KHTML, like Gecko) Chrome/150.0.0.0 Safari/537.36"
2026-07-25 20:57:51 [http]: ::1 - - [25/Jul/2026:15:27:51 +0000] "GET /api/profile HTTP/1.1" 304 - "-" "Mozilla/5.0 (Windows NT 10.0; Win64; x64) AppleWebKit/537.36 (KHTML, like Gecko) Chrome/150.0.0.0 Safari/537.36"
2026-07-25 20:57:51 [http]: ::1 - - [25/Jul/2026:15:27:51 +0000] "GET /api/documents HTTP/1.1" 304 - "-" "Mozilla/5.0 (Windows NT 10.0; Win64; x64) AppleWebKit/537.36 (KHTML, like Gecko) Chrome/150.0.0.0 Safari/537.36"
2026-07-25 20:57:57 [http]: ::1 - - [25/Jul/2026:15:27:57 +0000] "GET /api/documents/6a646a260d50406e8e4c96b1/view?token=eyJhbGciOiJIUzI1NiIsInR5cCI6IkpXVCJ9.eyJkZXZpY2VJZCI6IjZhNjQ2NzI0MWQ0ZDdkNWU5MzNjMTg5OSIsImlhdCI6MTc4NDk5MzE1MywiZXhwIjo0OTM4NTkzMTUzfQ.vJo6jcq5N8aKDKxBJmIzMLQiljKOkL6sSNRBM0NTi6c HTTP/1.1" 200 164636 "-" "Mozilla/5.0 (Windows NT 10.0; Win64; x64) AppleWebKit/537.36 (KHTML, like Gecko) Chrome/150.0.0.0 Safari/537.36"
2026-07-25 20:59:00 [http]: ::1 - - [25/Jul/2026:15:29:00 +0000] "PATCH /api/profile HTTP/1.1" 200 - "-" "Mozilla/5.0 (Windows NT 10.0; Win64; x64) AppleWebKit/537.36 (KHTML, like Gecko) Chrome/150.0.0.0 Safari/537.36"
2026-07-25 20:59:33 [http]: ::1 - - [25/Jul/2026:15:29:33 +0000] "PATCH /api/profile HTTP/1.1" 200 - "-" "Mozilla/5.0 (Windows NT 10.0; Win64; x64) AppleWebKit/537.36 (KHTML, like Gecko) Chrome/150.0.0.0 Safari/537.36"
2026-07-25 20:59:46 [http]: ::1 - - [25/Jul/2026:15:29:46 +0000] "PATCH /api/profile HTTP/1.1" 200 - "-" "Mozilla/5.0 (Windows NT 10.0; Win64; x64) AppleWebKit/537.36 (KHTML, like Gecko) Chrome/150.0.0.0 Safari/537.36"
2026-07-25 20:59:48 [http]: ::1 - - [25/Jul/2026:15:29:48 +0000] "GET /api/profile HTTP/1.1" 200 - "-" "Mozilla/5.0 (Windows NT 10.0; Win64; x64) AppleWebKit/537.36 (KHTML, like Gecko) Chrome/150.0.0.0 Safari/537.36"
2026-07-25 20:59:48 [http]: ::1 - - [25/Jul/2026:15:29:48 +0000] "GET /api/documents HTTP/1.1" 304 - "-" "Mozilla/5.0 (Windows NT 10.0; Win64; x64) AppleWebKit/537.36 (KHTML, like Gecko) Chrome/150.0.0.0 Safari/537.36"
2026-07-25 21:00:09 [http]: ::1 - - [25/Jul/2026:15:30:09 +0000] "GET /api/profile HTTP/1.1" 304 - "-" "Mozilla/5.0 (Windows NT 10.0; Win64; x64) AppleWebKit/537.36 (KHTML, like Gecko) Chrome/150.0.0.0 Safari/537.36"
2026-07-25 21:00:09 [http]: ::1 - - [25/Jul/2026:15:30:09 +0000] "GET /api/documents HTTP/1.1" 304 - "-" "Mozilla/5.0 (Windows NT 10.0; Win64; x64) AppleWebKit/537.36 (KHTML, like Gecko) Chrome/150.0.0.0 Safari/537.36"
2026-07-25 21:00:12 [http]: ::1 - - [25/Jul/2026:15:30:12 +0000] "PATCH /api/profile HTTP/1.1" 200 - "-" "Mozilla/5.0 (Windows NT 10.0; Win64; x64) AppleWebKit/537.36 (KHTML, like Gecko) Chrome/150.0.0.0 Safari/537.36"
2026-07-25 21:00:14 [http]: ::1 - - [25/Jul/2026:15:30:14 +0000] "GET /api/profile HTTP/1.1" 200 - "-" "Mozilla/5.0 (Windows NT 10.0; Win64; x64) AppleWebKit/537.36 (KHTML, like Gecko) Chrome/150.0.0.0 Safari/537.36"
2026-07-25 21:00:14 [http]: ::1 - - [25/Jul/2026:15:30:14 +0000] "GET /api/documents HTTP/1.1" 304 - "-" "Mozilla/5.0 (Windows NT 10.0; Win64; x64) AppleWebKit/537.36 (KHTML, like Gecko) Chrome/150.0.0.0 Safari/537.36"
2026-07-25 21:00:18 [http]: ::1 - - [25/Jul/2026:15:30:18 +0000] "GET /api/profile HTTP/1.1" 304 - "-" "Mozilla/5.0 (Windows NT 10.0; Win64; x64) AppleWebKit/537.36 (KHTML, like Gecko) Chrome/150.0.0.0 Safari/537.36"
2026-07-25 21:00:18 [http]: ::1 - - [25/Jul/2026:15:30:18 +0000] "GET /api/documents HTTP/1.1" 304 - "-" "Mozilla/5.0 (Windows NT 10.0; Win64; x64) AppleWebKit/537.36 (KHTML, like Gecko) Chrome/150.0.0.0 Safari/537.36"
2026-07-25 21:00:48 [http]: ::1 - - [25/Jul/2026:15:30:48 +0000] "PATCH /api/profile HTTP/1.1" 200 - "-" "Mozilla/5.0 (Windows NT 10.0; Win64; x64) AppleWebKit/537.36 (KHTML, like Gecko) Chrome/150.0.0.0 Safari/537.36"
2026-07-25 21:00:56 [http]: ::1 - - [25/Jul/2026:15:30:56 +0000] "GET /api/profile HTTP/1.1" 200 - "-" "Mozilla/5.0 (Windows NT 10.0; Win64; x64) AppleWebKit/537.36 (KHTML, like Gecko) Chrome/150.0.0.0 Safari/537.36"
2026-07-25 21:00:56 [http]: ::1 - - [25/Jul/2026:15:30:56 +0000] "GET /api/documents HTTP/1.1" 304 - "-" "Mozilla/5.0 (Windows NT 10.0; Win64; x64) AppleWebKit/537.36 (KHTML, like Gecko) Chrome/150.0.0.0 Safari/537.36"
2026-07-25 21:01:06 [http]: ::1 - - [25/Jul/2026:15:31:06 +0000] "GET /api/profile HTTP/1.1" 304 - "-" "Mozilla/5.0 (Windows NT 10.0; Win64; x64) AppleWebKit/537.36 (KHTML, like Gecko) Chrome/150.0.0.0 Safari/537.36"
2026-07-25 21:01:08 [http]: ::1 - - [25/Jul/2026:15:31:08 +0000] "GET /api/profile HTTP/1.1" 304 - "-" "Mozilla/5.0 (Windows NT 10.0; Win64; x64) AppleWebKit/537.36 (KHTML, like Gecko) Chrome/150.0.0.0 Safari/537.36"
2026-07-25 21:01:08 [http]: ::1 - - [25/Jul/2026:15:31:08 +0000] "GET /api/documents HTTP/1.1" 304 - "-" "Mozilla/5.0 (Windows NT 10.0; Win64; x64) AppleWebKit/537.36 (KHTML, like Gecko) Chrome/150.0.0.0 Safari/537.36"
2026-07-25 21:01:22 [http]: ::1 - - [25/Jul/2026:15:31:22 +0000] "GET /api/autofill/mappings HTTP/1.1" 200 - "-" "Mozilla/5.0 (Windows NT 10.0; Win64; x64) AppleWebKit/537.36 (KHTML, like Gecko) Chrome/150.0.0.0 Safari/537.36"
2026-07-25 21:01:31 [http]: ::1 - - [25/Jul/2026:15:31:31 +0000] "GET /api/profile HTTP/1.1" 304 - "-" "Mozilla/5.0 (Windows NT 10.0; Win64; x64) AppleWebKit/537.36 (KHTML, like Gecko) Chrome/150.0.0.0 Safari/537.36"
2026-07-25 21:01:51 [debug]: Batching 4 fields for AI classification...
2026-07-25 21:01:51 [debug]: AI cache hit for fingerprint: fb88ae87...
2026-07-25 21:01:51 [debug]: AI cache hit for fingerprint: 6726c9d4...
2026-07-25 21:01:51 [debug]: AI cache hit for fingerprint: c1d2b1a6...
2026-07-25 21:01:51 [debug]: AI cache hit for fingerprint: bc606236...
2026-07-25 21:01:51 [http]: ::1 - - [25/Jul/2026:15:31:51 +0000] "POST /api/autofill/suggest HTTP/1.1" 200 - "-" "Mozilla/5.0 (Windows NT 10.0; Win64; x64) AppleWebKit/537.36 (KHTML, like Gecko) Chrome/150.0.0.0 Safari/537.36"
2026-07-25 23:37:55 [info]: ✅ MongoDB connected: ac-b1tchrv-shard-00-01.r0rqul9.mongodb.net
2026-07-25 23:37:55 [info]: 🚀 Server running on http://localhost:3001
2026-07-25 23:37:55 [info]: 📁 Uploads: C:\Users\yasht\OneDrive\Desktop\oneTap\server\uploads
2026-07-25 23:38:17 [http]: ::1 - - [25/Jul/2026:18:08:17 +0000] "GET /api/profile HTTP/1.1" 304 - "-" "Mozilla/5.0 (Windows NT 10.0; Win64; x64) AppleWebKit/537.36 (KHTML, like Gecko) Chrome/150.0.0.0 Safari/537.36"
2026-07-25 23:38:18 [http]: ::1 - - [25/Jul/2026:18:08:18 +0000] "GET /api/documents HTTP/1.1" 304 - "-" "Mozilla/5.0 (Windows NT 10.0; Win64; x64) AppleWebKit/537.36 (KHTML, like Gecko) Chrome/150.0.0.0 Safari/537.36"
2026-07-25 23:38:30 [http]: ::1 - - [25/Jul/2026:18:08:30 +0000] "GET /api/profile HTTP/1.1" 304 - "-" "Mozilla/5.0 (Windows NT 10.0; Win64; x64) AppleWebKit/537.36 (KHTML, like Gecko) Chrome/150.0.0.0 Safari/537.36"
2026-07-25 23:38:31 [http]: ::1 - - [25/Jul/2026:18:08:31 +0000] "GET /api/documents HTTP/1.1" 304 - "-" "Mozilla/5.0 (Windows NT 10.0; Win64; x64) AppleWebKit/537.36 (KHTML, like Gecko) Chrome/150.0.0.0 Safari/537.36"
2026-07-25 23:40:13 [http]: ::1 - - [25/Jul/2026:18:10:13 +0000] "GET /api/profile HTTP/1.1" 304 - "-" "Mozilla/5.0 (Windows NT 10.0; Win64; x64) AppleWebKit/537.36 (KHTML, like Gecko) Chrome/150.0.0.0 Safari/537.36"
2026-07-25 23:40:14 [http]: ::1 - - [25/Jul/2026:18:10:14 +0000] "GET /api/documents HTTP/1.1" 304 - "-" "Mozilla/5.0 (Windows NT 10.0; Win64; x64) AppleWebKit/537.36 (KHTML, like Gecko) Chrome/150.0.0.0 Safari/537.36"
2026-07-25 23:41:46 [info]: ✅ MongoDB connected: ac-b1tchrv-shard-00-01.r0rqul9.mongodb.net
2026-07-25 23:41:46 [info]: 🚀 Server running on http://localhost:3001
2026-07-25 23:41:46 [info]: 📁 Uploads: C:\Users\yasht\OneDrive\Desktop\oneTap\server\uploads
2026-07-25 23:43:34 [http]: ::1 - - [25/Jul/2026:18:13:34 +0000] "GET /api/profile HTTP/1.1" 200 - "-" "Mozilla/5.0 (Windows NT 10.0; Win64; x64) AppleWebKit/537.36 (KHTML, like Gecko) Chrome/150.0.0.0 Safari/537.36"
2026-07-25 23:43:34 [http]: ::1 - - [25/Jul/2026:18:13:34 +0000] "GET /api/documents HTTP/1.1" 304 - "-" "Mozilla/5.0 (Windows NT 10.0; Win64; x64) AppleWebKit/537.36 (KHTML, like Gecko) Chrome/150.0.0.0 Safari/537.36"
2026-07-25 23:43:38 [http]: ::1 - - [25/Jul/2026:18:13:38 +0000] "GET /api/profile HTTP/1.1" 304 - "-" "Mozilla/5.0 (Windows NT 10.0; Win64; x64) AppleWebKit/537.36 (KHTML, like Gecko) Chrome/150.0.0.0 Safari/537.36"
2026-07-25 23:46:25 [http]: ::1 - - [25/Jul/2026:18:16:25 +0000] "PATCH /api/profile HTTP/1.1" 200 - "-" "Mozilla/5.0 (Windows NT 10.0; Win64; x64) AppleWebKit/537.36 (KHTML, like Gecko) Chrome/150.0.0.0 Safari/537.36"
2026-07-25 23:46:32 [http]: ::1 - - [25/Jul/2026:18:16:32 +0000] "GET /api/profile HTTP/1.1" 200 - "-" "Mozilla/5.0 (Windows NT 10.0; Win64; x64) AppleWebKit/537.36 (KHTML, like Gecko) Chrome/150.0.0.0 Safari/537.36"
2026-07-25 23:48:22 [debug]: Batching 4 fields for AI classification...
2026-07-25 23:48:30 [debug]: AI classified field "Job Description" → workExperience.0.description (0.95)
2026-07-25 23:48:30 [debug]: AI classified field "Credit Card Number" → null (0.9)
2026-07-25 23:48:30 [debug]: AI classified field "CCV" → null (0.9)
2026-07-25 23:48:30 [debug]: AI classified field "Blood Group" → customFields.Blood Group (0.95)
2026-07-25 23:48:30 [http]: ::1 - - [25/Jul/2026:18:18:30 +0000] "POST /api/autofill/suggest HTTP/1.1" 200 - "-" "Mozilla/5.0 (Windows NT 10.0; Win64; x64) AppleWebKit/537.36 (KHTML, like Gecko) Chrome/150.0.0.0 Safari/537.36"
2026-07-25 23:51:27 [info]: ✅ MongoDB connected: ac-b1tchrv-shard-00-00.r0rqul9.mongodb.net
2026-07-25 23:51:27 [info]: 🚀 Server running on http://localhost:3001
2026-07-25 23:51:27 [info]: 📁 Uploads: C:\Users\yasht\OneDrive\Desktop\oneTap\server\uploads
2026-07-26 15:32:04 [info]: ✅ MongoDB connected: ac-b1tchrv-shard-00-01.r0rqul9.mongodb.net
2026-07-26 15:32:04 [info]: 🚀 Server running on http://localhost:3001
2026-07-26 15:32:04 [info]: 📁 Uploads: C:\Users\yasht\OneDrive\Desktop\oneTap\server\uploads
2026-07-26 15:41:49 [http]: ::1 - - [26/Jul/2026:10:11:49 +0000] "POST /api/ai/ask HTTP/1.1" 200 200 "-" "Mozilla/5.0 (Windows NT 10.0; Win64; x64) AppleWebKit/537.36 (KHTML, like Gecko) Chrome/150.0.0.0 Safari/537.36"
2026-07-26 15:43:18 [http]: ::1 - - [26/Jul/2026:10:13:18 +0000] "POST /api/ai/ask HTTP/1.1" 200 44 "-" "Mozilla/5.0 (Windows NT 10.0; Win64; x64) AppleWebKit/537.36 (KHTML, like Gecko) Chrome/150.0.0.0 Safari/537.36"
2026-07-26 15:43:57 [http]: ::1 - - [26/Jul/2026:10:13:57 +0000] "POST /api/ai/ask HTTP/1.1" 200 38 "-" "Mozilla/5.0 (Windows NT 10.0; Win64; x64) AppleWebKit/537.36 (KHTML, like Gecko) Chrome/150.0.0.0 Safari/537.36"
2026-07-26 15:44:25 [http]: ::1 - - [26/Jul/2026:10:14:25 +0000] "GET /api/profile HTTP/1.1" 304 - "-" "Mozilla/5.0 (Windows NT 10.0; Win64; x64) AppleWebKit/537.36 (KHTML, like Gecko) Chrome/150.0.0.0 Safari/537.36"
2026-07-26 15:44:25 [http]: ::1 - - [26/Jul/2026:10:14:25 +0000] "GET /api/documents HTTP/1.1" 304 - "-" "Mozilla/5.0 (Windows NT 10.0; Win64; x64) AppleWebKit/537.36 (KHTML, like Gecko) Chrome/150.0.0.0 Safari/537.36"
2026-07-26 15:49:35 [http]: ::1 - - [26/Jul/2026:10:19:35 +0000] "POST /api/ai/ask HTTP/1.1" 200 263 "-" "Mozilla/5.0 (Windows NT 10.0; Win64; x64) AppleWebKit/537.36 (KHTML, like Gecko) Chrome/150.0.0.0 Safari/537.36"
2026-07-26 15:51:40 [http]: ::1 - - [26/Jul/2026:10:21:40 +0000] "POST /api/ai/ask HTTP/1.1" 200 827 "-" "Mozilla/5.0 (Windows NT 10.0; Win64; x64) AppleWebKit/537.36 (KHTML, like Gecko) Chrome/150.0.0.0 Safari/537.36"
2026-07-26 15:51:41 [http]: ::1 - - [26/Jul/2026:10:21:41 +0000] "POST /api/ai/ask HTTP/1.1" 200 132 "-" "Mozilla/5.0 (Windows NT 10.0; Win64; x64) AppleWebKit/537.36 (KHTML, like Gecko) Chrome/150.0.0.0 Safari/537.36"
2026-07-26 15:52:10 [http]: ::1 - - [26/Jul/2026:10:22:10 +0000] "POST /api/ai/ask HTTP/1.1" 200 48 "-" "Mozilla/5.0 (Windows NT 10.0; Win64; x64) AppleWebKit/537.36 (KHTML, like Gecko) Chrome/150.0.0.0 Safari/537.36"
2026-07-26 16:55:28 [info]: ✅ MongoDB connected: ac-b1tchrv-shard-00-01.r0rqul9.mongodb.net
2026-07-26 16:55:28 [info]: 🚀 Server running on http://localhost:3001
2026-07-26 16:55:28 [info]: 📁 Uploads: C:\Users\yasht\OneDrive\Desktop\oneTap\server\uploads
2026-07-26 16:56:43 [http]: ::1 - - [26/Jul/2026:11:26:43 +0000] "GET /api/profile HTTP/1.1" 304 - "-" "Mozilla/5.0 (Windows NT 10.0; Win64; x64) AppleWebKit/537.36 (KHTML, like Gecko) Chrome/150.0.0.0 Safari/537.36"
2026-07-26 16:56:43 [http]: ::1 - - [26/Jul/2026:11:26:43 +0000] "GET /api/documents HTTP/1.1" 304 - "-" "Mozilla/5.0 (Windows NT 10.0; Win64; x64) AppleWebKit/537.36 (KHTML, like Gecko) Chrome/150.0.0.0 Safari/537.36"
2026-07-26 17:02:38 [http]: ::1 - - [26/Jul/2026:11:32:38 +0000] "GET /api/profile HTTP/1.1" 304 - "-" "Mozilla/5.0 (Windows NT 10.0; Win64; x64) AppleWebKit/537.36 (KHTML, like Gecko) Chrome/150.0.0.0 Safari/537.36"
2026-07-26 17:02:38 [http]: ::1 - - [26/Jul/2026:11:32:38 +0000] "GET /api/documents HTTP/1.1" 304 - "-" "Mozilla/5.0 (Windows NT 10.0; Win64; x64) AppleWebKit/537.36 (KHTML, like Gecko) Chrome/150.0.0.0 Safari/537.36"
2026-07-26 17:04:26 [http]: ::1 - - [26/Jul/2026:11:34:26 +0000] "POST /api/ai/ask HTTP/1.1" 200 124 "-" "Mozilla/5.0 (Windows NT 10.0; Win64; x64) AppleWebKit/537.36 (KHTML, like Gecko) Chrome/150.0.0.0 Safari/537.36"
2026-07-26 17:23:08 [http]: ::1 - - [26/Jul/2026:11:53:08 +0000] "POST /api/ai/ask HTTP/1.1" 200 - "-" "Mozilla/5.0 (Windows NT 10.0; Win64; x64) AppleWebKit/537.36 (KHTML, like Gecko) Chrome/150.0.0.0 Safari/537.36"
2026-07-26 17:23:52 [http]: ::1 - - [26/Jul/2026:11:53:52 +0000] "POST /api/ai/ask HTTP/1.1" 200 39 "-" "Mozilla/5.0 (Windows NT 10.0; Win64; x64) AppleWebKit/537.36 (KHTML, like Gecko) Chrome/150.0.0.0 Safari/537.36"
2026-07-26 17:24:15 [http]: ::1 - - [26/Jul/2026:11:54:15 +0000] "POST /api/ai/ask HTTP/1.1" 200 137 "-" "Mozilla/5.0 (Windows NT 10.0; Win64; x64) AppleWebKit/537.36 (KHTML, like Gecko) Chrome/150.0.0.0 Safari/537.36"
2026-07-26 17:25:52 [http]: ::1 - - [26/Jul/2026:11:55:52 +0000] "POST /api/ai/ask HTTP/1.1" 200 38 "-" "Mozilla/5.0 (Windows NT 10.0; Win64; x64) AppleWebKit/537.36 (KHTML, like Gecko) Chrome/150.0.0.0 Safari/537.36"
2026-07-26 17:26:18 [http]: ::1 - - [26/Jul/2026:11:56:18 +0000] "POST /api/ai/ask HTTP/1.1" 200 46 "-" "Mozilla/5.0 (Windows NT 10.0; Win64; x64) AppleWebKit/537.36 (KHTML, like Gecko) Chrome/150.0.0.0 Safari/537.36"
2026-07-26 17:43:21 [warn]: MongoDB disconnected
2026-07-26 17:43:22 [http]: ::1 - - [26/Jul/2026:12:13:22 +0000] "GET /api/profile HTTP/1.1" 304 - "-" "Mozilla/5.0 (Windows NT 10.0; Win64; x64) AppleWebKit/537.36 (KHTML, like Gecko) Chrome/150.0.0.0 Safari/537.36"
2026-07-26 17:46:40 [http]: ::1 - - [26/Jul/2026:12:16:40 +0000] "POST /api/ai/ask HTTP/1.1" 200 - "-" "Mozilla/5.0 (Windows NT 10.0; Win64; x64) AppleWebKit/537.36 (KHTML, like Gecko) Chrome/150.0.0.0 Safari/537.36"
2026-07-26 17:49:32 [http]: ::1 - - [26/Jul/2026:12:19:32 +0000] "POST /api/ai/ask HTTP/1.1" 200 253 "-" "Mozilla/5.0 (Windows NT 10.0; Win64; x64) AppleWebKit/537.36 (KHTML, like Gecko) Chrome/150.0.0.0 Safari/537.36"
2026-07-26 17:50:20 [debug]: Batching 19 fields for AI classification...
2026-07-26 17:51:38 [debug]: AI classified field "Title" → null (0.5)
2026-07-26 17:51:38 [debug]: AI classified field "Middle Initial" → middleName (0.9)
2026-07-26 17:51:38 [debug]: AI classified field "Company" → workExperience.0.company (0.9)
2026-07-26 17:51:38 [debug]: AI classified field "Position" → workExperience.0.jobTitle (0.9)
2026-07-26 17:51:38 [debug]: AI classified field "User ID" → null (0.5)
2026-07-26 17:51:38 [debug]: AI classified field "Password" → null (0.5)
2026-07-26 17:51:38 [debug]: AI classified field "Credit Card Type" → null (0.5)
2026-07-26 17:51:38 [debug]: AI classified field "Credit Card Number" → null (0.5)
2026-07-26 17:51:38 [debug]: AI classified field "Card Verification Code" → null (0.5)
2026-07-26 17:51:38 [debug]: AI classified field "Card Expiration Date" → null (0.5)
2026-07-26 17:51:38 [debug]: AI classified field "Card Expiration Date" → null (0.5)
2026-07-26 17:51:38 [debug]: AI classified field "Card User Name" → fullName (0.8)
2026-07-26 17:51:38 [debug]: AI classified field "Card Issuing Bank" → null (0.5)
2026-07-26 17:51:38 [debug]: AI classified field "Social Security Number" → null (0.5)
2026-07-26 17:51:38 [debug]: AI classified field "Age" → null (0.5)
2026-07-26 17:51:38 [debug]: AI classified field "Birth Place" → null (0.5)
2026-07-26 17:51:38 [debug]: AI classified field "Income" → expectedSalary (0.9)
2026-07-26 17:51:38 [debug]: AI classified field "Custom Message" → null (0.5)
2026-07-26 17:51:38 [debug]: AI classified field "Comments" → null (0.5)
2026-07-26 17:51:38 [http]: ::1 - - [26/Jul/2026:12:21:38 +0000] "POST /api/autofill/suggest HTTP/1.1" 200 - "-" "Mozilla/5.0 (Windows NT 10.0; Win64; x64) AppleWebKit/537.36 (KHTML, like Gecko) Chrome/150.0.0.0 Safari/537.36"
2026-07-26 17:54:05 [http]: ::1 - - [26/Jul/2026:12:24:05 +0000] "POST /api/submissions HTTP/1.1" 201 100 "-" "Mozilla/5.0 (Windows NT 10.0; Win64; x64) AppleWebKit/537.36 (KHTML, like Gecko) Chrome/150.0.0.0 Safari/537.36"
2026-07-26 17:57:22 [debug]: Batching 19 fields for AI classification...
2026-07-26 17:57:22 [debug]: AI cache hit for fingerprint: 866fda58...
2026-07-26 17:57:22 [debug]: AI cache hit for fingerprint: 0e0ab495...
2026-07-26 17:57:22 [debug]: AI cache hit for fingerprint: 684aa9dc...
2026-07-26 17:57:22 [debug]: AI cache hit for fingerprint: 9080cb48...
2026-07-26 17:57:22 [debug]: AI cache hit for fingerprint: 79ec8054...
2026-07-26 17:57:22 [debug]: AI cache hit for fingerprint: 913fdce8...
2026-07-26 17:57:22 [debug]: AI cache hit for fingerprint: 75c0be75...
2026-07-26 17:57:22 [debug]: AI cache hit for fingerprint: e1475d0b...
2026-07-26 17:57:22 [debug]: AI cache hit for fingerprint: 45107419...
2026-07-26 17:57:22 [debug]: AI cache hit for fingerprint: 9a689c0e...
2026-07-26 17:57:22 [debug]: AI cache hit for fingerprint: 8270a3d3...
2026-07-26 17:57:22 [debug]: AI cache hit for fingerprint: fd2cfe06...
2026-07-26 17:57:22 [debug]: AI cache hit for fingerprint: 1bfec0db...
2026-07-26 17:57:22 [debug]: AI cache hit for fingerprint: 8a335cf0...
2026-07-26 17:57:22 [debug]: AI cache hit for fingerprint: 699f6491...
2026-07-26 17:57:22 [debug]: AI cache hit for fingerprint: 1f3d3c84...
2026-07-26 17:57:22 [debug]: AI cache hit for fingerprint: 1449d84f...
2026-07-26 17:57:22 [debug]: AI cache hit for fingerprint: ccca95b1...
2026-07-26 17:57:22 [debug]: AI cache hit for fingerprint: 8977c5ff...
2026-07-26 17:57:22 [http]: ::1 - - [26/Jul/2026:12:27:22 +0000] "POST /api/autofill/suggest HTTP/1.1" 200 - "-" "Mozilla/5.0 (Windows NT 10.0; Win64; x64) AppleWebKit/537.36 (KHTML, like Gecko) Chrome/150.0.0.0 Safari/537.36"
2026-07-26 17:57:50 [debug]: Batching 19 fields for AI classification...
2026-07-26 17:57:50 [debug]: AI cache hit for fingerprint: 866fda58...
2026-07-26 17:57:50 [debug]: AI cache hit for fingerprint: 0e0ab495...
2026-07-26 17:57:50 [debug]: AI cache hit for fingerprint: 684aa9dc...
2026-07-26 17:57:50 [debug]: AI cache hit for fingerprint: 9080cb48...
2026-07-26 17:57:50 [debug]: AI cache hit for fingerprint: 79ec8054...
2026-07-26 17:57:50 [debug]: AI cache hit for fingerprint: 913fdce8...
2026-07-26 17:57:50 [debug]: AI cache hit for fingerprint: 75c0be75...
2026-07-26 17:57:50 [debug]: AI cache hit for fingerprint: e1475d0b...
2026-07-26 17:57:50 [debug]: AI cache hit for fingerprint: 45107419...
2026-07-26 17:57:50 [debug]: AI cache hit for fingerprint: 9a689c0e...
2026-07-26 17:57:50 [debug]: AI cache hit for fingerprint: 8270a3d3...
2026-07-26 17:57:50 [debug]: AI cache hit for fingerprint: fd2cfe06...
2026-07-26 17:57:50 [debug]: AI cache hit for fingerprint: 1bfec0db...
2026-07-26 17:57:50 [debug]: AI cache hit for fingerprint: 8a335cf0...
2026-07-26 17:57:50 [debug]: AI cache hit for fingerprint: 699f6491...
2026-07-26 17:57:50 [debug]: AI cache hit for fingerprint: 1f3d3c84...
2026-07-26 17:57:50 [debug]: AI cache hit for fingerprint: 1449d84f...
2026-07-26 17:57:50 [debug]: AI cache hit for fingerprint: ccca95b1...
2026-07-26 17:57:50 [debug]: AI cache hit for fingerprint: 8977c5ff...
2026-07-26 17:57:50 [http]: ::1 - - [26/Jul/2026:12:27:50 +0000] "POST /api/autofill/suggest HTTP/1.1" 200 - "-" "Mozilla/5.0 (Windows NT 10.0; Win64; x64) AppleWebKit/537.36 (KHTML, like Gecko) Chrome/150.0.0.0 Safari/537.36"
2026-07-26 18:01:51 [debug]: Batching 19 fields for AI classification...
2026-07-26 18:01:51 [debug]: AI cache hit for fingerprint: 866fda58...
2026-07-26 18:01:51 [debug]: AI cache hit for fingerprint: 0e0ab495...
2026-07-26 18:01:51 [debug]: AI cache hit for fingerprint: 684aa9dc...
2026-07-26 18:01:51 [debug]: AI cache hit for fingerprint: 9080cb48...
2026-07-26 18:01:51 [debug]: AI cache hit for fingerprint: 79ec8054...
2026-07-26 18:01:51 [debug]: AI cache hit for fingerprint: 913fdce8...
2026-07-26 18:01:51 [debug]: AI cache hit for fingerprint: 75c0be75...
2026-07-26 18:01:51 [debug]: AI cache hit for fingerprint: e1475d0b...
2026-07-26 18:01:51 [debug]: AI cache hit for fingerprint: 45107419...
2026-07-26 18:01:51 [debug]: AI cache hit for fingerprint: 9a689c0e...
2026-07-26 18:01:51 [debug]: AI cache hit for fingerprint: 8270a3d3...
2026-07-26 18:01:51 [debug]: AI cache hit for fingerprint: fd2cfe06...
2026-07-26 18:01:51 [debug]: AI cache hit for fingerprint: 1bfec0db...
2026-07-26 18:01:51 [debug]: AI cache hit for fingerprint: 8a335cf0...
2026-07-26 18:01:51 [debug]: AI cache hit for fingerprint: 699f6491...
2026-07-26 18:01:51 [debug]: AI cache hit for fingerprint: 1f3d3c84...
2026-07-26 18:01:51 [debug]: AI cache hit for fingerprint: 1449d84f...
2026-07-26 18:01:51 [debug]: AI cache hit for fingerprint: ccca95b1...
2026-07-26 18:01:51 [debug]: AI cache hit for fingerprint: 8977c5ff...
2026-07-26 18:01:51 [http]: ::1 - - [26/Jul/2026:12:31:51 +0000] "POST /api/autofill/suggest HTTP/1.1" 200 - "-" "Mozilla/5.0 (Windows NT 10.0; Win64; x64) AppleWebKit/537.36 (KHTML, like Gecko) Chrome/150.0.0.0 Safari/537.36"
2026-07-30 16:45:23 [info]: ✅ MongoDB connected: ac-b1tchrv-shard-00-01.r0rqul9.mongodb.net
2026-07-30 16:45:23 [info]: 🚀 Server running on http://localhost:3001
2026-07-30 16:45:23 [info]: 📁 Uploads: C:\Users\yasht\OneDrive\Desktop\oneTap\server\uploads
2026-07-30 16:56:37 [http]: ::1 - - [30/Jul/2026:11:26:37 +0000] "GET /api/profile HTTP/1.1" 401 36 "-" "Mozilla/5.0 (Windows NT 10.0; Win64; x64) AppleWebKit/537.36 (KHTML, like Gecko) Chrome/150.0.0.0 Safari/537.36"
2026-07-30 16:56:49 [http]: ::1 - - [30/Jul/2026:11:26:49 +0000] "POST /api/auth/login HTTP/1.1" 200 232 "-" "Mozilla/5.0 (Windows NT 10.0; Win64; x64) AppleWebKit/537.36 (KHTML, like Gecko) Chrome/150.0.0.0 Safari/537.36"
2026-07-30 16:56:49 [http]: ::1 - - [30/Jul/2026:11:26:49 +0000] "GET /api/profile HTTP/1.1" 200 311 "-" "Mozilla/5.0 (Windows NT 10.0; Win64; x64) AppleWebKit/537.36 (KHTML, like Gecko) Chrome/150.0.0.0 Safari/537.36"
2026-07-30 16:56:49 [http]: ::1 - - [30/Jul/2026:11:26:49 +0000] "GET /api/documents HTTP/1.1" 200 31 "-" "Mozilla/5.0 (Windows NT 10.0; Win64; x64) AppleWebKit/537.36 (KHTML, like Gecko) Chrome/150.0.0.0 Safari/537.36"
2026-07-30 16:56:53 [http]: ::1 - - [30/Jul/2026:11:26:53 +0000] "GET /api/profile HTTP/1.1" 304 - "-" "Mozilla/5.0 (Windows NT 10.0; Win64; x64) AppleWebKit/537.36 (KHTML, like Gecko) Chrome/150.0.0.0 Safari/537.36"
2026-07-30 16:57:01 [http]: ::1 - - [30/Jul/2026:11:27:01 +0000] "PATCH /api/profile HTTP/1.1" 200 - "-" "Mozilla/5.0 (Windows NT 10.0; Win64; x64) AppleWebKit/537.36 (KHTML, like Gecko) Chrome/150.0.0.0 Safari/537.36"
2026-07-30 16:57:04 [http]: ::1 - - [30/Jul/2026:11:27:04 +0000] "GET /api/profile HTTP/1.1" 200 - "-" "Mozilla/5.0 (Windows NT 10.0; Win64; x64) AppleWebKit/537.36 (KHTML, like Gecko) Chrome/150.0.0.0 Safari/537.36"
2026-07-30 16:59:24 [http]: ::1 - - [30/Jul/2026:11:29:24 +0000] "PATCH /api/profile HTTP/1.1" 200 - "-" "Mozilla/5.0 (Windows NT 10.0; Win64; x64) AppleWebKit/537.36 (KHTML, like Gecko) Chrome/150.0.0.0 Safari/537.36"
2026-07-30 17:04:30 [info]: ✅ MongoDB connected: ac-b1tchrv-shard-00-02.r0rqul9.mongodb.net
2026-07-30 17:04:30 [info]: 🚀 Server running on http://localhost:3001
2026-07-30 17:04:30 [info]: 📁 Uploads: C:\Users\yasht\OneDrive\Desktop\oneTap\server\uploads
2026-07-30 17:12:21 [info]: ✅ MongoDB connected: ac-b1tchrv-shard-00-01.r0rqul9.mongodb.net
2026-07-30 17:12:22 [info]: 🚀 Server running on http://localhost:3001
2026-07-30 17:12:22 [info]: 📁 Uploads: C:\Users\yasht\OneDrive\Desktop\oneTap\server\uploads
2026-07-30 17:13:20 [info]: ✅ MongoDB connected: ac-b1tchrv-shard-00-00.r0rqul9.mongodb.net
2026-07-30 17:13:20 [info]: 🚀 Server running on http://localhost:3001
2026-07-30 17:13:20 [info]: 📁 Uploads: C:\Users\yasht\OneDrive\Desktop\oneTap\server\uploads
2026-07-30 17:15:09 [http]: ::1 - - [30/Jul/2026:11:45:09 +0000] "GET /api/profile HTTP/1.1" 200 - "-" "Mozilla/5.0 (Windows NT 10.0; Win64; x64) AppleWebKit/537.36 (KHTML, like Gecko) Chrome/150.0.0.0 Safari/537.36"
2026-07-30 17:15:15 [http]: ::1 - - [30/Jul/2026:11:45:15 +0000] "GET /api/profile HTTP/1.1" 304 - "-" "Mozilla/5.0 (Windows NT 10.0; Win64; x64) AppleWebKit/537.36 (KHTML, like Gecko) Chrome/150.0.0.0 Safari/537.36"
2026-07-30 17:15:16 [http]: ::1 - - [30/Jul/2026:11:45:16 +0000] "GET /api/profile HTTP/1.1" 304 - "-" "Mozilla/5.0 (Windows NT 10.0; Win64; x64) AppleWebKit/537.36 (KHTML, like Gecko) Chrome/150.0.0.0 Safari/537.36"
2026-07-30 17:16:18 [http]: ::1 - - [30/Jul/2026:11:46:18 +0000] "GET /api/profile HTTP/1.1" 304 - "-" "Mozilla/5.0 (Windows NT 10.0; Win64; x64) AppleWebKit/537.36 (KHTML, like Gecko) Chrome/150.0.0.0 Safari/537.36"
2026-07-30 17:16:20 [http]: ::1 - - [30/Jul/2026:11:46:20 +0000] "GET /api/profile HTTP/1.1" 304 - "-" "Mozilla/5.0 (Windows NT 10.0; Win64; x64) AppleWebKit/537.36 (KHTML, like Gecko) Chrome/150.0.0.0 Safari/537.36"
2026-07-30 17:16:23 [http]: ::1 - - [30/Jul/2026:11:46:23 +0000] "GET /api/documents HTTP/1.1" 304 - "-" "Mozilla/5.0 (Windows NT 10.0; Win64; x64) AppleWebKit/537.36 (KHTML, like Gecko) Chrome/150.0.0.0 Safari/537.36"
2026-07-30 17:16:27 [http]: ::1 - - [30/Jul/2026:11:46:27 +0000] "GET /api/autofill/mappings HTTP/1.1" 200 30 "-" "Mozilla/5.0 (Windows NT 10.0; Win64; x64) AppleWebKit/537.36 (KHTML, like Gecko) Chrome/150.0.0.0 Safari/537.36"
2026-07-30 17:16:29 [http]: ::1 - - [30/Jul/2026:11:46:29 +0000] "GET /api/profile HTTP/1.1" 304 - "-" "Mozilla/5.0 (Windows NT 10.0; Win64; x64) AppleWebKit/537.36 (KHTML, like Gecko) Chrome/150.0.0.0 Safari/537.36"
2026-07-30 17:17:09 [info]: ✅ MongoDB connected: ac-b1tchrv-shard-00-01.r0rqul9.mongodb.net
2026-07-30 17:17:09 [info]: 🚀 Server running on http://localhost:3001
2026-07-30 17:17:09 [info]: 📁 Uploads: C:\Users\yasht\OneDrive\Desktop\oneTap\server\uploads
2026-07-30 17:17:13 [http]: ::1 - - [30/Jul/2026:11:47:13 +0000] "GET /api/profile HTTP/1.1" 304 - "-" "Mozilla/5.0 (Windows NT 10.0; Win64; x64) AppleWebKit/537.36 (KHTML, like Gecko) Chrome/150.0.0.0 Safari/537.36"
2026-07-30 17:17:37 [http]: ::1 - - [30/Jul/2026:11:47:37 +0000] "GET /api/profile HTTP/1.1" 304 - "-" "Mozilla/5.0 (Windows NT 10.0; Win64; x64) AppleWebKit/537.36 (KHTML, like Gecko) Chrome/150.0.0.0 Safari/537.36"
2026-07-30 17:17:38 [http]: ::1 - - [30/Jul/2026:11:47:38 +0000] "GET /api/profile HTTP/1.1" 304 - "-" "Mozilla/5.0 (Windows NT 10.0; Win64; x64) AppleWebKit/537.36 (KHTML, like Gecko) Chrome/150.0.0.0 Safari/537.36"
2026-07-30 17:18:23 [http]: ::1 - - [30/Jul/2026:11:48:23 +0000] "GET /api/profile HTTP/1.1" 304 - "-" "Mozilla/5.0 (Windows NT 10.0; Win64; x64) AppleWebKit/537.36 (KHTML, like Gecko) Chrome/150.0.0.0 Safari/537.36"
2026-07-30 17:18:25 [http]: ::1 - - [30/Jul/2026:11:48:25 +0000] "GET /api/profile HTTP/1.1" 304 - "-" "Mozilla/5.0 (Windows NT 10.0; Win64; x64) AppleWebKit/537.36 (KHTML, like Gecko) Chrome/150.0.0.0 Safari/537.36"
2026-07-30 17:21:58 [info]: ✅ MongoDB connected: ac-b1tchrv-shard-00-00.r0rqul9.mongodb.net
2026-07-30 17:21:58 [info]: 🚀 Server running on http://localhost:3001
2026-07-30 17:21:58 [info]: 📁 Uploads: C:\Users\yasht\OneDrive\Desktop\oneTap\server\uploads
2026-07-30 17:22:24 [info]: ✅ MongoDB connected: ac-b1tchrv-shard-00-01.r0rqul9.mongodb.net
2026-07-30 17:22:24 [info]: 🚀 Server running on http://localhost:3001
2026-07-30 17:22:24 [info]: 📁 Uploads: C:\Users\yasht\OneDrive\Desktop\oneTap\server\uploads
2026-07-30 17:23:28 [http]: ::1 - - [30/Jul/2026:11:53:28 +0000] "GET /api/profile HTTP/1.1" 304 - "-" "Mozilla/5.0 (Windows NT 10.0; Win64; x64) AppleWebKit/537.36 (KHTML, like Gecko) Chrome/150.0.0.0 Safari/537.36"
2026-07-30 17:23:29 [http]: ::1 - - [30/Jul/2026:11:53:29 +0000] "GET /api/profile HTTP/1.1" 304 - "-" "Mozilla/5.0 (Windows NT 10.0; Win64; x64) AppleWebKit/537.36 (KHTML, like Gecko) Chrome/150.0.0.0 Safari/537.36"
2026-07-30 23:44:42 [info]: ✅ MongoDB connected: ac-b1tchrv-shard-00-00.r0rqul9.mongodb.net
2026-07-30 23:44:42 [info]: 🚀 Server running on http://localhost:3001
2026-07-30 23:44:42 [info]: 📁 Uploads: C:\Users\yasht\OneDrive\Desktop\oneTap\server\uploads
2026-07-30 23:45:04 [http]: ::1 - - [30/Jul/2026:18:15:04 +0000] "GET /api/profile HTTP/1.1" 200 - "-" "Mozilla/5.0 (Windows NT 10.0; Win64; x64) AppleWebKit/537.36 (KHTML, like Gecko) Chrome/150.0.0.0 Safari/537.36"
2026-07-30 23:45:09 [http]: ::1 - - [30/Jul/2026:18:15:09 +0000] "GET /api/profile HTTP/1.1" 304 - "-" "Mozilla/5.0 (Windows NT 10.0; Win64; x64) AppleWebKit/537.36 (KHTML, like Gecko) Chrome/150.0.0.0 Safari/537.36"
2026-07-31 00:13:39 [http]: ::1 - - [30/Jul/2026:18:43:39 +0000] "GET /api/profile HTTP/1.1" 304 - "-" "Mozilla/5.0 (Windows NT 10.0; Win64; x64) AppleWebKit/537.36 (KHTML, like Gecko) Chrome/150.0.0.0 Safari/537.36"
2026-07-31 00:13:55 [http]: ::1 - - [30/Jul/2026:18:43:55 +0000] "GET /api/profile HTTP/1.1" 304 - "-" "Mozilla/5.0 (Windows NT 10.0; Win64; x64) AppleWebKit/537.36 (KHTML, like Gecko) Chrome/150.0.0.0 Safari/537.36"
2026-07-31 00:14:46 [http]: ::1 - - [30/Jul/2026:18:44:46 +0000] "GET /api/profile HTTP/1.1" 304 - "-" "Mozilla/5.0 (Windows NT 10.0; Win64; x64) AppleWebKit/537.36 (KHTML, like Gecko) Chrome/150.0.0.0 Safari/537.36"
2026-07-31 00:15:15 [http]: ::1 - - [30/Jul/2026:18:45:15 +0000] "GET /api/profile HTTP/1.1" 304 - "-" "Mozilla/5.0 (Windows NT 10.0; Win64; x64) AppleWebKit/537.36 (KHTML, like Gecko) Chrome/150.0.0.0 Safari/537.36"
2026-07-31 00:15:16 [http]: ::1 - - [30/Jul/2026:18:45:16 +0000] "GET /api/profile HTTP/1.1" 304 - "-" "Mozilla/5.0 (Windows NT 10.0; Win64; x64) AppleWebKit/537.36 (KHTML, like Gecko) Chrome/150.0.0.0 Safari/537.36"
2026-07-31 00:15:18 [http]: ::1 - - [30/Jul/2026:18:45:18 +0000] "GET /api/profile HTTP/1.1" 304 - "-" "Mozilla/5.0 (Windows NT 10.0; Win64; x64) AppleWebKit/537.36 (KHTML, like Gecko) Chrome/150.0.0.0 Safari/537.36"
2026-07-31 00:15:41 [http]: ::1 - - [30/Jul/2026:18:45:41 +0000] "POST /api/auth/login HTTP/1.1" 200 238 "-" "Mozilla/5.0 (Windows NT 10.0; Win64; x64) AppleWebKit/537.36 (KHTML, like Gecko) Chrome/150.0.0.0 Safari/537.36"
2026-07-31 00:15:41 [http]: ::1 - - [30/Jul/2026:18:45:41 +0000] "GET /api/profile HTTP/1.1" 200 - "-" "Mozilla/5.0 (Windows NT 10.0; Win64; x64) AppleWebKit/537.36 (KHTML, like Gecko) Chrome/150.0.0.0 Safari/537.36"
2026-07-31 00:18:06 [http]: ::1 - - [30/Jul/2026:18:48:06 +0000] "PATCH /api/profile HTTP/1.1" 200 - "-" "Mozilla/5.0 (Windows NT 10.0; Win64; x64) AppleWebKit/537.36 (KHTML, like Gecko) Chrome/150.0.0.0 Safari/537.36"
2026-07-31 00:18:52 [http]: ::1 - - [30/Jul/2026:18:48:52 +0000] "GET /api/profile HTTP/1.1" 200 - "-" "Mozilla/5.0 (Windows NT 10.0; Win64; x64) AppleWebKit/537.36 (KHTML, like Gecko) Chrome/150.0.0.0 Safari/537.36"
2026-07-31 00:18:55 [http]: ::1 - - [30/Jul/2026:18:48:55 +0000] "GET /api/profile HTTP/1.1" 304 - "-" "Mozilla/5.0 (Windows NT 10.0; Win64; x64) AppleWebKit/537.36 (KHTML, like Gecko) Chrome/150.0.0.0 Safari/537.36"
2026-07-31 00:19:24 [http]: ::1 - - [30/Jul/2026:18:49:24 +0000] "GET /api/profile HTTP/1.1" 304 - "-" "Mozilla/5.0 (Windows NT 10.0; Win64; x64) AppleWebKit/537.36 (KHTML, like Gecko) Chrome/150.0.0.0 Safari/537.36"
2026-07-31 00:19:28 [http]: ::1 - - [30/Jul/2026:18:49:28 +0000] "GET /api/profile HTTP/1.1" 304 - "-" "Mozilla/5.0 (Windows NT 10.0; Win64; x64) AppleWebKit/537.36 (KHTML, like Gecko) Chrome/150.0.0.0 Safari/537.36"
2026-07-31 00:19:31 [http]: ::1 - - [30/Jul/2026:18:49:31 +0000] "GET /api/documents HTTP/1.1" 200 815 "-" "Mozilla/5.0 (Windows NT 10.0; Win64; x64) AppleWebKit/537.36 (KHTML, like Gecko) Chrome/150.0.0.0 Safari/537.36"
2026-07-31 00:19:35 [http]: ::1 - - [30/Jul/2026:18:49:35 +0000] "GET /api/autofill/mappings HTTP/1.1" 200 - "-" "Mozilla/5.0 (Windows NT 10.0; Win64; x64) AppleWebKit/537.36 (KHTML, like Gecko) Chrome/150.0.0.0 Safari/537.36"
2026-07-31 00:19:44 [http]: ::1 - - [30/Jul/2026:18:49:44 +0000] "GET /api/documents HTTP/1.1" 304 - "-" "Mozilla/5.0 (Windows NT 10.0; Win64; x64) AppleWebKit/537.36 (KHTML, like Gecko) Chrome/150.0.0.0 Safari/537.36"
2026-07-31 00:19:47 [http]: ::1 - - [30/Jul/2026:18:49:47 +0000] "GET /api/autofill/mappings HTTP/1.1" 304 - "-" "Mozilla/5.0 (Windows NT 10.0; Win64; x64) AppleWebKit/537.36 (KHTML, like Gecko) Chrome/150.0.0.0 Safari/537.36"
2026-07-31 00:19:54 [http]: ::1 - - [30/Jul/2026:18:49:54 +0000] "GET /api/profile HTTP/1.1" 304 - "-" "Mozilla/5.0 (Windows NT 10.0; Win64; x64) AppleWebKit/537.36 (KHTML, like Gecko) Chrome/150.0.0.0 Safari/537.36"
2026-07-31 00:19:54 [http]: ::1 - - [30/Jul/2026:18:49:54 +0000] "GET /api/autofill/mappings HTTP/1.1" 304 - "-" "Mozilla/5.0 (Windows NT 10.0; Win64; x64) AppleWebKit/537.36 (KHTML, like Gecko) Chrome/150.0.0.0 Safari/537.36"
2026-07-31 00:20:43 [http]: ::1 - - [30/Jul/2026:18:50:43 +0000] "GET /api/profile HTTP/1.1" 304 - "-" "Mozilla/5.0 (Windows NT 10.0; Win64; x64) AppleWebKit/537.36 (KHTML, like Gecko) Chrome/150.0.0.0 Safari/537.36"
2026-07-31 00:20:51 [http]: ::1 - - [30/Jul/2026:18:50:51 +0000] "GET /api/profile HTTP/1.1" 304 - "-" "Mozilla/5.0 (Windows NT 10.0; Win64; x64) AppleWebKit/537.36 (KHTML, like Gecko) Chrome/150.0.0.0 Safari/537.36"
2026-07-31 00:20:54 [http]: ::1 - - [30/Jul/2026:18:50:54 +0000] "GET /api/documents HTTP/1.1" 304 - "-" "Mozilla/5.0 (Windows NT 10.0; Win64; x64) AppleWebKit/537.36 (KHTML, like Gecko) Chrome/150.0.0.0 Safari/537.36"
2026-07-31 00:20:57 [http]: ::1 - - [30/Jul/2026:18:50:57 +0000] "GET /api/autofill/mappings HTTP/1.1" 304 - "-" "Mozilla/5.0 (Windows NT 10.0; Win64; x64) AppleWebKit/537.36 (KHTML, like Gecko) Chrome/150.0.0.0 Safari/537.36"
2026-07-31 00:22:35 [http]: ::1 - - [30/Jul/2026:18:52:35 +0000] "GET /api/profile HTTP/1.1" 304 - "-" "Mozilla/5.0 (Windows NT 10.0; Win64; x64) AppleWebKit/537.36 (KHTML, like Gecko) Chrome/150.0.0.0 Safari/537.36"
2026-07-31 00:22:42 [http]: ::1 - - [30/Jul/2026:18:52:42 +0000] "GET /api/documents HTTP/1.1" 304 - "-" "Mozilla/5.0 (Windows NT 10.0; Win64; x64) AppleWebKit/537.36 (KHTML, like Gecko) Chrome/150.0.0.0 Safari/537.36"
2026-07-31 00:22:42 [http]: ::1 - - [30/Jul/2026:18:52:42 +0000] "GET /api/profile HTTP/1.1" 304 - "-" "Mozilla/5.0 (Windows NT 10.0; Win64; x64) AppleWebKit/537.36 (KHTML, like Gecko) Chrome/150.0.0.0 Safari/537.36"
2026-07-31 00:22:44 [http]: ::1 - - [30/Jul/2026:18:52:44 +0000] "GET /api/profile HTTP/1.1" 304 - "-" "Mozilla/5.0 (Windows NT 10.0; Win64; x64) AppleWebKit/537.36 (KHTML, like Gecko) Chrome/150.0.0.0 Safari/537.36"
2026-07-31 00:33:59 [http]: ::1 - - [30/Jul/2026:19:03:59 +0000] "GET /api/profile HTTP/1.1" 304 - "-" "Mozilla/5.0 (Windows NT 10.0; Win64; x64) AppleWebKit/537.36 (KHTML, like Gecko) Chrome/150.0.0.0 Safari/537.36"
2026-07-31 00:34:00 [http]: ::1 - - [30/Jul/2026:19:04:00 +0000] "GET /api/profile HTTP/1.1" 304 - "-" "Mozilla/5.0 (Windows NT 10.0; Win64; x64) AppleWebKit/537.36 (KHTML, like Gecko) Chrome/150.0.0.0 Safari/537.36"
2026-07-31 00:34:32 [http]: ::1 - - [30/Jul/2026:19:04:32 +0000] "GET /api/profile HTTP/1.1" 304 - "-" "Mozilla/5.0 (Windows NT 10.0; Win64; x64) AppleWebKit/537.36 (KHTML, like Gecko) Chrome/150.0.0.0 Safari/537.36"
2026-07-31 00:34:37 [http]: ::1 - - [30/Jul/2026:19:04:37 +0000] "GET /api/profile HTTP/1.1" 304 - "-" "Mozilla/5.0 (Windows NT 10.0; Win64; x64) AppleWebKit/537.36 (KHTML, like Gecko) Chrome/150.0.0.0 Safari/537.36"
2026-07-31 00:34:38 [http]: ::1 - - [30/Jul/2026:19:04:38 +0000] "GET /api/profile HTTP/1.1" 304 - "-" "Mozilla/5.0 (Windows NT 10.0; Win64; x64) AppleWebKit/537.36 (KHTML, like Gecko) Chrome/150.0.0.0 Safari/537.36"
2026-07-31 00:35:09 [http]: ::1 - - [30/Jul/2026:19:05:09 +0000] "GET /api/profile HTTP/1.1" 304 - "-" "Mozilla/5.0 (Windows NT 10.0; Win64; x64) AppleWebKit/537.36 (KHTML, like Gecko) Chrome/150.0.0.0 Safari/537.36"
2026-07-31 00:37:52 [http]: ::1 - - [30/Jul/2026:19:07:52 +0000] "GET /api/profile HTTP/1.1" 304 - "-" "Mozilla/5.0 (Windows NT 10.0; Win64; x64) AppleWebKit/537.36 (KHTML, like Gecko) Chrome/150.0.0.0 Safari/537.36"
2026-07-31 00:37:54 [http]: ::1 - - [30/Jul/2026:19:07:54 +0000] "GET /api/profile HTTP/1.1" 304 - "-" "Mozilla/5.0 (Windows NT 10.0; Win64; x64) AppleWebKit/537.36 (KHTML, like Gecko) Chrome/150.0.0.0 Safari/537.36"
2026-07-31 00:39:20 [info]: ✅ MongoDB connected: ac-b1tchrv-shard-00-00.r0rqul9.mongodb.net
2026-07-31 00:39:20 [info]: 🚀 Server running on http://localhost:3001
2026-07-31 00:39:20 [info]: 📁 Uploads: C:\Users\yasht\OneDrive\Desktop\oneTap\server\uploads
2026-07-31 00:39:22 [http]: ::1 - - [30/Jul/2026:19:09:22 +0000] "GET /api/profile HTTP/1.1" 304 - "-" "Mozilla/5.0 (Windows NT 10.0; Win64; x64) AppleWebKit/537.36 (KHTML, like Gecko) Chrome/150.0.0.0 Safari/537.36"
2026-07-31 00:40:58 [http]: ::1 - - [30/Jul/2026:19:10:58 +0000] "GET /api/profile HTTP/1.1" 304 - "-" "Mozilla/5.0 (Windows NT 10.0; Win64; x64) AppleWebKit/537.36 (KHTML, like Gecko) Chrome/150.0.0.0 Safari/537.36"
2026-07-31 00:41:00 [http]: ::1 - - [30/Jul/2026:19:11:00 +0000] "GET /api/documents HTTP/1.1" 304 - "-" "Mozilla/5.0 (Windows NT 10.0; Win64; x64) AppleWebKit/537.36 (KHTML, like Gecko) Chrome/150.0.0.0 Safari/537.36"
2026-07-31 00:41:12 [http]: ::1 - - [30/Jul/2026:19:11:12 +0000] "GET /api/autofill/mappings HTTP/1.1" 304 - "-" "Mozilla/5.0 (Windows NT 10.0; Win64; x64) AppleWebKit/537.36 (KHTML, like Gecko) Chrome/150.0.0.0 Safari/537.36"
2026-07-31 00:41:16 [http]: ::1 - - [30/Jul/2026:19:11:16 +0000] "GET /api/profile HTTP/1.1" 304 - "-" "Mozilla/5.0 (Windows NT 10.0; Win64; x64) AppleWebKit/537.36 (KHTML, like Gecko) Chrome/150.0.0.0 Safari/537.36"
2026-07-31 00:42:34 [http]: ::1 - - [30/Jul/2026:19:12:34 +0000] "GET /api/documents HTTP/1.1" 304 - "-" "Mozilla/5.0 (Windows NT 10.0; Win64; x64) AppleWebKit/537.36 (KHTML, like Gecko) Chrome/150.0.0.0 Safari/537.36"
2026-07-31 00:42:52 [http]: ::1 - - [30/Jul/2026:19:12:52 +0000] "GET /api/profile HTTP/1.1" 304 - "-" "Mozilla/5.0 (Windows NT 10.0; Win64; x64) AppleWebKit/537.36 (KHTML, like Gecko) Chrome/150.0.0.0 Safari/537.36"
2026-07-31 00:42:52 [http]: ::1 - - [30/Jul/2026:19:12:52 +0000] "GET /api/documents HTTP/1.1" 304 - "-" "Mozilla/5.0 (Windows NT 10.0; Win64; x64) AppleWebKit/537.36 (KHTML, like Gecko) Chrome/150.0.0.0 Safari/537.36"
2026-07-31 00:42:56 [http]: ::1 - - [30/Jul/2026:19:12:56 +0000] "GET /api/profile HTTP/1.1" 304 - "-" "Mozilla/5.0 (Windows NT 10.0; Win64; x64) AppleWebKit/537.36 (KHTML, like Gecko) Chrome/150.0.0.0 Safari/537.36"
2026-07-31 00:42:56 [http]: ::1 - - [30/Jul/2026:19:12:56 +0000] "GET /api/documents HTTP/1.1" 304 - "-" "Mozilla/5.0 (Windows NT 10.0; Win64; x64) AppleWebKit/537.36 (KHTML, like Gecko) Chrome/150.0.0.0 Safari/537.36"
2026-07-31 00:42:58 [http]: ::1 - - [30/Jul/2026:19:12:58 +0000] "GET /api/profile HTTP/1.1" 304 - "-" "Mozilla/5.0 (Windows NT 10.0; Win64; x64) AppleWebKit/537.36 (KHTML, like Gecko) Chrome/150.0.0.0 Safari/537.36"
2026-07-31 00:43:30 [http]: ::1 - - [30/Jul/2026:19:13:30 +0000] "PATCH /api/profile HTTP/1.1" 200 - "-" "Mozilla/5.0 (Windows NT 10.0; Win64; x64) AppleWebKit/537.36 (KHTML, like Gecko) Chrome/150.0.0.0 Safari/537.36"
2026-07-31 00:43:36 [http]: ::1 - - [30/Jul/2026:19:13:36 +0000] "GET /api/documents HTTP/1.1" 304 - "-" "Mozilla/5.0 (Windows NT 10.0; Win64; x64) AppleWebKit/537.36 (KHTML, like Gecko) Chrome/150.0.0.0 Safari/537.36"
2026-07-31 00:43:47 [http]: ::1 - - [30/Jul/2026:19:13:47 +0000] "GET /api/autofill/mappings HTTP/1.1" 304 - "-" "Mozilla/5.0 (Windows NT 10.0; Win64; x64) AppleWebKit/537.36 (KHTML, like Gecko) Chrome/150.0.0.0 Safari/537.36"
2026-07-31 00:43:49 [http]: ::1 - - [30/Jul/2026:19:13:49 +0000] "GET /api/documents HTTP/1.1" 304 - "-" "Mozilla/5.0 (Windows NT 10.0; Win64; x64) AppleWebKit/537.36 (KHTML, like Gecko) Chrome/150.0.0.0 Safari/537.36"
2026-07-31 00:44:15 [http]: ::1 - - [30/Jul/2026:19:14:15 +0000] "GET /api/profile HTTP/1.1" 200 - "-" "Mozilla/5.0 (Windows NT 10.0; Win64; x64) AppleWebKit/537.36 (KHTML, like Gecko) Chrome/150.0.0.0 Safari/537.36"
2026-07-31 00:45:06 [http]: ::1 - - [30/Jul/2026:19:15:06 +0000] "GET /api/profile HTTP/1.1" 304 - "-" "Mozilla/5.0 (Windows NT 10.0; Win64; x64) AppleWebKit/537.36 (KHTML, like Gecko) Chrome/150.0.0.0 Safari/537.36"
2026-07-31 00:45:06 [http]: ::1 - - [30/Jul/2026:19:15:06 +0000] "GET /api/documents HTTP/1.1" 304 - "-" "Mozilla/5.0 (Windows NT 10.0; Win64; x64) AppleWebKit/537.36 (KHTML, like Gecko) Chrome/150.0.0.0 Safari/537.36"
2026-07-31 00:45:08 [http]: ::1 - - [30/Jul/2026:19:15:08 +0000] "GET /api/profile HTTP/1.1" 304 - "-" "Mozilla/5.0 (Windows NT 10.0; Win64; x64) AppleWebKit/537.36 (KHTML, like Gecko) Chrome/150.0.0.0 Safari/537.36"
2026-07-31 00:45:11 [http]: ::1 - - [30/Jul/2026:19:15:11 +0000] "GET /api/documents HTTP/1.1" 304 - "-" "Mozilla/5.0 (Windows NT 10.0; Win64; x64) AppleWebKit/537.36 (KHTML, like Gecko) Chrome/150.0.0.0 Safari/537.36"
2026-07-31 00:45:15 [http]: ::1 - - [30/Jul/2026:19:15:15 +0000] "GET /api/autofill/mappings HTTP/1.1" 304 - "-" "Mozilla/5.0 (Windows NT 10.0; Win64; x64) AppleWebKit/537.36 (KHTML, like Gecko) Chrome/150.0.0.0 Safari/537.36"
2026-07-31 00:45:17 [http]: ::1 - - [30/Jul/2026:19:15:17 +0000] "GET /api/profile HTTP/1.1" 304 - "-" "Mozilla/5.0 (Windows NT 10.0; Win64; x64) AppleWebKit/537.36 (KHTML, like Gecko) Chrome/150.0.0.0 Safari/537.36"
2026-07-31 00:45:23 [http]: ::1 - - [30/Jul/2026:19:15:23 +0000] "GET /api/documents HTTP/1.1" 304 - "-" "Mozilla/5.0 (Windows NT 10.0; Win64; x64) AppleWebKit/537.36 (KHTML, like Gecko) Chrome/150.0.0.0 Safari/537.36"
2026-07-31 00:46:25 [http]: ::1 - - [30/Jul/2026:19:16:25 +0000] "GET /api/profile HTTP/1.1" 304 - "-" "Mozilla/5.0 (Windows NT 10.0; Win64; x64) AppleWebKit/537.36 (KHTML, like Gecko) Chrome/150.0.0.0 Safari/537.36"
2026-07-31 00:46:25 [http]: ::1 - - [30/Jul/2026:19:16:25 +0000] "GET /api/documents HTTP/1.1" 304 - "-" "Mozilla/5.0 (Windows NT 10.0; Win64; x64) AppleWebKit/537.36 (KHTML, like Gecko) Chrome/150.0.0.0 Safari/537.36"
2026-07-31 00:46:27 [http]: ::1 - - [30/Jul/2026:19:16:27 +0000] "GET /api/profile HTTP/1.1" 304 - "-" "Mozilla/5.0 (Windows NT 10.0; Win64; x64) AppleWebKit/537.36 (KHTML, like Gecko) Chrome/150.0.0.0 Safari/537.36"
2026-07-31 00:46:30 [http]: ::1 - - [30/Jul/2026:19:16:30 +0000] "GET /api/documents HTTP/1.1" 304 - "-" "Mozilla/5.0 (Windows NT 10.0; Win64; x64) AppleWebKit/537.36 (KHTML, like Gecko) Chrome/150.0.0.0 Safari/537.36"
2026-07-31 00:46:39 [http]: ::1 - - [30/Jul/2026:19:16:39 +0000] "GET /api/autofill/mappings HTTP/1.1" 304 - "-" "Mozilla/5.0 (Windows NT 10.0; Win64; x64) AppleWebKit/537.36 (KHTML, like Gecko) Chrome/150.0.0.0 Safari/537.36"
2026-07-31 00:46:45 [http]: ::1 - - [30/Jul/2026:19:16:45 +0000] "GET /api/profile HTTP/1.1" 304 - "-" "Mozilla/5.0 (Windows NT 10.0; Win64; x64) AppleWebKit/537.36 (KHTML, like Gecko) Chrome/150.0.0.0 Safari/537.36"
2026-07-31 00:46:54 [http]: ::1 - - [30/Jul/2026:19:16:54 +0000] "GET /api/documents HTTP/1.1" 304 - "-" "Mozilla/5.0 (Windows NT 10.0; Win64; x64) AppleWebKit/537.36 (KHTML, like Gecko) Chrome/150.0.0.0 Safari/537.36"
2026-07-31 00:46:57 [http]: ::1 - - [30/Jul/2026:19:16:57 +0000] "GET /api/profile HTTP/1.1" 304 - "-" "Mozilla/5.0 (Windows NT 10.0; Win64; x64) AppleWebKit/537.36 (KHTML, like Gecko) Chrome/150.0.0.0 Safari/537.36"
2026-07-31 00:47:29 [http]: ::1 - - [30/Jul/2026:19:17:29 +0000] "GET /api/documents HTTP/1.1" 304 - "-" "Mozilla/5.0 (Windows NT 10.0; Win64; x64) AppleWebKit/537.36 (KHTML, like Gecko) Chrome/150.0.0.0 Safari/537.36"
2026-07-31 00:47:31 [http]: ::1 - - [30/Jul/2026:19:17:31 +0000] "GET /api/profile HTTP/1.1" 304 - "-" "Mozilla/5.0 (Windows NT 10.0; Win64; x64) AppleWebKit/537.36 (KHTML, like Gecko) Chrome/150.0.0.0 Safari/537.36"
2026-07-31 00:47:43 [http]: ::1 - - [30/Jul/2026:19:17:43 +0000] "GET /api/profile HTTP/1.1" 304 - "-" "Mozilla/5.0 (Windows NT 10.0; Win64; x64) AppleWebKit/537.36 (KHTML, like Gecko) Chrome/150.0.0.0 Safari/537.36"
2026-07-31 00:47:43 [http]: ::1 - - [30/Jul/2026:19:17:43 +0000] "GET /api/documents HTTP/1.1" 304 - "-" "Mozilla/5.0 (Windows NT 10.0; Win64; x64) AppleWebKit/537.36 (KHTML, like Gecko) Chrome/150.0.0.0 Safari/537.36"
2026-07-31 00:47:54 [http]: ::1 - - [30/Jul/2026:19:17:54 +0000] "GET /api/profile HTTP/1.1" 304 - "-" "Mozilla/5.0 (Windows NT 10.0; Win64; x64) AppleWebKit/537.36 (KHTML, like Gecko) Chrome/150.0.0.0 Safari/537.36"
2026-07-31 00:47:54 [http]: ::1 - - [30/Jul/2026:19:17:54 +0000] "GET /api/documents HTTP/1.1" 304 - "-" "Mozilla/5.0 (Windows NT 10.0; Win64; x64) AppleWebKit/537.36 (KHTML, like Gecko) Chrome/150.0.0.0 Safari/537.36"
2026-07-31 00:47:59 [http]: ::1 - - [30/Jul/2026:19:17:59 +0000] "GET /api/profile HTTP/1.1" 304 - "-" "Mozilla/5.0 (Windows NT 10.0; Win64; x64) AppleWebKit/537.36 (KHTML, like Gecko) Chrome/150.0.0.0 Safari/537.36"
2026-07-31 00:47:59 [http]: ::1 - - [30/Jul/2026:19:17:59 +0000] "GET /api/documents HTTP/1.1" 304 - "-" "Mozilla/5.0 (Windows NT 10.0; Win64; x64) AppleWebKit/537.36 (KHTML, like Gecko) Chrome/150.0.0.0 Safari/537.36"
2026-07-31 00:49:34 [http]: ::1 - - [30/Jul/2026:19:19:34 +0000] "GET /api/profile HTTP/1.1" 304 - "-" "Mozilla/5.0 (Windows NT 10.0; Win64; x64) AppleWebKit/537.36 (KHTML, like Gecko) Chrome/150.0.0.0 Safari/537.36"
2026-07-31 00:49:34 [http]: ::1 - - [30/Jul/2026:19:19:34 +0000] "GET /api/documents HTTP/1.1" 304 - "-" "Mozilla/5.0 (Windows NT 10.0; Win64; x64) AppleWebKit/537.36 (KHTML, like Gecko) Chrome/150.0.0.0 Safari/537.36"
2026-07-31 00:49:36 [http]: ::1 - - [30/Jul/2026:19:19:36 +0000] "GET /api/profile HTTP/1.1" 304 - "-" "Mozilla/5.0 (Windows NT 10.0; Win64; x64) AppleWebKit/537.36 (KHTML, like Gecko) Chrome/150.0.0.0 Safari/537.36"
2026-07-31 00:49:38 [http]: ::1 - - [30/Jul/2026:19:19:38 +0000] "GET /api/documents HTTP/1.1" 304 - "-" "Mozilla/5.0 (Windows NT 10.0; Win64; x64) AppleWebKit/537.36 (KHTML, like Gecko) Chrome/150.0.0.0 Safari/537.36"
2026-07-31 00:49:43 [http]: ::1 - - [30/Jul/2026:19:19:43 +0000] "GET /api/autofill/mappings HTTP/1.1" 304 - "-" "Mozilla/5.0 (Windows NT 10.0; Win64; x64) AppleWebKit/537.36 (KHTML, like Gecko) Chrome/150.0.0.0 Safari/537.36"
2026-07-31 00:49:48 [http]: ::1 - - [30/Jul/2026:19:19:48 +0000] "GET /api/profile HTTP/1.1" 304 - "-" "Mozilla/5.0 (Windows NT 10.0; Win64; x64) AppleWebKit/537.36 (KHTML, like Gecko) Chrome/150.0.0.0 Safari/537.36"
2026-07-31 00:50:21 [http]: ::1 - - [30/Jul/2026:19:20:21 +0000] "GET /api/documents HTTP/1.1" 304 - "-" "Mozilla/5.0 (Windows NT 10.0; Win64; x64) AppleWebKit/537.36 (KHTML, like Gecko) Chrome/150.0.0.0 Safari/537.36"
2026-07-31 00:50:30 [http]: ::1 - - [30/Jul/2026:19:20:30 +0000] "GET /api/profile HTTP/1.1" 304 - "-" "Mozilla/5.0 (Windows NT 10.0; Win64; x64) AppleWebKit/537.36 (KHTML, like Gecko) Chrome/150.0.0.0 Safari/537.36"
2026-07-31 00:50:30 [http]: ::1 - - [30/Jul/2026:19:20:30 +0000] "GET /api/documents HTTP/1.1" 304 - "-" "Mozilla/5.0 (Windows NT 10.0; Win64; x64) AppleWebKit/537.36 (KHTML, like Gecko) Chrome/150.0.0.0 Safari/537.36"
2026-07-31 00:51:11 [http]: ::1 - - [30/Jul/2026:19:21:11 +0000] "GET /api/profile HTTP/1.1" 304 - "-" "Mozilla/5.0 (Windows NT 10.0; Win64; x64) AppleWebKit/537.36 (KHTML, like Gecko) Chrome/150.0.0.0 Safari/537.36"
2026-07-31 00:51:11 [http]: ::1 - - [30/Jul/2026:19:21:11 +0000] "GET /api/documents HTTP/1.1" 304 - "-" "Mozilla/5.0 (Windows NT 10.0; Win64; x64) AppleWebKit/537.36 (KHTML, like Gecko) Chrome/150.0.0.0 Safari/537.36"
2026-07-31 00:51:13 [http]: ::1 - - [30/Jul/2026:19:21:13 +0000] "GET /api/profile HTTP/1.1" 304 - "-" "Mozilla/5.0 (Windows NT 10.0; Win64; x64) AppleWebKit/537.36 (KHTML, like Gecko) Chrome/150.0.0.0 Safari/537.36"
2026-07-31 00:51:18 [http]: ::1 - - [30/Jul/2026:19:21:18 +0000] "GET /api/documents HTTP/1.1" 304 - "-" "Mozilla/5.0 (Windows NT 10.0; Win64; x64) AppleWebKit/537.36 (KHTML, like Gecko) Chrome/150.0.0.0 Safari/537.36"
2026-07-31 00:51:28 [http]: ::1 - - [30/Jul/2026:19:21:28 +0000] "GET /api/profile HTTP/1.1" 304 - "-" "Mozilla/5.0 (Windows NT 10.0; Win64; x64) AppleWebKit/537.36 (KHTML, like Gecko) Chrome/150.0.0.0 Safari/537.36"
2026-07-31 00:51:28 [http]: ::1 - - [30/Jul/2026:19:21:28 +0000] "GET /api/documents HTTP/1.1" 304 - "-" "Mozilla/5.0 (Windows NT 10.0; Win64; x64) AppleWebKit/537.36 (KHTML, like Gecko) Chrome/150.0.0.0 Safari/537.36"
2026-07-31 00:51:34 [http]: ::1 - - [30/Jul/2026:19:21:34 +0000] "GET /api/profile HTTP/1.1" 304 - "-" "Mozilla/5.0 (Windows NT 10.0; Win64; x64) AppleWebKit/537.36 (KHTML, like Gecko) Chrome/150.0.0.0 Safari/537.36"
2026-07-31 00:51:34 [http]: ::1 - - [30/Jul/2026:19:21:34 +0000] "GET /api/documents HTTP/1.1" 304 - "-" "Mozilla/5.0 (Windows NT 10.0; Win64; x64) AppleWebKit/537.36 (KHTML, like Gecko) Chrome/150.0.0.0 Safari/537.36"
2026-07-31 00:51:48 [http]: ::1 - - [30/Jul/2026:19:21:48 +0000] "GET /api/autofill/mappings HTTP/1.1" 304 - "-" "Mozilla/5.0 (Windows NT 10.0; Win64; x64) AppleWebKit/537.36 (KHTML, like Gecko) Chrome/150.0.0.0 Safari/537.36"
2026-07-31 00:52:19 [http]: ::1 - - [30/Jul/2026:19:22:19 +0000] "GET /api/profile HTTP/1.1" 304 - "-" "Mozilla/5.0 (Windows NT 10.0; Win64; x64) AppleWebKit/537.36 (KHTML, like Gecko) Chrome/150.0.0.0 Safari/537.36"
2026-07-31 00:53:14 [http]: ::1 - - [30/Jul/2026:19:23:14 +0000] "GET /api/profile HTTP/1.1" 304 - "-" "Mozilla/5.0 (Windows NT 10.0; Win64; x64) AppleWebKit/537.36 (KHTML, like Gecko) Chrome/150.0.0.0 Safari/537.36"
2026-07-31 00:53:15 [http]: ::1 - - [30/Jul/2026:19:23:15 +0000] "GET /api/documents HTTP/1.1" 304 - "-" "Mozilla/5.0 (Windows NT 10.0; Win64; x64) AppleWebKit/537.36 (KHTML, like Gecko) Chrome/150.0.0.0 Safari/537.36"
2026-07-31 00:53:16 [http]: ::1 - - [30/Jul/2026:19:23:16 +0000] "GET /api/profile HTTP/1.1" 304 - "-" "Mozilla/5.0 (Windows NT 10.0; Win64; x64) AppleWebKit/537.36 (KHTML, like Gecko) Chrome/150.0.0.0 Safari/537.36"
2026-07-31 00:53:21 [http]: ::1 - - [30/Jul/2026:19:23:21 +0000] "GET /api/documents HTTP/1.1" 304 - "-" "Mozilla/5.0 (Windows NT 10.0; Win64; x64) AppleWebKit/537.36 (KHTML, like Gecko) Chrome/150.0.0.0 Safari/537.36"
2026-07-31 00:53:32 [http]: ::1 - - [30/Jul/2026:19:23:32 +0000] "GET /api/documents HTTP/1.1" 304 - "-" "Mozilla/5.0 (Windows NT 10.0; Win64; x64) AppleWebKit/537.36 (KHTML, like Gecko) Chrome/150.0.0.0 Safari/537.36"
2026-07-31 00:53:34 [http]: ::1 - - [30/Jul/2026:19:23:34 +0000] "GET /api/profile HTTP/1.1" 304 - "-" "Mozilla/5.0 (Windows NT 10.0; Win64; x64) AppleWebKit/537.36 (KHTML, like Gecko) Chrome/150.0.0.0 Safari/537.36"
2026-07-31 00:53:38 [http]: ::1 - - [30/Jul/2026:19:23:38 +0000] "GET /api/autofill/mappings HTTP/1.1" 304 - "-" "Mozilla/5.0 (Windows NT 10.0; Win64; x64) AppleWebKit/537.36 (KHTML, like Gecko) Chrome/150.0.0.0 Safari/537.36"
2026-07-31 00:54:31 [http]: ::1 - - [30/Jul/2026:19:24:31 +0000] "GET /api/documents HTTP/1.1" 304 - "-" "Mozilla/5.0 (Windows NT 10.0; Win64; x64) AppleWebKit/537.36 (KHTML, like Gecko) Chrome/150.0.0.0 Safari/537.36"
2026-07-31 00:54:32 [http]: ::1 - - [30/Jul/2026:19:24:32 +0000] "GET /api/profile HTTP/1.1" 304 - "-" "Mozilla/5.0 (Windows NT 10.0; Win64; x64) AppleWebKit/537.36 (KHTML, like Gecko) Chrome/150.0.0.0 Safari/537.36"
2026-07-31 00:54:43 [http]: ::1 - - [30/Jul/2026:19:24:43 +0000] "GET /api/profile HTTP/1.1" 304 - "-" "Mozilla/5.0 (Windows NT 10.0; Win64; x64) AppleWebKit/537.36 (KHTML, like Gecko) Chrome/150.0.0.0 Safari/537.36"
2026-07-31 00:54:43 [http]: ::1 - - [30/Jul/2026:19:24:43 +0000] "GET /api/documents HTTP/1.1" 304 - "-" "Mozilla/5.0 (Windows NT 10.0; Win64; x64) AppleWebKit/537.36 (KHTML, like Gecko) Chrome/150.0.0.0 Safari/537.36"
2026-07-31 00:54:45 [http]: ::1 - - [30/Jul/2026:19:24:45 +0000] "GET /api/profile HTTP/1.1" 304 - "-" "Mozilla/5.0 (Windows NT 10.0; Win64; x64) AppleWebKit/537.36 (KHTML, like Gecko) Chrome/150.0.0.0 Safari/537.36"
2026-07-31 00:54:52 [http]: ::1 - - [30/Jul/2026:19:24:52 +0000] "GET /api/documents HTTP/1.1" 304 - "-" "Mozilla/5.0 (Windows NT 10.0; Win64; x64) AppleWebKit/537.36 (KHTML, like Gecko) Chrome/150.0.0.0 Safari/537.36"
2026-07-31 00:54:55 [http]: ::1 - - [30/Jul/2026:19:24:55 +0000] "GET /api/autofill/mappings HTTP/1.1" 304 - "-" "Mozilla/5.0 (Windows NT 10.0; Win64; x64) AppleWebKit/537.36 (KHTML, like Gecko) Chrome/150.0.0.0 Safari/537.36"
2026-07-31 00:54:57 [http]: ::1 - - [30/Jul/2026:19:24:57 +0000] "GET /api/profile HTTP/1.1" 304 - "-" "Mozilla/5.0 (Windows NT 10.0; Win64; x64) AppleWebKit/537.36 (KHTML, like Gecko) Chrome/150.0.0.0 Safari/537.36"
2026-07-31 00:56:57 [http]: ::1 - - [30/Jul/2026:19:26:57 +0000] "GET /api/profile HTTP/1.1" 304 - "-" "Mozilla/5.0 (Windows NT 10.0; Win64; x64) AppleWebKit/537.36 (KHTML, like Gecko) Chrome/150.0.0.0 Safari/537.36"
2026-07-31 00:56:58 [http]: ::1 - - [30/Jul/2026:19:26:58 +0000] "GET /api/documents HTTP/1.1" 304 - "-" "Mozilla/5.0 (Windows NT 10.0; Win64; x64) AppleWebKit/537.36 (KHTML, like Gecko) Chrome/150.0.0.0 Safari/537.36"
2026-07-31 00:56:59 [http]: ::1 - - [30/Jul/2026:19:26:59 +0000] "GET /api/profile HTTP/1.1" 304 - "-" "Mozilla/5.0 (Windows NT 10.0; Win64; x64) AppleWebKit/537.36 (KHTML, like Gecko) Chrome/150.0.0.0 Safari/537.36"
2026-07-31 00:59:35 [http]: ::1 - - [30/Jul/2026:19:29:35 +0000] "GET /api/profile HTTP/1.1" 304 - "-" "Mozilla/5.0 (Windows NT 10.0; Win64; x64) AppleWebKit/537.36 (KHTML, like Gecko) Chrome/150.0.0.0 Safari/537.36"
2026-07-31 00:59:35 [http]: ::1 - - [30/Jul/2026:19:29:35 +0000] "GET /api/documents HTTP/1.1" 304 - "-" "Mozilla/5.0 (Windows NT 10.0; Win64; x64) AppleWebKit/537.36 (KHTML, like Gecko) Chrome/150.0.0.0 Safari/537.36"
2026-07-31 00:59:37 [http]: ::1 - - [30/Jul/2026:19:29:37 +0000] "GET /api/profile HTTP/1.1" 304 - "-" "Mozilla/5.0 (Windows NT 10.0; Win64; x64) AppleWebKit/537.36 (KHTML, like Gecko) Chrome/150.0.0.0 Safari/537.36"
2026-07-31 01:01:36 [http]: ::1 - - [30/Jul/2026:19:31:36 +0000] "PATCH /api/profile HTTP/1.1" 200 - "-" "Mozilla/5.0 (Windows NT 10.0; Win64; x64) AppleWebKit/537.36 (KHTML, like Gecko) Chrome/150.0.0.0 Safari/537.36"
2026-07-31 01:02:49 [http]: ::1 - - [30/Jul/2026:19:32:49 +0000] "PATCH /api/profile HTTP/1.1" 200 - "-" "Mozilla/5.0 (Windows NT 10.0; Win64; x64) AppleWebKit/537.36 (KHTML, like Gecko) Chrome/150.0.0.0 Safari/537.36"
2026-07-31 01:03:17 [http]: ::1 - - [30/Jul/2026:19:33:17 +0000] "PATCH /api/profile HTTP/1.1" 200 - "-" "Mozilla/5.0 (Windows NT 10.0; Win64; x64) AppleWebKit/537.36 (KHTML, like Gecko) Chrome/150.0.0.0 Safari/537.36"
2026-07-31 01:03:38 [debug]: Batching 4 fields for AI classification...
2026-07-31 01:03:48 [debug]: AI classified field "Job Description" → summary (0.95)
2026-07-31 01:03:48 [debug]: AI classified field "Credit Card Number" → null (0.99)
2026-07-31 01:03:48 [debug]: AI classified field "CCV" → null (0.99)
2026-07-31 01:03:48 [debug]: AI classified field "Blood Group" → null (0.99)
2026-07-31 01:03:48 [http]: ::1 - - [30/Jul/2026:19:33:48 +0000] "POST /api/autofill/suggest HTTP/1.1" 200 - "-" "Mozilla/5.0 (Windows NT 10.0; Win64; x64) AppleWebKit/537.36 (KHTML, like Gecko) Chrome/150.0.0.0 Safari/537.36"
2026-07-31 01:04:24 [http]: ::1 - - [30/Jul/2026:19:34:24 +0000] "GET /uploads/6a6467241d4d7d5e933c1899/44076f79-4057-4599-b119-4817c50771a5.pdf HTTP/1.1" 200 164636 "http://127.0.0.1:5500/" "Mozilla/5.0 (Windows NT 10.0; Win64; x64) AppleWebKit/537.36 (KHTML, like Gecko) Chrome/150.0.0.0 Safari/537.36"
2026-07-31 01:10:19 [info]: ✅ MongoDB connected: ac-b1tchrv-shard-00-02.r0rqul9.mongodb.net
2026-07-31 01:10:19 [info]: 🚀 Server running on http://localhost:3001
2026-07-31 01:10:19 [info]: 📁 Uploads: C:\Users\yasht\OneDrive\Desktop\oneTap\server\uploads
2026-07-31 01:15:39 [info]: ✅ MongoDB connected: ac-b1tchrv-shard-00-00.r0rqul9.mongodb.net
2026-07-31 01:15:39 [info]: 🚀 Server running on http://localhost:3001
2026-07-31 01:15:39 [info]: 📁 Uploads: C:\Users\yasht\OneDrive\Desktop\oneTap\server\uploads
2026-07-31 01:21:55 [http]: ::1 - - [30/Jul/2026:19:51:55 +0000] "GET /api/profile HTTP/1.1" 200 - "-" "Mozilla/5.0 (Windows NT 10.0; Win64; x64) AppleWebKit/537.36 (KHTML, like Gecko) Chrome/150.0.0.0 Safari/537.36"
2026-07-31 01:21:55 [http]: ::1 - - [30/Jul/2026:19:51:55 +0000] "GET /api/documents HTTP/1.1" 304 - "-" "Mozilla/5.0 (Windows NT 10.0; Win64; x64) AppleWebKit/537.36 (KHTML, like Gecko) Chrome/150.0.0.0 Safari/537.36"
2026-07-31 01:21:57 [http]: ::1 - - [30/Jul/2026:19:51:57 +0000] "GET /api/profile HTTP/1.1" 304 - "-" "Mozilla/5.0 (Windows NT 10.0; Win64; x64) AppleWebKit/537.36 (KHTML, like Gecko) Chrome/150.0.0.0 Safari/537.36"
2026-07-31 01:22:18 [debug]: Batching 20 fields for AI classification...
2026-07-31 01:23:03 [debug]: AI classified field "Job Title" → null (1)
2026-07-31 01:23:03 [debug]: AI classified field "Company Name" → null (1)
2026-07-31 01:23:03 [debug]: AI classified field "Start Date" → null (1)
2026-07-31 01:23:03 [debug]: AI classified field "End Date" → null (1)
2026-07-31 01:23:03 [debug]: AI classified field "Job Description" → null (1)
2026-07-31 01:23:03 [debug]: AI classified field "Degree" → null (1)
2026-07-31 01:23:03 [debug]: AI classified field "Field of Study" → null (1)
2026-07-31 01:23:03 [debug]: AI classified field "University" → null (1)
2026-07-31 01:23:03 [debug]: AI classified field "Marks/GPA" → null (1)
2026-07-31 01:23:03 [debug]: AI classified field "Start Date" → null (1)
2026-07-31 01:23:03 [debug]: AI classified field "End Date" → null (1)
2026-07-31 01:23:03 [debug]: AI classified field "Credit Card Number" → null (1)
2026-07-31 01:23:03 [debug]: AI classified field "CCV" → null (1)
2026-07-31 01:23:03 [debug]: AI classified field "Favorite Color" → null (1)
2026-07-31 01:23:03 [debug]: AI classified field "Pet's Name" → null (1)
2026-07-31 01:23:03 [debug]: AI classified field "Blood Group" → null (1)
2026-07-31 01:23:03 [debug]: AI classified field "Favorite Movie" → null (1)
2026-07-31 01:23:03 [debug]: AI classified field "Zodiac Sign" → null (1)
2026-07-31 01:23:03 [debug]: AI classified field "Shoe Size" → null (1)
2026-07-31 01:23:03 [debug]: AI classified field "If you had a superpower, what would it be?" → null (0)
2026-07-31 01:23:03 [http]: ::1 - - [30/Jul/2026:19:53:03 +0000] "POST /api/autofill/suggest HTTP/1.1" 200 - "-" "Mozilla/5.0 (Windows NT 10.0; Win64; x64) AppleWebKit/537.36 (KHTML, like Gecko) Chrome/150.0.0.0 Safari/537.36"
2026-07-31 01:24:33 [http]: ::1 - - [30/Jul/2026:19:54:33 +0000] "GET /api/profile HTTP/1.1" 304 - "-" "Mozilla/5.0 (Windows NT 10.0; Win64; x64) AppleWebKit/537.36 (KHTML, like Gecko) Chrome/150.0.0.0 Safari/537.36"
2026-07-31 01:24:33 [http]: ::1 - - [30/Jul/2026:19:54:33 +0000] "GET /api/documents HTTP/1.1" 304 - "-" "Mozilla/5.0 (Windows NT 10.0; Win64; x64) AppleWebKit/537.36 (KHTML, like Gecko) Chrome/150.0.0.0 Safari/537.36"
2026-07-31 01:24:46 [http]: ::1 - - [30/Jul/2026:19:54:46 +0000] "GET /api/profile HTTP/1.1" 304 - "-" "Mozilla/5.0 (Windows NT 10.0; Win64; x64) AppleWebKit/537.36 (KHTML, like Gecko) Chrome/150.0.0.0 Safari/537.36"
2026-07-31 01:24:46 [debug]: Batching 20 fields for AI classification...
2026-07-31 01:24:46 [debug]: AI cache hit for fingerprint: f923f9dc...
2026-07-31 01:24:46 [debug]: AI cache hit for fingerprint: 4aa515de...
2026-07-31 01:24:46 [debug]: AI cache hit for fingerprint: bf7d39b4...
2026-07-31 01:24:46 [debug]: AI cache hit for fingerprint: 8c44bcea...
2026-07-31 01:24:46 [debug]: AI cache hit for fingerprint: fb88ae87...
2026-07-31 01:24:46 [debug]: AI cache hit for fingerprint: 8239a456...
2026-07-31 01:24:46 [debug]: AI cache hit for fingerprint: cb31f0cf...
2026-07-31 01:24:46 [debug]: AI cache hit for fingerprint: f5e774db...
2026-07-31 01:24:46 [debug]: AI cache hit for fingerprint: 841fcbdc...
2026-07-31 01:24:46 [debug]: AI cache hit for fingerprint: 99b7e2fd...
2026-07-31 01:24:46 [debug]: AI cache hit for fingerprint: 170bb3b9...
2026-07-31 01:24:46 [debug]: AI cache hit for fingerprint: 6726c9d4...
2026-07-31 01:24:46 [debug]: AI cache hit for fingerprint: c1d2b1a6...
2026-07-31 01:24:46 [debug]: AI cache hit for fingerprint: a1f2e745...
2026-07-31 01:24:46 [debug]: AI cache hit for fingerprint: 2e45443d...
2026-07-31 01:24:46 [debug]: AI cache hit for fingerprint: bc606236...
2026-07-31 01:24:46 [debug]: AI cache hit for fingerprint: 6c0a2474...
2026-07-31 01:24:46 [debug]: AI cache hit for fingerprint: ca696120...
2026-07-31 01:24:46 [debug]: AI cache hit for fingerprint: 939bd9b3...
2026-07-31 01:24:46 [debug]: AI cache hit for fingerprint: cf113212...
2026-07-31 01:24:46 [http]: ::1 - - [30/Jul/2026:19:54:46 +0000] "POST /api/autofill/suggest HTTP/1.1" 200 - "-" "Mozilla/5.0 (Windows NT 10.0; Win64; x64) AppleWebKit/537.36 (KHTML, like Gecko) Chrome/150.0.0.0 Safari/537.36"
2026-07-31 01:24:57 [http]: ::1 - - [30/Jul/2026:19:54:57 +0000] "GET /api/profile HTTP/1.1" 304 - "-" "Mozilla/5.0 (Windows NT 10.0; Win64; x64) AppleWebKit/537.36 (KHTML, like Gecko) Chrome/150.0.0.0 Safari/537.36"
2026-07-31 01:24:57 [debug]: Batching 20 fields for AI classification...
2026-07-31 01:24:57 [debug]: AI cache hit for fingerprint: f923f9dc...
2026-07-31 01:24:57 [debug]: AI cache hit for fingerprint: 4aa515de...
2026-07-31 01:24:57 [debug]: AI cache hit for fingerprint: bf7d39b4...
2026-07-31 01:24:57 [debug]: AI cache hit for fingerprint: 8c44bcea...
2026-07-31 01:24:57 [debug]: AI cache hit for fingerprint: fb88ae87...
2026-07-31 01:24:57 [debug]: AI cache hit for fingerprint: 8239a456...
2026-07-31 01:24:57 [debug]: AI cache hit for fingerprint: cb31f0cf...
2026-07-31 01:24:57 [debug]: AI cache hit for fingerprint: f5e774db...
2026-07-31 01:24:57 [debug]: AI cache hit for fingerprint: 841fcbdc...
2026-07-31 01:24:57 [debug]: AI cache hit for fingerprint: 99b7e2fd...
2026-07-31 01:24:57 [debug]: AI cache hit for fingerprint: 170bb3b9...
2026-07-31 01:24:57 [debug]: AI cache hit for fingerprint: 6726c9d4...
2026-07-31 01:24:57 [debug]: AI cache hit for fingerprint: c1d2b1a6...
2026-07-31 01:24:57 [debug]: AI cache hit for fingerprint: a1f2e745...
2026-07-31 01:24:57 [debug]: AI cache hit for fingerprint: 2e45443d...
2026-07-31 01:24:57 [debug]: AI cache hit for fingerprint: bc606236...
2026-07-31 01:24:57 [debug]: AI cache hit for fingerprint: 6c0a2474...
2026-07-31 01:24:57 [debug]: AI cache hit for fingerprint: ca696120...
2026-07-31 01:24:57 [debug]: AI cache hit for fingerprint: 939bd9b3...
2026-07-31 01:24:57 [debug]: AI cache hit for fingerprint: cf113212...
2026-07-31 01:24:57 [http]: ::1 - - [30/Jul/2026:19:54:57 +0000] "POST /api/autofill/suggest HTTP/1.1" 200 - "-" "Mozilla/5.0 (Windows NT 10.0; Win64; x64) AppleWebKit/537.36 (KHTML, like Gecko) Chrome/150.0.0.0 Safari/537.36"
2026-07-31 01:25:43 [http]: ::1 - - [30/Jul/2026:19:55:43 +0000] "GET /api/profile HTTP/1.1" 304 - "-" "Mozilla/5.0 (Windows NT 10.0; Win64; x64) AppleWebKit/537.36 (KHTML, like Gecko) Chrome/150.0.0.0 Safari/537.36"
2026-07-31 01:25:43 [debug]: Batching 19 fields for AI classification...
2026-07-31 01:25:58 [debug]: AI classified field "Title" → null (0.9)
2026-07-31 01:25:58 [debug]: AI classified field "Middle Initial" → middleName (0.8)
2026-07-31 01:25:58 [debug]: AI classified field "Company" → null (0.9)
2026-07-31 01:25:58 [debug]: AI classified field "Position" → null (0.9)
2026-07-31 01:25:58 [debug]: AI classified field "User ID" → null (0.9)
2026-07-31 01:25:58 [debug]: AI classified field "Password" → null (0.9)
2026-07-31 01:25:58 [debug]: AI classified field "Credit Card Type" → null (0.9)
2026-07-31 01:25:58 [debug]: AI classified field "Credit Card Number" → null (0.9)
2026-07-31 01:25:58 [debug]: AI classified field "Card Verification Code" → null (0.9)
2026-07-31 01:25:58 [debug]: AI classified field "Card Expiration Date" → null (0.9)
2026-07-31 01:25:58 [debug]: AI classified field "Card Expiration Date" → null (0.9)
2026-07-31 01:25:58 [debug]: AI classified field "Card User Name" → null (0.9)
2026-07-31 01:25:58 [debug]: AI classified field "Card Issuing Bank" → null (0.9)
2026-07-31 01:25:58 [debug]: AI classified field "Social Security Number" → null (0.9)
2026-07-31 01:25:58 [debug]: AI classified field "Age" → null (0.9)
2026-07-31 01:25:58 [debug]: AI classified field "Birth Place" → null (0.9)
2026-07-31 01:25:58 [debug]: AI classified field "Income" → null (0.9)
2026-07-31 01:25:58 [debug]: AI classified field "Custom Message" → null (0.9)
2026-07-31 01:25:58 [debug]: AI classified field "Comments" → null (0.9)
2026-07-31 01:25:58 [http]: ::1 - - [30/Jul/2026:19:55:58 +0000] "POST /api/autofill/suggest HTTP/1.1" 200 - "-" "Mozilla/5.0 (Windows NT 10.0; Win64; x64) AppleWebKit/537.36 (KHTML, like Gecko) Chrome/150.0.0.0 Safari/537.36"
2026-07-31 02:00:19 [warn]: MongoDB disconnected
2026-07-31 02:00:38 [info]: ✅ MongoDB connected: ac-b1tchrv-shard-00-00.r0rqul9.mongodb.net
2026-07-31 02:00:38 [info]: 🚀 Server running on http://localhost:3001
2026-07-31 02:00:38 [info]: 📁 Uploads: C:\Users\yasht\OneDrive\Desktop\oneTap\server\uploads
2026-07-31 02:01:00 [http]: ::1 - - [30/Jul/2026:20:31:00 +0000] "GET /api/profile HTTP/1.1" 304 - "-" "Mozilla/5.0 (Windows NT 10.0; Win64; x64) AppleWebKit/537.36 (KHTML, like Gecko) Chrome/150.0.0.0 Safari/537.36"
2026-07-31 02:01:00 [debug]: Batching 13 fields for AI classification...
2026-07-31 02:01:24 [debug]: AI classified field "Job Title" → null (0.9)
2026-07-31 02:01:24 [debug]: AI classified field "Company Name" → null (0.9)
2026-07-31 02:01:24 [debug]: AI classified field "Job Description" → null (0.9)
2026-07-31 02:01:24 [debug]: AI classified field "Marks/GPA" → null (0.9)
2026-07-31 02:01:24 [debug]: AI classified field "Credit Card Number" → null (0.9)
2026-07-31 02:01:24 [debug]: AI classified field "CCV" → null (0.9)
2026-07-31 02:01:24 [debug]: AI classified field "Favorite Color" → null (0.9)
2026-07-31 02:01:24 [debug]: AI classified field "Pet's Name" → null (0.9)
2026-07-31 02:01:24 [debug]: AI classified field "Blood Group" → null (0.9)
2026-07-31 02:01:24 [debug]: AI classified field "Favorite Movie" → null (0.9)
2026-07-31 02:01:24 [debug]: AI classified field "Zodiac Sign" → null (0.9)
2026-07-31 02:01:24 [debug]: AI classified field "Shoe Size" → null (0.9)
2026-07-31 02:01:24 [debug]: AI classified field "If you had a superpower, what would it be?" → null (0.9)
2026-07-31 02:01:24 [http]: ::1 - - [30/Jul/2026:20:31:24 +0000] "POST /api/autofill/suggest HTTP/1.1" 200 - "-" "Mozilla/5.0 (Windows NT 10.0; Win64; x64) AppleWebKit/537.36 (KHTML, like Gecko) Chrome/150.0.0.0 Safari/537.36"
2026-07-31 02:01:39 [http]: ::1 - - [30/Jul/2026:20:31:39 +0000] "GET /uploads/6a6467241d4d7d5e933c1899/44076f79-4057-4599-b119-4817c50771a5.pdf HTTP/1.1" 304 - "http://127.0.0.1:5500/" "Mozilla/5.0 (Windows NT 10.0; Win64; x64) AppleWebKit/537.36 (KHTML, like Gecko) Chrome/150.0.0.0 Safari/537.36"
2026-07-31 02:10:43 [http]: ::1 - - [30/Jul/2026:20:40:43 +0000] "GET /api/profile HTTP/1.1" 304 - "-" "Mozilla/5.0 (Windows NT 10.0; Win64; x64) AppleWebKit/537.36 (KHTML, like Gecko) Chrome/150.0.0.0 Safari/537.36"
2026-07-31 02:10:43 [debug]: Batching 13 fields for AI classification...
2026-07-31 02:10:43 [debug]: AI cache hit for fingerprint: f923f9dc...
2026-07-31 02:10:43 [debug]: AI cache hit for fingerprint: 4aa515de...
2026-07-31 02:10:43 [debug]: AI cache hit for fingerprint: fb88ae87...
2026-07-31 02:10:43 [debug]: AI cache hit for fingerprint: 841fcbdc...
2026-07-31 02:10:43 [debug]: AI cache hit for fingerprint: 6726c9d4...
2026-07-31 02:10:43 [debug]: AI cache hit for fingerprint: c1d2b1a6...
2026-07-31 02:10:43 [debug]: AI cache hit for fingerprint: a1f2e745...
2026-07-31 02:10:43 [debug]: AI cache hit for fingerprint: 2e45443d...
2026-07-31 02:10:43 [debug]: AI cache hit for fingerprint: bc606236...
2026-07-31 02:10:43 [debug]: AI cache hit for fingerprint: 6c0a2474...
2026-07-31 02:10:43 [debug]: AI cache hit for fingerprint: ca696120...
2026-07-31 02:10:43 [debug]: AI cache hit for fingerprint: 939bd9b3...
2026-07-31 02:10:43 [debug]: AI cache hit for fingerprint: cf113212...
2026-07-31 02:10:43 [http]: ::1 - - [30/Jul/2026:20:40:43 +0000] "POST /api/autofill/suggest HTTP/1.1" 200 - "-" "Mozilla/5.0 (Windows NT 10.0; Win64; x64) AppleWebKit/537.36 (KHTML, like Gecko) Chrome/150.0.0.0 Safari/537.36"
2026-07-31 02:12:40 [http]: ::1 - - [30/Jul/2026:20:42:40 +0000] "GET /api/profile HTTP/1.1" 304 - "-" "Mozilla/5.0 (Windows NT 10.0; Win64; x64) AppleWebKit/537.36 (KHTML, like Gecko) Chrome/150.0.0.0 Safari/537.36"
2026-07-31 02:12:40 [debug]: Batching 13 fields for AI classification...
2026-07-31 02:12:40 [debug]: AI cache hit for fingerprint: f923f9dc...
2026-07-31 02:12:40 [debug]: AI cache hit for fingerprint: 4aa515de...
2026-07-31 02:12:40 [debug]: AI cache hit for fingerprint: fb88ae87...
2026-07-31 02:12:40 [debug]: AI cache hit for fingerprint: 841fcbdc...
2026-07-31 02:12:40 [debug]: AI cache hit for fingerprint: 6726c9d4...
2026-07-31 02:12:40 [debug]: AI cache hit for fingerprint: c1d2b1a6...
2026-07-31 02:12:40 [debug]: AI cache hit for fingerprint: a1f2e745...
2026-07-31 02:12:40 [debug]: AI cache hit for fingerprint: 2e45443d...
2026-07-31 02:12:40 [debug]: AI cache hit for fingerprint: bc606236...
2026-07-31 02:12:40 [debug]: AI cache hit for fingerprint: 6c0a2474...
2026-07-31 02:12:40 [debug]: AI cache hit for fingerprint: ca696120...
2026-07-31 02:12:40 [debug]: AI cache hit for fingerprint: 939bd9b3...
2026-07-31 02:12:40 [debug]: AI cache hit for fingerprint: cf113212...
2026-07-31 02:12:40 [http]: ::1 - - [30/Jul/2026:20:42:40 +0000] "POST /api/autofill/suggest HTTP/1.1" 200 - "-" "Mozilla/5.0 (Windows NT 10.0; Win64; x64) AppleWebKit/537.36 (KHTML, like Gecko) Chrome/150.0.0.0 Safari/537.36"
2026-07-31 02:16:28 [http]: ::1 - - [30/Jul/2026:20:46:28 +0000] "GET /api/profile HTTP/1.1" 304 - "-" "Mozilla/5.0 (Windows NT 10.0; Win64; x64) AppleWebKit/537.36 (KHTML, like Gecko) Chrome/150.0.0.0 Safari/537.36"
2026-07-31 02:16:28 [http]: ::1 - - [30/Jul/2026:20:46:28 +0000] "GET /api/profile HTTP/1.1" 304 - "-" "Mozilla/5.0 (Windows NT 10.0; Win64; x64) AppleWebKit/537.36 (KHTML, like Gecko) Chrome/150.0.0.0 Safari/537.36"
2026-07-31 02:19:27 [http]: ::1 - - [30/Jul/2026:20:49:27 +0000] "PATCH /api/profile HTTP/1.1" 200 - "-" "Mozilla/5.0 (Windows NT 10.0; Win64; x64) AppleWebKit/537.36 (KHTML, like Gecko) Chrome/150.0.0.0 Safari/537.36"
2026-07-31 02:19:31 [http]: ::1 - - [30/Jul/2026:20:49:31 +0000] "GET /api/profile HTTP/1.1" 200 - "-" "Mozilla/5.0 (Windows NT 10.0; Win64; x64) AppleWebKit/537.36 (KHTML, like Gecko) Chrome/150.0.0.0 Safari/537.36"
2026-07-31 02:19:31 [http]: ::1 - - [30/Jul/2026:20:49:31 +0000] "GET /api/documents HTTP/1.1" 304 - "-" "Mozilla/5.0 (Windows NT 10.0; Win64; x64) AppleWebKit/537.36 (KHTML, like Gecko) Chrome/150.0.0.0 Safari/537.36"
2026-07-31 02:19:35 [http]: ::1 - - [30/Jul/2026:20:49:35 +0000] "GET /api/documents/6a646a260d50406e8e4c96b1/view?token=eyJhbGciOiJIUzI1NiIsInR5cCI6IkpXVCJ9.eyJkZXZpY2VJZCI6IjZhNjQ2NzI0MWQ0ZDdkNWU5MzNjMTg5OSIsImlhdCI6MTc4NTQzNzE0MSwiZXhwIjo0OTM5MDM3MTQxfQ.VUscuxvlwe_2dpzw2-0up4WLy4yp2eYqfexaNXienQ0 HTTP/1.1" 200 164636 "-" "Mozilla/5.0 (Windows NT 10.0; Win64; x64) AppleWebKit/537.36 (KHTML, like Gecko) Chrome/150.0.0.0 Safari/537.36"
2026-07-31 02:19:35 [http]: ::1 - - [30/Jul/2026:20:49:35 +0000] "GET /favicon.ico HTTP/1.1" 404 150 "-" "Mozilla/5.0 (Windows NT 10.0; Win64; x64) AppleWebKit/537.36 (KHTML, like Gecko) Chrome/150.0.0.0 Safari/537.36"
2026-07-31 02:20:33 [http]: ::1 - - [30/Jul/2026:20:50:33 +0000] "PATCH /api/profile HTTP/1.1" 200 - "-" "Mozilla/5.0 (Windows NT 10.0; Win64; x64) AppleWebKit/537.36 (KHTML, like Gecko) Chrome/150.0.0.0 Safari/537.36"
2026-07-31 02:21:55 [http]: ::1 - - [30/Jul/2026:20:51:55 +0000] "PATCH /api/profile HTTP/1.1" 200 - "-" "Mozilla/5.0 (Windows NT 10.0; Win64; x64) AppleWebKit/537.36 (KHTML, like Gecko) Chrome/150.0.0.0 Safari/537.36"
2026-07-31 02:22:32 [http]: ::1 - - [30/Jul/2026:20:52:32 +0000] "GET /api/profile HTTP/1.1" 200 - "-" "Mozilla/5.0 (Windows NT 10.0; Win64; x64) AppleWebKit/537.36 (KHTML, like Gecko) Chrome/150.0.0.0 Safari/537.36"
2026-07-31 02:22:32 [http]: ::1 - - [30/Jul/2026:20:52:32 +0000] "GET /api/documents HTTP/1.1" 304 - "-" "Mozilla/5.0 (Windows NT 10.0; Win64; x64) AppleWebKit/537.36 (KHTML, like Gecko) Chrome/150.0.0.0 Safari/537.36"
2026-07-31 02:22:37 [http]: ::1 - - [30/Jul/2026:20:52:37 +0000] "GET /api/profile HTTP/1.1" 304 - "-" "Mozilla/5.0 (Windows NT 10.0; Win64; x64) AppleWebKit/537.36 (KHTML, like Gecko) Chrome/150.0.0.0 Safari/537.36"
2026-07-31 02:22:37 [debug]: Batching 10 fields for AI classification...
2026-07-31 02:22:37 [debug]: AI cache hit for fingerprint: 841fcbdc...
2026-07-31 02:22:37 [debug]: AI cache hit for fingerprint: 6726c9d4...
2026-07-31 02:22:37 [debug]: AI cache hit for fingerprint: c1d2b1a6...
2026-07-31 02:22:37 [debug]: AI cache hit for fingerprint: a1f2e745...
2026-07-31 02:22:37 [debug]: AI cache hit for fingerprint: 2e45443d...
2026-07-31 02:22:37 [debug]: AI cache hit for fingerprint: bc606236...
2026-07-31 02:22:37 [debug]: AI cache hit for fingerprint: 6c0a2474...
2026-07-31 02:22:37 [debug]: AI cache hit for fingerprint: ca696120...
2026-07-31 02:22:37 [debug]: AI cache hit for fingerprint: 939bd9b3...
2026-07-31 02:22:37 [debug]: AI cache hit for fingerprint: cf113212...
2026-07-31 02:22:37 [http]: ::1 - - [30/Jul/2026:20:52:37 +0000] "POST /api/autofill/suggest HTTP/1.1" 200 - "-" "Mozilla/5.0 (Windows NT 10.0; Win64; x64) AppleWebKit/537.36 (KHTML, like Gecko) Chrome/150.0.0.0 Safari/537.36"
2026-07-31 02:25:38 [http]: ::1 - - [30/Jul/2026:20:55:38 +0000] "GET /api/profile HTTP/1.1" 304 - "-" "Mozilla/5.0 (Windows NT 10.0; Win64; x64) AppleWebKit/537.36 (KHTML, like Gecko) Chrome/150.0.0.0 Safari/537.36"
2026-07-31 02:25:38 [debug]: Batching 10 fields for AI classification...
2026-07-31 02:25:38 [debug]: AI cache hit for fingerprint: 841fcbdc...
2026-07-31 02:25:38 [debug]: AI cache hit for fingerprint: 6726c9d4...
2026-07-31 02:25:38 [debug]: AI cache hit for fingerprint: c1d2b1a6...
2026-07-31 02:25:38 [debug]: AI cache hit for fingerprint: a1f2e745...
2026-07-31 02:25:38 [debug]: AI cache hit for fingerprint: 2e45443d...
2026-07-31 02:25:38 [debug]: AI cache hit for fingerprint: bc606236...
2026-07-31 02:25:38 [debug]: AI cache hit for fingerprint: 6c0a2474...
2026-07-31 02:25:38 [debug]: AI cache hit for fingerprint: ca696120...
2026-07-31 02:25:38 [debug]: AI cache hit for fingerprint: 939bd9b3...
2026-07-31 02:25:38 [debug]: AI cache hit for fingerprint: cf113212...
2026-07-31 02:25:38 [http]: ::1 - - [30/Jul/2026:20:55:38 +0000] "POST /api/autofill/suggest HTTP/1.1" 200 - "-" "Mozilla/5.0 (Windows NT 10.0; Win64; x64) AppleWebKit/537.36 (KHTML, like Gecko) Chrome/150.0.0.0 Safari/537.36"
2026-07-31 02:26:57 [warn]: MongoDB disconnected
2026-07-31 02:26:57 [warn]: MongoDB attempt 1/5 failed: querySrv EREFUSED _mongodb._tcp.onetap.r0rqul9.mongodb.net
2026-07-31 02:26:57 [error]: Error: querySrv EREFUSED _mongodb._tcp.onetap.r0rqul9.mongodb.net
    at QueryReqWrap.onresolve [as oncomplete] (node:internal/dns/promises:293:17)
2026-07-31 02:26:58 [warn]: MongoDB disconnected
2026-07-31 02:26:58 [warn]: MongoDB attempt 2/5 failed: querySrv EREFUSED _mongodb._tcp.onetap.r0rqul9.mongodb.net
2026-07-31 02:26:58 [error]: Error: querySrv EREFUSED _mongodb._tcp.onetap.r0rqul9.mongodb.net
    at QueryReqWrap.onresolve [as oncomplete] (node:internal/dns/promises:293:17)
2026-07-31 10:17:28 [info]: ✅ MongoDB connected: ac-b1tchrv-shard-00-01.r0rqul9.mongodb.net
2026-07-31 10:17:28 [info]: 🚀 Server running on http://localhost:3001
2026-07-31 10:17:28 [info]: 📁 Uploads: C:\Users\yasht\OneDrive\Desktop\oneTap\server\uploads
2026-07-31 10:19:30 [http]: ::1 - - [31/Jul/2026:04:49:30 +0000] "GET /api/profile HTTP/1.1" 304 - "-" "Mozilla/5.0 (Windows NT 10.0; Win64; x64) AppleWebKit/537.36 (KHTML, like Gecko) Chrome/150.0.0.0 Safari/537.36"
2026-07-31 10:19:30 [http]: ::1 - - [31/Jul/2026:04:49:30 +0000] "GET /api/documents HTTP/1.1" 304 - "-" "Mozilla/5.0 (Windows NT 10.0; Win64; x64) AppleWebKit/537.36 (KHTML, like Gecko) Chrome/150.0.0.0 Safari/537.36"
2026-07-31 10:19:39 [http]: ::1 - - [31/Jul/2026:04:49:39 +0000] "GET /api/profile HTTP/1.1" 304 - "-" "Mozilla/5.0 (Windows NT 10.0; Win64; x64) AppleWebKit/537.36 (KHTML, like Gecko) Chrome/150.0.0.0 Safari/537.36"
2026-07-31 10:19:39 [http]: ::1 - - [31/Jul/2026:04:49:39 +0000] "GET /api/documents HTTP/1.1" 304 - "-" "Mozilla/5.0 (Windows NT 10.0; Win64; x64) AppleWebKit/537.36 (KHTML, like Gecko) Chrome/150.0.0.0 Safari/537.36"
2026-07-31 10:19:42 [http]: ::1 - - [31/Jul/2026:04:49:42 +0000] "GET /api/profile HTTP/1.1" 304 - "-" "Mozilla/5.0 (Windows NT 10.0; Win64; x64) AppleWebKit/537.36 (KHTML, like Gecko) Chrome/150.0.0.0 Safari/537.36"
2026-07-31 10:19:47 [http]: ::1 - - [31/Jul/2026:04:49:47 +0000] "GET /api/documents HTTP/1.1" 304 - "-" "Mozilla/5.0 (Windows NT 10.0; Win64; x64) AppleWebKit/537.36 (KHTML, like Gecko) Chrome/150.0.0.0 Safari/537.36"
2026-07-31 10:19:51 [http]: ::1 - - [31/Jul/2026:04:49:51 +0000] "GET /api/autofill/mappings HTTP/1.1" 200 30 "-" "Mozilla/5.0 (Windows NT 10.0; Win64; x64) AppleWebKit/537.36 (KHTML, like Gecko) Chrome/150.0.0.0 Safari/537.36"
2026-07-31 10:19:53 [http]: ::1 - - [31/Jul/2026:04:49:53 +0000] "GET /api/profile HTTP/1.1" 304 - "-" "Mozilla/5.0 (Windows NT 10.0; Win64; x64) AppleWebKit/537.36 (KHTML, like Gecko) Chrome/150.0.0.0 Safari/537.36"
2026-07-31 10:20:13 [http]: ::1 - - [31/Jul/2026:04:50:13 +0000] "GET /api/profile HTTP/1.1" 304 - "-" "Mozilla/5.0 (Windows NT 10.0; Win64; x64) AppleWebKit/537.36 (KHTML, like Gecko) Chrome/150.0.0.0 Safari/537.36"
2026-07-31 10:20:13 [debug]: Batching 10 fields for AI classification...
2026-07-31 10:20:31 [debug]: AI classified field "Marks/GPA" → null (0.9)
2026-07-31 10:20:31 [debug]: AI classified field "Credit Card Number" → null (0.9)
2026-07-31 10:20:31 [debug]: AI classified field "CCV" → null (0.9)
2026-07-31 10:20:31 [debug]: AI classified field "Favorite Color" → null (0.9)
2026-07-31 10:20:31 [debug]: AI classified field "Pet's Name" → null (0.9)
2026-07-31 10:20:31 [debug]: AI classified field "Blood Group" → null (0.9)
2026-07-31 10:20:31 [debug]: AI classified field "Favorite Movie" → null (0.9)
2026-07-31 10:20:31 [debug]: AI classified field "Zodiac Sign" → null (0.9)
2026-07-31 10:20:31 [debug]: AI classified field "Shoe Size" → null (0.9)
2026-07-31 10:20:31 [debug]: AI classified field "If you had a superpower, what would it be?" → null (0.9)
2026-07-31 10:20:31 [http]: ::1 - - [31/Jul/2026:04:50:31 +0000] "POST /api/autofill/suggest HTTP/1.1" 200 - "-" "Mozilla/5.0 (Windows NT 10.0; Win64; x64) AppleWebKit/537.36 (KHTML, like Gecko) Chrome/150.0.0.0 Safari/537.36"
2026-07-31 10:20:55 [http]: ::1 - - [31/Jul/2026:04:50:55 +0000] "GET /uploads/6a6467241d4d7d5e933c1899/44076f79-4057-4599-b119-4817c50771a5.pdf HTTP/1.1" 304 - "http://127.0.0.1:5500/" "Mozilla/5.0 (Windows NT 10.0; Win64; x64) AppleWebKit/537.36 (KHTML, like Gecko) Chrome/150.0.0.0 Safari/537.36"
2026-07-31 10:26:35 [http]: ::1 - - [31/Jul/2026:04:56:35 +0000] "GET /api/profile HTTP/1.1" 304 - "-" "Mozilla/5.0 (Windows NT 10.0; Win64; x64) AppleWebKit/537.36 (KHTML, like Gecko) Chrome/150.0.0.0 Safari/537.36"
2026-07-31 10:26:35 [debug]: Batching 10 fields for AI classification...
2026-07-31 10:26:35 [debug]: AI cache hit for fingerprint: 841fcbdc...
2026-07-31 10:26:35 [debug]: AI cache hit for fingerprint: 6726c9d4...
2026-07-31 10:26:35 [debug]: AI cache hit for fingerprint: c1d2b1a6...
2026-07-31 10:26:35 [debug]: AI cache hit for fingerprint: a1f2e745...
2026-07-31 10:26:35 [debug]: AI cache hit for fingerprint: 2e45443d...
2026-07-31 10:26:35 [debug]: AI cache hit for fingerprint: bc606236...
2026-07-31 10:26:35 [debug]: AI cache hit for fingerprint: 6c0a2474...
2026-07-31 10:26:35 [debug]: AI cache hit for fingerprint: ca696120...
2026-07-31 10:26:35 [debug]: AI cache hit for fingerprint: 939bd9b3...
2026-07-31 10:26:35 [debug]: AI cache hit for fingerprint: cf113212...
2026-07-31 10:26:35 [http]: ::1 - - [31/Jul/2026:04:56:35 +0000] "POST /api/autofill/suggest HTTP/1.1" 200 - "-" "Mozilla/5.0 (Windows NT 10.0; Win64; x64) AppleWebKit/537.36 (KHTML, like Gecko) Chrome/150.0.0.0 Safari/537.36"
2026-07-31 10:27:38 [http]: ::1 - - [31/Jul/2026:04:57:38 +0000] "GET /api/profile HTTP/1.1" 304 - "-" "Mozilla/5.0 (Windows NT 10.0; Win64; x64) AppleWebKit/537.36 (KHTML, like Gecko) Chrome/150.0.0.0 Safari/537.36"
2026-07-31 10:27:38 [debug]: Batching 10 fields for AI classification...
2026-07-31 10:27:38 [debug]: AI cache hit for fingerprint: 841fcbdc...
2026-07-31 10:27:38 [debug]: AI cache hit for fingerprint: 6726c9d4...
2026-07-31 10:27:38 [debug]: AI cache hit for fingerprint: c1d2b1a6...
2026-07-31 10:27:38 [debug]: AI cache hit for fingerprint: a1f2e745...
2026-07-31 10:27:38 [debug]: AI cache hit for fingerprint: 2e45443d...
2026-07-31 10:27:38 [debug]: AI cache hit for fingerprint: bc606236...
2026-07-31 10:27:38 [debug]: AI cache hit for fingerprint: 6c0a2474...
2026-07-31 10:27:38 [debug]: AI cache hit for fingerprint: ca696120...
2026-07-31 10:27:38 [debug]: AI cache hit for fingerprint: 939bd9b3...
2026-07-31 10:27:38 [debug]: AI cache hit for fingerprint: cf113212...
2026-07-31 10:27:38 [http]: ::1 - - [31/Jul/2026:04:57:38 +0000] "POST /api/autofill/suggest HTTP/1.1" 200 - "-" "Mozilla/5.0 (Windows NT 10.0; Win64; x64) AppleWebKit/537.36 (KHTML, like Gecko) Chrome/150.0.0.0 Safari/537.36"
2026-07-31 10:40:10 [http]: ::1 - - [31/Jul/2026:05:10:10 +0000] "GET /api/profile HTTP/1.1" 304 - "-" "Mozilla/5.0 (Windows NT 10.0; Win64; x64) AppleWebKit/537.36 (KHTML, like Gecko) Chrome/150.0.0.0 Safari/537.36"
2026-07-31 10:40:11 [debug]: Batching 10 fields for AI classification...
2026-07-31 10:40:11 [debug]: AI cache hit for fingerprint: 841fcbdc...
2026-07-31 10:40:11 [debug]: AI cache hit for fingerprint: 6726c9d4...
2026-07-31 10:40:11 [debug]: AI cache hit for fingerprint: c1d2b1a6...
2026-07-31 10:40:11 [debug]: AI cache hit for fingerprint: a1f2e745...
2026-07-31 10:40:11 [debug]: AI cache hit for fingerprint: 2e45443d...
2026-07-31 10:40:11 [debug]: AI cache hit for fingerprint: bc606236...
2026-07-31 10:40:11 [debug]: AI cache hit for fingerprint: 6c0a2474...
2026-07-31 10:40:11 [debug]: AI cache hit for fingerprint: ca696120...
2026-07-31 10:40:11 [debug]: AI cache hit for fingerprint: 939bd9b3...
2026-07-31 10:40:11 [debug]: AI cache hit for fingerprint: cf113212...
2026-07-31 10:40:11 [http]: ::1 - - [31/Jul/2026:05:10:11 +0000] "POST /api/autofill/suggest HTTP/1.1" 200 - "-" "Mozilla/5.0 (Windows NT 10.0; Win64; x64) AppleWebKit/537.36 (KHTML, like Gecko) Chrome/150.0.0.0 Safari/537.36"
2026-07-31 10:44:29 [http]: ::1 - - [31/Jul/2026:05:14:29 +0000] "GET /api/profile HTTP/1.1" 304 - "-" "Mozilla/5.0 (Windows NT 10.0; Win64; x64) AppleWebKit/537.36 (KHTML, like Gecko) Chrome/150.0.0.0 Safari/537.36"
2026-07-31 10:44:29 [debug]: Batching 10 fields for AI classification...
2026-07-31 10:44:29 [debug]: AI cache hit for fingerprint: 841fcbdc...
2026-07-31 10:44:29 [debug]: AI cache hit for fingerprint: 6726c9d4...
2026-07-31 10:44:29 [debug]: AI cache hit for fingerprint: c1d2b1a6...
2026-07-31 10:44:29 [debug]: AI cache hit for fingerprint: a1f2e745...
2026-07-31 10:44:29 [debug]: AI cache hit for fingerprint: 2e45443d...
2026-07-31 10:44:29 [debug]: AI cache hit for fingerprint: bc606236...
2026-07-31 10:44:29 [debug]: AI cache hit for fingerprint: 6c0a2474...
2026-07-31 10:44:29 [debug]: AI cache hit for fingerprint: ca696120...
2026-07-31 10:44:29 [debug]: AI cache hit for fingerprint: 939bd9b3...
2026-07-31 10:44:29 [debug]: AI cache hit for fingerprint: cf113212...
2026-07-31 10:44:29 [http]: ::1 - - [31/Jul/2026:05:14:29 +0000] "POST /api/autofill/suggest HTTP/1.1" 200 - "-" "Mozilla/5.0 (Windows NT 10.0; Win64; x64) AppleWebKit/537.36 (KHTML, like Gecko) Chrome/150.0.0.0 Safari/537.36"
2026-07-31 10:51:05 [http]: ::1 - - [31/Jul/2026:05:21:05 +0000] "GET /api/profile HTTP/1.1" 304 - "-" "Mozilla/5.0 (Windows NT 10.0; Win64; x64) AppleWebKit/537.36 (KHTML, like Gecko) Chrome/150.0.0.0 Safari/537.36"
2026-07-31 10:51:05 [debug]: Batching 10 fields for AI classification...
2026-07-31 10:51:05 [debug]: AI cache hit for fingerprint: 841fcbdc...
2026-07-31 10:51:05 [debug]: AI cache hit for fingerprint: 6726c9d4...
2026-07-31 10:51:05 [debug]: AI cache hit for fingerprint: c1d2b1a6...
2026-07-31 10:51:05 [debug]: AI cache hit for fingerprint: a1f2e745...
2026-07-31 10:51:05 [debug]: AI cache hit for fingerprint: 2e45443d...
2026-07-31 10:51:05 [debug]: AI cache hit for fingerprint: bc606236...
2026-07-31 10:51:05 [debug]: AI cache hit for fingerprint: 6c0a2474...
2026-07-31 10:51:05 [debug]: AI cache hit for fingerprint: ca696120...
2026-07-31 10:51:05 [debug]: AI cache hit for fingerprint: 939bd9b3...
2026-07-31 10:51:05 [debug]: AI cache hit for fingerprint: cf113212...
2026-07-31 10:51:05 [http]: ::1 - - [31/Jul/2026:05:21:05 +0000] "POST /api/autofill/suggest HTTP/1.1" 200 - "-" "Mozilla/5.0 (Windows NT 10.0; Win64; x64) AppleWebKit/537.36 (KHTML, like Gecko) Chrome/150.0.0.0 Safari/537.36"
2026-07-31 10:51:37 [http]: ::1 - - [31/Jul/2026:05:21:37 +0000] "GET /api/profile HTTP/1.1" 304 - "-" "Mozilla/5.0 (Windows NT 10.0; Win64; x64) AppleWebKit/537.36 (KHTML, like Gecko) Chrome/150.0.0.0 Safari/537.36"
2026-07-31 10:51:39 [debug]: Batching 10 fields for AI classification...
2026-07-31 10:51:39 [debug]: AI cache hit for fingerprint: 841fcbdc...
2026-07-31 10:51:39 [debug]: AI cache hit for fingerprint: 6726c9d4...
2026-07-31 10:51:39 [debug]: AI cache hit for fingerprint: c1d2b1a6...
2026-07-31 10:51:39 [debug]: AI cache hit for fingerprint: a1f2e745...
2026-07-31 10:51:39 [debug]: AI cache hit for fingerprint: 2e45443d...
2026-07-31 10:51:39 [debug]: AI cache hit for fingerprint: bc606236...
2026-07-31 10:51:39 [debug]: AI cache hit for fingerprint: 6c0a2474...
2026-07-31 10:51:39 [debug]: AI cache hit for fingerprint: ca696120...
2026-07-31 10:51:39 [debug]: AI cache hit for fingerprint: 939bd9b3...
2026-07-31 10:51:39 [debug]: AI cache hit for fingerprint: cf113212...
2026-07-31 10:51:39 [http]: ::1 - - [31/Jul/2026:05:21:39 +0000] "POST /api/autofill/suggest HTTP/1.1" 200 - "-" "Mozilla/5.0 (Windows NT 10.0; Win64; x64) AppleWebKit/537.36 (KHTML, like Gecko) Chrome/150.0.0.0 Safari/537.36"
2026-07-31 10:58:34 [http]: ::1 - - [31/Jul/2026:05:28:34 +0000] "GET /api/profile HTTP/1.1" 304 - "-" "Mozilla/5.0 (Windows NT 10.0; Win64; x64) AppleWebKit/537.36 (KHTML, like Gecko) Chrome/150.0.0.0 Safari/537.36"
2026-07-31 10:58:36 [debug]: Batching 10 fields for AI classification...
2026-07-31 10:58:36 [debug]: AI cache hit for fingerprint: 841fcbdc...
2026-07-31 10:58:36 [debug]: AI cache hit for fingerprint: 6726c9d4...
2026-07-31 10:58:36 [debug]: AI cache hit for fingerprint: c1d2b1a6...
2026-07-31 10:58:36 [debug]: AI cache hit for fingerprint: a1f2e745...
2026-07-31 10:58:36 [debug]: AI cache hit for fingerprint: 2e45443d...
2026-07-31 10:58:36 [debug]: AI cache hit for fingerprint: bc606236...
2026-07-31 10:58:36 [debug]: AI cache hit for fingerprint: 6c0a2474...
2026-07-31 10:58:36 [debug]: AI cache hit for fingerprint: ca696120...
2026-07-31 10:58:36 [debug]: AI cache hit for fingerprint: 939bd9b3...
2026-07-31 10:58:36 [debug]: AI cache hit for fingerprint: cf113212...
2026-07-31 10:58:36 [http]: ::1 - - [31/Jul/2026:05:28:36 +0000] "POST /api/autofill/suggest HTTP/1.1" 200 - "-" "Mozilla/5.0 (Windows NT 10.0; Win64; x64) AppleWebKit/537.36 (KHTML, like Gecko) Chrome/150.0.0.0 Safari/537.36"
2026-07-31 10:59:46 [http]: ::1 - - [31/Jul/2026:05:29:46 +0000] "GET /api/profile HTTP/1.1" 304 - "-" "Mozilla/5.0 (Windows NT 10.0; Win64; x64) AppleWebKit/537.36 (KHTML, like Gecko) Chrome/150.0.0.0 Safari/537.36"
2026-07-31 10:59:47 [debug]: Batching 10 fields for AI classification...
2026-07-31 10:59:47 [debug]: AI cache hit for fingerprint: 841fcbdc...
2026-07-31 10:59:47 [debug]: AI cache hit for fingerprint: 6726c9d4...
2026-07-31 10:59:47 [debug]: AI cache hit for fingerprint: c1d2b1a6...
2026-07-31 10:59:48 [debug]: AI cache hit for fingerprint: a1f2e745...
2026-07-31 10:59:48 [debug]: AI cache hit for fingerprint: 2e45443d...
2026-07-31 10:59:48 [debug]: AI cache hit for fingerprint: bc606236...
2026-07-31 10:59:48 [debug]: AI cache hit for fingerprint: 6c0a2474...
2026-07-31 10:59:48 [debug]: AI cache hit for fingerprint: ca696120...
2026-07-31 10:59:48 [debug]: AI cache hit for fingerprint: 939bd9b3...
2026-07-31 10:59:48 [debug]: AI cache hit for fingerprint: cf113212...
2026-07-31 10:59:48 [http]: ::1 - - [31/Jul/2026:05:29:48 +0000] "POST /api/autofill/suggest HTTP/1.1" 200 - "-" "Mozilla/5.0 (Windows NT 10.0; Win64; x64) AppleWebKit/537.36 (KHTML, like Gecko) Chrome/150.0.0.0 Safari/537.36"
2026-07-31 11:00:14 [http]: ::1 - - [31/Jul/2026:05:30:14 +0000] "GET /api/profile HTTP/1.1" 304 - "-" "Mozilla/5.0 (Windows NT 10.0; Win64; x64) AppleWebKit/537.36 (KHTML, like Gecko) Chrome/150.0.0.0 Safari/537.36"
2026-07-31 11:00:50 [http]: ::1 - - [31/Jul/2026:05:30:50 +0000] "PATCH /api/profile HTTP/1.1" 200 - "-" "Mozilla/5.0 (Windows NT 10.0; Win64; x64) AppleWebKit/537.36 (KHTML, like Gecko) Chrome/150.0.0.0 Safari/537.36"
2026-07-31 11:00:57 [http]: ::1 - - [31/Jul/2026:05:30:57 +0000] "GET /api/profile HTTP/1.1" 200 - "-" "Mozilla/5.0 (Windows NT 10.0; Win64; x64) AppleWebKit/537.36 (KHTML, like Gecko) Chrome/150.0.0.0 Safari/537.36"
2026-07-31 11:00:59 [debug]: Batching 10 fields for AI classification...
2026-07-31 11:00:59 [debug]: AI cache hit for fingerprint: 841fcbdc...
2026-07-31 11:00:59 [debug]: AI cache hit for fingerprint: 6726c9d4...
2026-07-31 11:00:59 [debug]: AI cache hit for fingerprint: c1d2b1a6...
2026-07-31 11:00:59 [debug]: AI cache hit for fingerprint: a1f2e745...
2026-07-31 11:00:59 [debug]: AI cache hit for fingerprint: 2e45443d...
2026-07-31 11:00:59 [debug]: AI cache hit for fingerprint: bc606236...
2026-07-31 11:00:59 [debug]: AI cache hit for fingerprint: 6c0a2474...
2026-07-31 11:00:59 [debug]: AI cache hit for fingerprint: ca696120...
2026-07-31 11:00:59 [debug]: AI cache hit for fingerprint: 939bd9b3...
2026-07-31 11:00:59 [debug]: AI cache hit for fingerprint: cf113212...
2026-07-31 11:00:59 [http]: ::1 - - [31/Jul/2026:05:30:59 +0000] "POST /api/autofill/suggest HTTP/1.1" 200 - "-" "Mozilla/5.0 (Windows NT 10.0; Win64; x64) AppleWebKit/537.36 (KHTML, like Gecko) Chrome/150.0.0.0 Safari/537.36"
2026-07-31 11:01:18 [http]: ::1 - - [31/Jul/2026:05:31:18 +0000] "GET /api/profile HTTP/1.1" 304 - "-" "Mozilla/5.0 (Windows NT 10.0; Win64; x64) AppleWebKit/537.36 (KHTML, like Gecko) Chrome/150.0.0.0 Safari/537.36"
2026-07-31 11:01:19 [debug]: Batching 10 fields for AI classification...
2026-07-31 11:01:19 [debug]: AI cache hit for fingerprint: 841fcbdc...
2026-07-31 11:01:19 [debug]: AI cache hit for fingerprint: 6726c9d4...
2026-07-31 11:01:19 [debug]: AI cache hit for fingerprint: c1d2b1a6...
2026-07-31 11:01:19 [debug]: AI cache hit for fingerprint: a1f2e745...
2026-07-31 11:01:19 [debug]: AI cache hit for fingerprint: 2e45443d...
2026-07-31 11:01:19 [debug]: AI cache hit for fingerprint: bc606236...
2026-07-31 11:01:19 [debug]: AI cache hit for fingerprint: 6c0a2474...
2026-07-31 11:01:19 [debug]: AI cache hit for fingerprint: ca696120...
2026-07-31 11:01:19 [debug]: AI cache hit for fingerprint: 939bd9b3...
2026-07-31 11:01:19 [debug]: AI cache hit for fingerprint: cf113212...
2026-07-31 11:01:19 [http]: ::1 - - [31/Jul/2026:05:31:19 +0000] "POST /api/autofill/suggest HTTP/1.1" 200 - "-" "Mozilla/5.0 (Windows NT 10.0; Win64; x64) AppleWebKit/537.36 (KHTML, like Gecko) Chrome/150.0.0.0 Safari/537.36"
2026-07-31 11:01:42 [http]: ::1 - - [31/Jul/2026:05:31:42 +0000] "GET /api/profile HTTP/1.1" 304 - "-" "Mozilla/5.0 (Windows NT 10.0; Win64; x64) AppleWebKit/537.36 (KHTML, like Gecko) Chrome/150.0.0.0 Safari/537.36"
2026-07-31 11:04:23 [http]: ::1 - - [31/Jul/2026:05:34:23 +0000] "PATCH /api/profile HTTP/1.1" 200 - "-" "Mozilla/5.0 (Windows NT 10.0; Win64; x64) AppleWebKit/537.36 (KHTML, like Gecko) Chrome/150.0.0.0 Safari/537.36"
2026-07-31 11:05:03 [http]: ::1 - - [31/Jul/2026:05:35:03 +0000] "GET /api/profile HTTP/1.1" 200 - "-" "Mozilla/5.0 (Windows NT 10.0; Win64; x64) AppleWebKit/537.36 (KHTML, like Gecko) Chrome/150.0.0.0 Safari/537.36"
2026-07-31 11:05:03 [debug]: Batching 10 fields for AI classification...
2026-07-31 11:05:03 [debug]: AI cache hit for fingerprint: 841fcbdc...
2026-07-31 11:05:03 [debug]: AI cache hit for fingerprint: 6726c9d4...
2026-07-31 11:05:03 [debug]: AI cache hit for fingerprint: c1d2b1a6...
2026-07-31 11:05:03 [debug]: AI cache hit for fingerprint: a1f2e745...
2026-07-31 11:05:03 [debug]: AI cache hit for fingerprint: 2e45443d...
2026-07-31 11:05:03 [debug]: AI cache hit for fingerprint: bc606236...
2026-07-31 11:05:03 [debug]: AI cache hit for fingerprint: 6c0a2474...
2026-07-31 11:05:03 [debug]: AI cache hit for fingerprint: ca696120...
2026-07-31 11:05:03 [debug]: AI cache hit for fingerprint: 939bd9b3...
2026-07-31 11:05:03 [debug]: AI cache hit for fingerprint: cf113212...
2026-07-31 11:05:03 [http]: ::1 - - [31/Jul/2026:05:35:03 +0000] "POST /api/autofill/suggest HTTP/1.1" 200 - "-" "Mozilla/5.0 (Windows NT 10.0; Win64; x64) AppleWebKit/537.36 (KHTML, like Gecko) Chrome/150.0.0.0 Safari/537.36"
2026-07-31 11:05:28 [http]: ::1 - - [31/Jul/2026:05:35:28 +0000] "GET /api/profile HTTP/1.1" 304 - "-" "Mozilla/5.0 (Windows NT 10.0; Win64; x64) AppleWebKit/537.36 (KHTML, like Gecko) Chrome/150.0.0.0 Safari/537.36"
2026-07-31 11:05:28 [http]: ::1 - - [31/Jul/2026:05:35:28 +0000] "GET /api/documents HTTP/1.1" 304 - "-" "Mozilla/5.0 (Windows NT 10.0; Win64; x64) AppleWebKit/537.36 (KHTML, like Gecko) Chrome/150.0.0.0 Safari/537.36"
2026-07-31 11:05:30 [http]: ::1 - - [31/Jul/2026:05:35:30 +0000] "GET /api/profile HTTP/1.1" 304 - "-" "Mozilla/5.0 (Windows NT 10.0; Win64; x64) AppleWebKit/537.36 (KHTML, like Gecko) Chrome/150.0.0.0 Safari/537.36"
2026-07-31 11:07:31 [http]: ::1 - - [31/Jul/2026:05:37:31 +0000] "PATCH /api/profile HTTP/1.1" 200 - "-" "Mozilla/5.0 (Windows NT 10.0; Win64; x64) AppleWebKit/537.36 (KHTML, like Gecko) Chrome/150.0.0.0 Safari/537.36"
2026-07-31 11:07:40 [http]: ::1 - - [31/Jul/2026:05:37:40 +0000] "GET /api/profile HTTP/1.1" 200 - "-" "Mozilla/5.0 (Windows NT 10.0; Win64; x64) AppleWebKit/537.36 (KHTML, like Gecko) Chrome/150.0.0.0 Safari/537.36"
2026-07-31 11:07:41 [debug]: Batching 10 fields for AI classification...
2026-07-31 11:07:41 [debug]: AI cache hit for fingerprint: 841fcbdc...
2026-07-31 11:07:41 [debug]: AI cache hit for fingerprint: 6726c9d4...
2026-07-31 11:07:41 [debug]: AI cache hit for fingerprint: c1d2b1a6...
2026-07-31 11:07:41 [debug]: AI cache hit for fingerprint: a1f2e745...
2026-07-31 11:07:41 [debug]: AI cache hit for fingerprint: 2e45443d...
2026-07-31 11:07:41 [debug]: AI cache hit for fingerprint: bc606236...
2026-07-31 11:07:41 [debug]: AI cache hit for fingerprint: 6c0a2474...
2026-07-31 11:07:41 [debug]: AI cache hit for fingerprint: ca696120...
2026-07-31 11:07:41 [debug]: AI cache hit for fingerprint: 939bd9b3...
2026-07-31 11:07:41 [debug]: AI cache hit for fingerprint: cf113212...
2026-07-31 11:07:41 [http]: ::1 - - [31/Jul/2026:05:37:41 +0000] "POST /api/autofill/suggest HTTP/1.1" 200 - "-" "Mozilla/5.0 (Windows NT 10.0; Win64; x64) AppleWebKit/537.36 (KHTML, like Gecko) Chrome/150.0.0.0 Safari/537.36"
2026-07-31 11:09:03 [http]: ::1 - - [31/Jul/2026:05:39:03 +0000] "GET /api/profile HTTP/1.1" 304 - "-" "Mozilla/5.0 (Windows NT 10.0; Win64; x64) AppleWebKit/537.36 (KHTML, like Gecko) Chrome/150.0.0.0 Safari/537.36"
2026-07-31 11:09:03 [http]: ::1 - - [31/Jul/2026:05:39:03 +0000] "GET /api/documents HTTP/1.1" 304 - "-" "Mozilla/5.0 (Windows NT 10.0; Win64; x64) AppleWebKit/537.36 (KHTML, like Gecko) Chrome/150.0.0.0 Safari/537.36"
2026-07-31 11:09:05 [http]: ::1 - - [31/Jul/2026:05:39:05 +0000] "GET /api/profile HTTP/1.1" 304 - "-" "Mozilla/5.0 (Windows NT 10.0; Win64; x64) AppleWebKit/537.36 (KHTML, like Gecko) Chrome/150.0.0.0 Safari/537.36"
2026-07-31 11:09:34 [http]: ::1 - - [31/Jul/2026:05:39:34 +0000] "PATCH /api/profile HTTP/1.1" 200 - "-" "Mozilla/5.0 (Windows NT 10.0; Win64; x64) AppleWebKit/537.36 (KHTML, like Gecko) Chrome/150.0.0.0 Safari/537.36"
2026-07-31 11:09:42 [http]: ::1 - - [31/Jul/2026:05:39:42 +0000] "GET /api/profile HTTP/1.1" 200 - "-" "Mozilla/5.0 (Windows NT 10.0; Win64; x64) AppleWebKit/537.36 (KHTML, like Gecko) Chrome/150.0.0.0 Safari/537.36"
2026-07-31 11:09:44 [debug]: Batching 10 fields for AI classification...
2026-07-31 11:09:44 [debug]: AI cache hit for fingerprint: 841fcbdc...
2026-07-31 11:09:44 [debug]: AI cache hit for fingerprint: 6726c9d4...
2026-07-31 11:09:44 [debug]: AI cache hit for fingerprint: c1d2b1a6...
2026-07-31 11:09:44 [debug]: AI cache hit for fingerprint: a1f2e745...
2026-07-31 11:09:44 [debug]: AI cache hit for fingerprint: 2e45443d...
2026-07-31 11:09:44 [debug]: AI cache hit for fingerprint: bc606236...
2026-07-31 11:09:44 [debug]: AI cache hit for fingerprint: 6c0a2474...
2026-07-31 11:09:44 [debug]: AI cache hit for fingerprint: ca696120...
2026-07-31 11:09:44 [debug]: AI cache hit for fingerprint: 939bd9b3...
2026-07-31 11:09:44 [debug]: AI cache hit for fingerprint: cf113212...
2026-07-31 11:09:44 [http]: ::1 - - [31/Jul/2026:05:39:44 +0000] "POST /api/autofill/suggest HTTP/1.1" 200 - "-" "Mozilla/5.0 (Windows NT 10.0; Win64; x64) AppleWebKit/537.36 (KHTML, like Gecko) Chrome/150.0.0.0 Safari/537.36"
2026-07-31 11:10:03 [http]: ::1 - - [31/Jul/2026:05:40:03 +0000] "GET /api/profile HTTP/1.1" 304 - "-" "Mozilla/5.0 (Windows NT 10.0; Win64; x64) AppleWebKit/537.36 (KHTML, like Gecko) Chrome/150.0.0.0 Safari/537.36"
2026-07-31 11:13:31 [http]: ::1 - - [31/Jul/2026:05:43:31 +0000] "GET /api/profile HTTP/1.1" 304 - "-" "Mozilla/5.0 (Windows NT 10.0; Win64; x64) AppleWebKit/537.36 (KHTML, like Gecko) Chrome/150.0.0.0 Safari/537.36"
2026-07-31 11:13:31 [debug]: Batching 9 fields for AI classification...
2026-07-31 11:13:31 [debug]: AI cache hit for fingerprint: 6726c9d4...
2026-07-31 11:13:31 [debug]: AI cache hit for fingerprint: c1d2b1a6...
2026-07-31 11:13:31 [debug]: AI cache hit for fingerprint: a1f2e745...
2026-07-31 11:13:31 [debug]: AI cache hit for fingerprint: 2e45443d...
2026-07-31 11:13:31 [debug]: AI cache hit for fingerprint: bc606236...
2026-07-31 11:13:31 [debug]: AI cache hit for fingerprint: 6c0a2474...
2026-07-31 11:13:31 [debug]: AI cache hit for fingerprint: ca696120...
2026-07-31 11:13:31 [debug]: AI cache hit for fingerprint: 939bd9b3...
2026-07-31 11:13:31 [debug]: AI cache hit for fingerprint: cf113212...
2026-07-31 11:13:31 [http]: ::1 - - [31/Jul/2026:05:43:31 +0000] "POST /api/autofill/suggest HTTP/1.1" 200 - "-" "Mozilla/5.0 (Windows NT 10.0; Win64; x64) AppleWebKit/537.36 (KHTML, like Gecko) Chrome/150.0.0.0 Safari/537.36"
2026-07-31 11:13:42 [http]: ::1 - - [31/Jul/2026:05:43:42 +0000] "GET /api/profile HTTP/1.1" 304 - "-" "Mozilla/5.0 (Windows NT 10.0; Win64; x64) AppleWebKit/537.36 (KHTML, like Gecko) Chrome/150.0.0.0 Safari/537.36"
2026-07-31 11:13:43 [http]: ::1 - - [31/Jul/2026:05:43:43 +0000] "GET /api/documents HTTP/1.1" 304 - "-" "Mozilla/5.0 (Windows NT 10.0; Win64; x64) AppleWebKit/537.36 (KHTML, like Gecko) Chrome/150.0.0.0 Safari/537.36"
2026-07-31 11:13:44 [http]: ::1 - - [31/Jul/2026:05:43:44 +0000] "GET /api/profile HTTP/1.1" 304 - "-" "Mozilla/5.0 (Windows NT 10.0; Win64; x64) AppleWebKit/537.36 (KHTML, like Gecko) Chrome/150.0.0.0 Safari/537.36"
2026-07-31 11:14:11 [http]: ::1 - - [31/Jul/2026:05:44:11 +0000] "PATCH /api/profile HTTP/1.1" 200 - "-" "Mozilla/5.0 (Windows NT 10.0; Win64; x64) AppleWebKit/537.36 (KHTML, like Gecko) Chrome/150.0.0.0 Safari/537.36"
2026-07-31 11:14:19 [http]: ::1 - - [31/Jul/2026:05:44:19 +0000] "GET /api/profile HTTP/1.1" 200 - "-" "Mozilla/5.0 (Windows NT 10.0; Win64; x64) AppleWebKit/537.36 (KHTML, like Gecko) Chrome/150.0.0.0 Safari/537.36"
2026-07-31 11:14:19 [debug]: Batching 9 fields for AI classification...
2026-07-31 11:14:19 [debug]: AI cache hit for fingerprint: 6726c9d4...
2026-07-31 11:14:19 [debug]: AI cache hit for fingerprint: c1d2b1a6...
2026-07-31 11:14:19 [debug]: AI cache hit for fingerprint: a1f2e745...
2026-07-31 11:14:19 [debug]: AI cache hit for fingerprint: 2e45443d...
2026-07-31 11:14:19 [debug]: AI cache hit for fingerprint: bc606236...
2026-07-31 11:14:19 [debug]: AI cache hit for fingerprint: 6c0a2474...
2026-07-31 11:14:19 [debug]: AI cache hit for fingerprint: ca696120...
2026-07-31 11:14:19 [debug]: AI cache hit for fingerprint: 939bd9b3...
2026-07-31 11:14:19 [debug]: AI cache hit for fingerprint: cf113212...
2026-07-31 11:14:19 [http]: ::1 - - [31/Jul/2026:05:44:19 +0000] "POST /api/autofill/suggest HTTP/1.1" 200 - "-" "Mozilla/5.0 (Windows NT 10.0; Win64; x64) AppleWebKit/537.36 (KHTML, like Gecko) Chrome/150.0.0.0 Safari/537.36"
2026-07-31 11:16:47 [http]: ::1 - - [31/Jul/2026:05:46:47 +0000] "GET /api/profile HTTP/1.1" 304 - "-" "Mozilla/5.0 (Windows NT 10.0; Win64; x64) AppleWebKit/537.36 (KHTML, like Gecko) Chrome/150.0.0.0 Safari/537.36"
2026-07-31 11:16:47 [debug]: Batching 16 fields for AI classification...
2026-07-31 11:17:05 [debug]: AI classified field "Title" → null (0.9)
2026-07-31 11:17:05 [debug]: AI classified field "Middle Initial" → middleName (0.8)
2026-07-31 11:17:05 [debug]: AI classified field "User ID" → null (0.9)
2026-07-31 11:17:05 [debug]: AI classified field "Password" → null (0.9)
2026-07-31 11:17:05 [debug]: AI classified field "Credit Card Type" → null (0.9)
2026-07-31 11:17:05 [debug]: AI classified field "Credit Card Number" → null (0.9)
2026-07-31 11:17:05 [debug]: AI classified field "Card Verification Code" → null (0.9)
2026-07-31 11:17:05 [debug]: AI classified field "Card Expiration Date" → null (0.9)
2026-07-31 11:17:05 [debug]: AI classified field "Card Expiration Date" → null (0.9)
2026-07-31 11:17:05 [debug]: AI classified field "Card User Name" → null (0.9)
2026-07-31 11:17:05 [debug]: AI classified field "Card Issuing Bank" → null (0.9)
2026-07-31 11:17:05 [debug]: AI classified field "Social Security Number" → null (0.9)
2026-07-31 11:17:05 [debug]: AI classified field "Birth Place" → null (0.9)
2026-07-31 11:17:05 [debug]: AI classified field "Income" → null (0.9)
2026-07-31 11:17:05 [debug]: AI classified field "Custom Message" → null (0.9)
2026-07-31 11:17:05 [debug]: AI classified field "Comments" → null (0.9)
2026-07-31 11:17:05 [http]: ::1 - - [31/Jul/2026:05:47:05 +0000] "POST /api/autofill/suggest HTTP/1.1" 200 - "-" "Mozilla/5.0 (Windows NT 10.0; Win64; x64) AppleWebKit/537.36 (KHTML, like Gecko) Chrome/150.0.0.0 Safari/537.36"
2026-07-31 11:21:11 [http]: ::1 - - [31/Jul/2026:05:51:11 +0000] "GET /api/profile HTTP/1.1" 304 - "-" "Mozilla/5.0 (Windows NT 10.0; Win64; x64) AppleWebKit/537.36 (KHTML, like Gecko) Chrome/150.0.0.0 Safari/537.36"
2026-07-31 11:21:11 [debug]: Batching 9 fields for AI classification...
2026-07-31 11:21:11 [debug]: AI cache hit for fingerprint: 6726c9d4...
2026-07-31 11:21:11 [debug]: AI cache hit for fingerprint: c1d2b1a6...
2026-07-31 11:21:11 [debug]: AI cache hit for fingerprint: a1f2e745...
2026-07-31 11:21:11 [debug]: AI cache hit for fingerprint: 2e45443d...
2026-07-31 11:21:11 [debug]: AI cache hit for fingerprint: bc606236...
2026-07-31 11:21:11 [debug]: AI cache hit for fingerprint: 6c0a2474...
2026-07-31 11:21:11 [debug]: AI cache hit for fingerprint: ca696120...
2026-07-31 11:21:11 [debug]: AI cache hit for fingerprint: 939bd9b3...
2026-07-31 11:21:11 [debug]: AI cache hit for fingerprint: cf113212...
2026-07-31 11:21:11 [http]: ::1 - - [31/Jul/2026:05:51:11 +0000] "POST /api/autofill/suggest HTTP/1.1" 200 - "-" "Mozilla/5.0 (Windows NT 10.0; Win64; x64) AppleWebKit/537.36 (KHTML, like Gecko) Chrome/150.0.0.0 Safari/537.36"
2026-07-31 11:26:48 [http]: ::1 - - [31/Jul/2026:05:56:48 +0000] "GET /api/profile HTTP/1.1" 304 - "-" "Mozilla/5.0 (Windows NT 10.0; Win64; x64) AppleWebKit/537.36 (KHTML, like Gecko) Chrome/150.0.0.0 Safari/537.36"
2026-07-31 11:26:49 [debug]: Batching 9 fields for AI classification...
2026-07-31 11:26:49 [debug]: AI cache hit for fingerprint: 6726c9d4...
2026-07-31 11:26:49 [debug]: AI cache hit for fingerprint: c1d2b1a6...
2026-07-31 11:26:49 [debug]: AI cache hit for fingerprint: a1f2e745...
2026-07-31 11:26:49 [debug]: AI cache hit for fingerprint: 2e45443d...
2026-07-31 11:26:49 [debug]: AI cache hit for fingerprint: bc606236...
2026-07-31 11:26:49 [debug]: AI cache hit for fingerprint: 6c0a2474...
2026-07-31 11:26:49 [debug]: AI cache hit for fingerprint: ca696120...
2026-07-31 11:26:49 [debug]: AI cache hit for fingerprint: 939bd9b3...
2026-07-31 11:26:49 [debug]: AI cache hit for fingerprint: cf113212...
2026-07-31 11:26:49 [http]: ::1 - - [31/Jul/2026:05:56:49 +0000] "POST /api/autofill/suggest HTTP/1.1" 200 - "-" "Mozilla/5.0 (Windows NT 10.0; Win64; x64) AppleWebKit/537.36 (KHTML, like Gecko) Chrome/150.0.0.0 Safari/537.36"
2026-07-31 11:31:37 [http]: ::1 - - [31/Jul/2026:06:01:37 +0000] "GET /api/profile HTTP/1.1" 304 - "-" "Mozilla/5.0 (Windows NT 10.0; Win64; x64) AppleWebKit/537.36 (KHTML, like Gecko) Chrome/150.0.0.0 Safari/537.36"
2026-07-31 11:31:37 [debug]: Batching 9 fields for AI classification...
2026-07-31 11:31:37 [debug]: AI cache hit for fingerprint: 6726c9d4...
2026-07-31 11:31:37 [debug]: AI cache hit for fingerprint: c1d2b1a6...
2026-07-31 11:31:37 [debug]: AI cache hit for fingerprint: a1f2e745...
2026-07-31 11:31:37 [debug]: AI cache hit for fingerprint: 2e45443d...
2026-07-31 11:31:37 [debug]: AI cache hit for fingerprint: bc606236...
2026-07-31 11:31:37 [debug]: AI cache hit for fingerprint: 6c0a2474...
2026-07-31 11:31:37 [debug]: AI cache hit for fingerprint: ca696120...
2026-07-31 11:31:37 [debug]: AI cache hit for fingerprint: 939bd9b3...
2026-07-31 11:31:37 [debug]: AI cache hit for fingerprint: cf113212...
2026-07-31 11:31:37 [http]: ::1 - - [31/Jul/2026:06:01:37 +0000] "POST /api/autofill/suggest HTTP/1.1" 200 - "-" "Mozilla/5.0 (Windows NT 10.0; Win64; x64) AppleWebKit/537.36 (KHTML, like Gecko) Chrome/150.0.0.0 Safari/537.36"
2026-07-31 11:35:08 [http]: ::1 - - [31/Jul/2026:06:05:08 +0000] "GET /api/profile HTTP/1.1" 304 - "-" "Mozilla/5.0 (Windows NT 10.0; Win64; x64) AppleWebKit/537.36 (KHTML, like Gecko) Chrome/150.0.0.0 Safari/537.36"
2026-07-31 11:35:08 [debug]: Batching 9 fields for AI classification...
2026-07-31 11:35:08 [debug]: AI cache hit for fingerprint: 6726c9d4...
2026-07-31 11:35:08 [debug]: AI cache hit for fingerprint: c1d2b1a6...
2026-07-31 11:35:08 [debug]: AI cache hit for fingerprint: a1f2e745...
2026-07-31 11:35:08 [debug]: AI cache hit for fingerprint: 2e45443d...
2026-07-31 11:35:08 [debug]: AI cache hit for fingerprint: bc606236...
2026-07-31 11:35:08 [debug]: AI cache hit for fingerprint: 6c0a2474...
2026-07-31 11:35:08 [debug]: AI cache hit for fingerprint: ca696120...
2026-07-31 11:35:08 [debug]: AI cache hit for fingerprint: 939bd9b3...
2026-07-31 11:35:08 [debug]: AI cache hit for fingerprint: cf113212...
2026-07-31 11:35:08 [http]: ::1 - - [31/Jul/2026:06:05:08 +0000] "POST /api/autofill/suggest HTTP/1.1" 200 - "-" "Mozilla/5.0 (Windows NT 10.0; Win64; x64) AppleWebKit/537.36 (KHTML, like Gecko) Chrome/150.0.0.0 Safari/537.36"
2026-07-31 11:35:48 [http]: ::1 - - [31/Jul/2026:06:05:48 +0000] "GET /api/profile HTTP/1.1" 304 - "-" "Mozilla/5.0 (Windows NT 10.0; Win64; x64) AppleWebKit/537.36 (KHTML, like Gecko) Chrome/150.0.0.0 Safari/537.36"
2026-07-31 11:35:48 [debug]: Batching 9 fields for AI classification...
2026-07-31 11:35:48 [debug]: AI cache hit for fingerprint: 6726c9d4...
2026-07-31 11:35:48 [debug]: AI cache hit for fingerprint: c1d2b1a6...
2026-07-31 11:35:48 [debug]: AI cache hit for fingerprint: a1f2e745...
2026-07-31 11:35:48 [debug]: AI cache hit for fingerprint: 2e45443d...
2026-07-31 11:35:48 [debug]: AI cache hit for fingerprint: bc606236...
2026-07-31 11:35:48 [debug]: AI cache hit for fingerprint: 6c0a2474...
2026-07-31 11:35:48 [debug]: AI cache hit for fingerprint: ca696120...
2026-07-31 11:35:48 [debug]: AI cache hit for fingerprint: 939bd9b3...
2026-07-31 11:35:48 [debug]: AI cache hit for fingerprint: cf113212...
2026-07-31 11:35:48 [http]: ::1 - - [31/Jul/2026:06:05:48 +0000] "POST /api/autofill/suggest HTTP/1.1" 200 - "-" "Mozilla/5.0 (Windows NT 10.0; Win64; x64) AppleWebKit/537.36 (KHTML, like Gecko) Chrome/150.0.0.0 Safari/537.36"
2026-07-31 11:39:01 [http]: ::1 - - [31/Jul/2026:06:09:01 +0000] "GET /api/profile HTTP/1.1" 304 - "-" "Mozilla/5.0 (Windows NT 10.0; Win64; x64) AppleWebKit/537.36 (KHTML, like Gecko) Chrome/150.0.0.0 Safari/537.36"
2026-07-31 11:39:02 [debug]: Batching 9 fields for AI classification...
2026-07-31 11:39:02 [debug]: AI cache hit for fingerprint: 6726c9d4...
2026-07-31 11:39:02 [debug]: AI cache hit for fingerprint: c1d2b1a6...
2026-07-31 11:39:02 [debug]: AI cache hit for fingerprint: a1f2e745...
2026-07-31 11:39:02 [debug]: AI cache hit for fingerprint: 2e45443d...
2026-07-31 11:39:02 [debug]: AI cache hit for fingerprint: bc606236...
2026-07-31 11:39:02 [debug]: AI cache hit for fingerprint: 6c0a2474...
2026-07-31 11:39:02 [debug]: AI cache hit for fingerprint: ca696120...
2026-07-31 11:39:02 [debug]: AI cache hit for fingerprint: 939bd9b3...
2026-07-31 11:39:02 [debug]: AI cache hit for fingerprint: cf113212...
2026-07-31 11:39:02 [http]: ::1 - - [31/Jul/2026:06:09:02 +0000] "POST /api/autofill/suggest HTTP/1.1" 200 - "-" "Mozilla/5.0 (Windows NT 10.0; Win64; x64) AppleWebKit/537.36 (KHTML, like Gecko) Chrome/150.0.0.0 Safari/537.36"
2026-07-31 11:40:57 [http]: ::1 - - [31/Jul/2026:06:10:57 +0000] "GET /api/profile HTTP/1.1" 304 - "-" "Mozilla/5.0 (Windows NT 10.0; Win64; x64) AppleWebKit/537.36 (KHTML, like Gecko) Chrome/150.0.0.0 Safari/537.36"
2026-07-31 11:40:58 [debug]: Batching 9 fields for AI classification...
2026-07-31 11:40:58 [debug]: AI cache hit for fingerprint: 6726c9d4...
2026-07-31 11:40:58 [debug]: AI cache hit for fingerprint: c1d2b1a6...
2026-07-31 11:40:58 [debug]: AI cache hit for fingerprint: a1f2e745...
2026-07-31 11:40:58 [debug]: AI cache hit for fingerprint: 2e45443d...
2026-07-31 11:40:58 [debug]: AI cache hit for fingerprint: bc606236...
2026-07-31 11:40:58 [debug]: AI cache hit for fingerprint: 6c0a2474...
2026-07-31 11:40:58 [debug]: AI cache hit for fingerprint: ca696120...
2026-07-31 11:40:58 [debug]: AI cache hit for fingerprint: 939bd9b3...
2026-07-31 11:40:58 [debug]: AI cache hit for fingerprint: cf113212...
2026-07-31 11:40:58 [http]: ::1 - - [31/Jul/2026:06:10:58 +0000] "POST /api/autofill/suggest HTTP/1.1" 200 - "-" "Mozilla/5.0 (Windows NT 10.0; Win64; x64) AppleWebKit/537.36 (KHTML, like Gecko) Chrome/150.0.0.0 Safari/537.36"
2026-07-31 11:41:57 [http]: ::1 - - [31/Jul/2026:06:11:57 +0000] "GET /uploads/6a6467241d4d7d5e933c1899/44076f79-4057-4599-b119-4817c50771a5.pdf HTTP/1.1" 304 - "http://127.0.0.1:5500/" "Mozilla/5.0 (Windows NT 10.0; Win64; x64) AppleWebKit/537.36 (KHTML, like Gecko) Chrome/150.0.0.0 Safari/537.36"
2026-07-31 11:52:20 [http]: ::1 - - [31/Jul/2026:06:22:20 +0000] "GET /api/profile HTTP/1.1" 304 - "-" "Mozilla/5.0 (Windows NT 10.0; Win64; x64) AppleWebKit/537.36 (KHTML, like Gecko) Chrome/150.0.0.0 Safari/537.36"
2026-07-31 11:52:20 [http]: ::1 - - [31/Jul/2026:06:22:20 +0000] "GET /api/documents HTTP/1.1" 304 - "-" "Mozilla/5.0 (Windows NT 10.0; Win64; x64) AppleWebKit/537.36 (KHTML, like Gecko) Chrome/150.0.0.0 Safari/537.36"
2026-07-31 11:52:22 [http]: ::1 - - [31/Jul/2026:06:22:22 +0000] "GET /api/profile HTTP/1.1" 304 - "-" "Mozilla/5.0 (Windows NT 10.0; Win64; x64) AppleWebKit/537.36 (KHTML, like Gecko) Chrome/150.0.0.0 Safari/537.36"
2026-07-31 11:52:41 [http]: ::1 - - [31/Jul/2026:06:22:41 +0000] "GET /api/profile HTTP/1.1" 304 - "-" "Mozilla/5.0 (Windows NT 10.0; Win64; x64) AppleWebKit/537.36 (KHTML, like Gecko) Chrome/150.0.0.0 Safari/537.36"
2026-07-31 11:52:41 [http]: ::1 - - [31/Jul/2026:06:22:41 +0000] "GET /api/documents HTTP/1.1" 304 - "-" "Mozilla/5.0 (Windows NT 10.0; Win64; x64) AppleWebKit/537.36 (KHTML, like Gecko) Chrome/150.0.0.0 Safari/537.36"
2026-07-31 11:53:02 [http]: ::1 - - [31/Jul/2026:06:23:02 +0000] "GET /api/profile HTTP/1.1" 304 - "-" "Mozilla/5.0 (Windows NT 10.0; Win64; x64) AppleWebKit/537.36 (KHTML, like Gecko) Chrome/150.0.0.0 Safari/537.36"
2026-07-31 11:53:02 [http]: ::1 - - [31/Jul/2026:06:23:02 +0000] "GET /api/documents HTTP/1.1" 304 - "-" "Mozilla/5.0 (Windows NT 10.0; Win64; x64) AppleWebKit/537.36 (KHTML, like Gecko) Chrome/150.0.0.0 Safari/537.36"
2026-07-31 11:55:06 [http]: ::1 - - [31/Jul/2026:06:25:06 +0000] "GET /api/profile HTTP/1.1" 304 - "-" "Mozilla/5.0 (Windows NT 10.0; Win64; x64) AppleWebKit/537.36 (KHTML, like Gecko) Chrome/150.0.0.0 Safari/537.36"
2026-07-31 11:55:06 [http]: ::1 - - [31/Jul/2026:06:25:06 +0000] "GET /api/documents HTTP/1.1" 304 - "-" "Mozilla/5.0 (Windows NT 10.0; Win64; x64) AppleWebKit/537.36 (KHTML, like Gecko) Chrome/150.0.0.0 Safari/537.36"
2026-07-31 11:55:43 [http]: ::1 - - [31/Jul/2026:06:25:43 +0000] "GET /api/documents/6a64cce10ff9b2ca025bc13f/view?token=eyJhbGciOiJIUzI1NiIsInR5cCI6IkpXVCJ9.eyJkZXZpY2VJZCI6IjZhNjQ2NzI0MWQ0ZDdkNWU5MzNjMTg5OSIsImlhdCI6MTc4NTQzNzE0MSwiZXhwIjo0OTM5MDM3MTQxfQ.VUscuxvlwe_2dpzw2-0up4WLy4yp2eYqfexaNXienQ0 HTTP/1.1" 200 17408 "-" "Mozilla/5.0 (Windows NT 10.0; Win64; x64) AppleWebKit/537.36 (KHTML, like Gecko) Chrome/150.0.0.0 Safari/537.36"
2026-07-31 11:55:44 [http]: ::1 - - [31/Jul/2026:06:25:44 +0000] "GET /favicon.ico HTTP/1.1" 404 150 "-" "Mozilla/5.0 (Windows NT 10.0; Win64; x64) AppleWebKit/537.36 (KHTML, like Gecko) Chrome/150.0.0.0 Safari/537.36"
2026-07-31 11:57:09 [http]: ::1 - - [31/Jul/2026:06:27:09 +0000] "GET /api/profile HTTP/1.1" 304 - "-" "Mozilla/5.0 (Windows NT 10.0; Win64; x64) AppleWebKit/537.36 (KHTML, like Gecko) Chrome/150.0.0.0 Safari/537.36"
2026-07-31 11:57:09 [http]: ::1 - - [31/Jul/2026:06:27:09 +0000] "GET /api/documents HTTP/1.1" 304 - "-" "Mozilla/5.0 (Windows NT 10.0; Win64; x64) AppleWebKit/537.36 (KHTML, like Gecko) Chrome/150.0.0.0 Safari/537.36"
2026-07-31 11:57:27 [http]: ::1 - - [31/Jul/2026:06:27:27 +0000] "GET /api/profile HTTP/1.1" 304 - "-" "Mozilla/5.0 (Windows NT 10.0; Win64; x64) AppleWebKit/537.36 (KHTML, like Gecko) Chrome/150.0.0.0 Safari/537.36"
2026-07-31 11:59:22 [http]: ::1 - - [31/Jul/2026:06:29:22 +0000] "GET /api/profile HTTP/1.1" 304 - "-" "Mozilla/5.0 (Windows NT 10.0; Win64; x64) AppleWebKit/537.36 (KHTML, like Gecko) Chrome/150.0.0.0 Safari/537.36"
2026-07-31 11:59:22 [http]: ::1 - - [31/Jul/2026:06:29:22 +0000] "GET /api/documents HTTP/1.1" 304 - "-" "Mozilla/5.0 (Windows NT 10.0; Win64; x64) AppleWebKit/537.36 (KHTML, like Gecko) Chrome/150.0.0.0 Safari/537.36"
2026-07-31 11:59:26 [http]: ::1 - - [31/Jul/2026:06:29:26 +0000] "GET /api/documents/6a646a260d50406e8e4c96b1/view?token=eyJhbGciOiJIUzI1NiIsInR5cCI6IkpXVCJ9.eyJkZXZpY2VJZCI6IjZhNjQ2NzI0MWQ0ZDdkNWU5MzNjMTg5OSIsImlhdCI6MTc4NTQzNzE0MSwiZXhwIjo0OTM5MDM3MTQxfQ.VUscuxvlwe_2dpzw2-0up4WLy4yp2eYqfexaNXienQ0 HTTP/1.1" 304 - "-" "Mozilla/5.0 (Windows NT 10.0; Win64; x64) AppleWebKit/537.36 (KHTML, like Gecko) Chrome/150.0.0.0 Safari/537.36"
2026-07-31 11:59:26 [http]: ::1 - - [31/Jul/2026:06:29:26 +0000] "GET /favicon.ico HTTP/1.1" 404 150 "-" "Mozilla/5.0 (Windows NT 10.0; Win64; x64) AppleWebKit/537.36 (KHTML, like Gecko) Chrome/150.0.0.0 Safari/537.36"
2026-07-31 12:03:26 [http]: ::1 - - [31/Jul/2026:06:33:26 +0000] "PATCH /api/profile HTTP/1.1" 200 - "-" "Mozilla/5.0 (Windows NT 10.0; Win64; x64) AppleWebKit/537.36 (KHTML, like Gecko) Chrome/150.0.0.0 Safari/537.36"
2026-07-31 12:03:32 [http]: ::1 - - [31/Jul/2026:06:33:32 +0000] "GET /api/profile HTTP/1.1" 200 - "-" "Mozilla/5.0 (Windows NT 10.0; Win64; x64) AppleWebKit/537.36 (KHTML, like Gecko) Chrome/150.0.0.0 Safari/537.36"
2026-07-31 12:03:32 [http]: ::1 - - [31/Jul/2026:06:33:32 +0000] "GET /api/documents HTTP/1.1" 304 - "-" "Mozilla/5.0 (Windows NT 10.0; Win64; x64) AppleWebKit/537.36 (KHTML, like Gecko) Chrome/150.0.0.0 Safari/537.36"
2026-07-31 12:04:51 [http]: ::1 - - [31/Jul/2026:06:34:51 +0000] "GET /api/profile HTTP/1.1" 304 - "-" "Mozilla/5.0 (Windows NT 10.0; Win64; x64) AppleWebKit/537.36 (KHTML, like Gecko) Chrome/150.0.0.0 Safari/537.36"
2026-07-31 12:04:51 [http]: ::1 - - [31/Jul/2026:06:34:51 +0000] "GET /api/documents HTTP/1.1" 304 - "-" "Mozilla/5.0 (Windows NT 10.0; Win64; x64) AppleWebKit/537.36 (KHTML, like Gecko) Chrome/150.0.0.0 Safari/537.36"
2026-07-31 12:05:11 [http]: ::1 - - [31/Jul/2026:06:35:11 +0000] "GET /api/profile HTTP/1.1" 304 - "-" "Mozilla/5.0 (Windows NT 10.0; Win64; x64) AppleWebKit/537.36 (KHTML, like Gecko) Chrome/150.0.0.0 Safari/537.36"
2026-07-31 12:05:11 [debug]: Batching 9 fields for AI classification...
2026-07-31 12:05:11 [debug]: AI cache hit for fingerprint: 6726c9d4...
2026-07-31 12:05:11 [debug]: AI cache hit for fingerprint: c1d2b1a6...
2026-07-31 12:05:11 [debug]: AI cache hit for fingerprint: a1f2e745...
2026-07-31 12:05:11 [debug]: AI cache hit for fingerprint: 2e45443d...
2026-07-31 12:05:11 [debug]: AI cache hit for fingerprint: bc606236...
2026-07-31 12:05:11 [debug]: AI cache hit for fingerprint: 6c0a2474...
2026-07-31 12:05:11 [debug]: AI cache hit for fingerprint: ca696120...
2026-07-31 12:05:11 [debug]: AI cache hit for fingerprint: 939bd9b3...
2026-07-31 12:05:11 [debug]: AI cache hit for fingerprint: cf113212...
2026-07-31 12:05:11 [http]: ::1 - - [31/Jul/2026:06:35:11 +0000] "POST /api/autofill/suggest HTTP/1.1" 200 - "-" "Mozilla/5.0 (Windows NT 10.0; Win64; x64) AppleWebKit/537.36 (KHTML, like Gecko) Chrome/150.0.0.0 Safari/537.36"
2026-07-31 12:09:07 [http]: ::1 - - [31/Jul/2026:06:39:07 +0000] "GET /api/profile HTTP/1.1" 304 - "-" "Mozilla/5.0 (Windows NT 10.0; Win64; x64) AppleWebKit/537.36 (KHTML, like Gecko) Chrome/150.0.0.0 Safari/537.36"
2026-07-31 12:09:07 [http]: ::1 - - [31/Jul/2026:06:39:07 +0000] "GET /api/documents HTTP/1.1" 304 - "-" "Mozilla/5.0 (Windows NT 10.0; Win64; x64) AppleWebKit/537.36 (KHTML, like Gecko) Chrome/150.0.0.0 Safari/537.36"
2026-07-31 12:09:36 [http]: ::1 - - [31/Jul/2026:06:39:36 +0000] "GET /api/profile HTTP/1.1" 304 - "-" "Mozilla/5.0 (Windows NT 10.0; Win64; x64) AppleWebKit/537.36 (KHTML, like Gecko) Chrome/150.0.0.0 Safari/537.36"
2026-07-31 12:09:36 [debug]: Batching 9 fields for AI classification...
2026-07-31 12:09:36 [debug]: AI cache hit for fingerprint: 6726c9d4...
2026-07-31 12:09:36 [debug]: AI cache hit for fingerprint: c1d2b1a6...
2026-07-31 12:09:36 [debug]: AI cache hit for fingerprint: a1f2e745...
2026-07-31 12:09:36 [debug]: AI cache hit for fingerprint: 2e45443d...
2026-07-31 12:09:36 [debug]: AI cache hit for fingerprint: bc606236...
2026-07-31 12:09:36 [debug]: AI cache hit for fingerprint: 6c0a2474...
2026-07-31 12:09:36 [debug]: AI cache hit for fingerprint: ca696120...
2026-07-31 12:09:36 [debug]: AI cache hit for fingerprint: 939bd9b3...
2026-07-31 12:09:36 [debug]: AI cache hit for fingerprint: cf113212...
2026-07-31 12:09:36 [http]: ::1 - - [31/Jul/2026:06:39:36 +0000] "POST /api/autofill/suggest HTTP/1.1" 200 - "-" "Mozilla/5.0 (Windows NT 10.0; Win64; x64) AppleWebKit/537.36 (KHTML, like Gecko) Chrome/150.0.0.0 Safari/537.36"
2026-07-31 12:19:15 [http]: ::1 - - [31/Jul/2026:06:49:15 +0000] "GET /api/profile HTTP/1.1" 304 - "-" "Mozilla/5.0 (Windows NT 10.0; Win64; x64) AppleWebKit/537.36 (KHTML, like Gecko) Chrome/150.0.0.0 Safari/537.36"
2026-07-31 12:19:15 [http]: ::1 - - [31/Jul/2026:06:49:15 +0000] "GET /api/documents HTTP/1.1" 304 - "-" "Mozilla/5.0 (Windows NT 10.0; Win64; x64) AppleWebKit/537.36 (KHTML, like Gecko) Chrome/150.0.0.0 Safari/537.36"
2026-07-31 12:19:24 [http]: ::1 - - [31/Jul/2026:06:49:24 +0000] "GET /api/documents HTTP/1.1" 304 - "-" "Mozilla/5.0 (Windows NT 10.0; Win64; x64) AppleWebKit/537.36 (KHTML, like Gecko) Chrome/150.0.0.0 Safari/537.36"
